돌발일시,관리기관,도로타입,도로번호,도로명,방향,돌발구분,돌발상세구분,돌발내용,X,Y,링크아이디,돌발종료일시,요일,요일구분
2024-11-06 14:30,한국도로공사,고속국도,35.0,중부고속도로,하남 방향,교통사고,사고,"(2차로,갓길)화물차관련사고처리중",127.3555,37.3089,2340606100,-,Wednesday,평일
2024-11-06 19:57,한국도로공사,고속국도,35.0,중부고속도로,남이 방향,공사,작업,(갓길)리모델링아스콘포장작업중,127.4375,36.7088,2840156600,-,Wednesday,평일
2024-11-06 5:34,한국도로공사,고속국도,100.0,수도권제1순환고속도로,판교-구리 방향,기타돌발,차량증가/정체,차량증가/정체,127.1581,37.5819,2210114900,-,Wednesday,평일
2024-11-07 13:28,국도통합센터,일반국도,21.0,국도21호선,남원 방향,공사,시설물보수작업,,126.57287,36.38721,2870026004,2024-11-07 16:50,Thursday,평일
2024-11-07 16:18,한국도로공사,고속국도,37.0,제2중부고속도로,이천 방향,기타돌발,차량증가/정체,차량증가/정체,127.3073,37.4068,2340606500,-,Thursday,평일
2024-11-07 8:13,한국도로공사,고속국도,50.0,영동고속도로,강릉 방향,기타돌발,차량증가/정체,차량증가/정체,126.9928,37.3178,2007022500,-,Thursday,평일
2024-11-07 8:59,한국도로공사,고속국도,50.0,영동고속도로,강릉 방향,공사,작업,(진출로2차로)시설물보수작업종료,126.8372,37.3478,2160017300,2024-11-07 16:24,Thursday,평일
2024-11-08 16:24,경찰청,도시고속국도,44.0,북부간선도대로,,교통사고,사고,<사고> 북부간선도로 월릉JC 하월곡IC 1차로  고장 차량  서울청,127.061597,37.613497,1070078000,2024-11-08 16:54,Friday,평일
2024-11-08 17:15,한국도로공사,고속국도,30.0,당진대전선,당진 방향,기타돌발,차량증가/정체,차량증가/정체,126.7591,36.714,2980031402,-,Friday,평일
2024-11-08 19:05,한국도로공사,고속국도,1.0,경부고속도로,서울 방향,교통사고,사고,(1차로)승용차관련사고처리중,129.049,35.3707,3880407700,-,Friday,평일
2024-11-08 6:14,한국도로공사,고속국도,25.0,호남고속도로,순천 방향,기타돌발,고장,(갓길)고장차처리중,127.1029,36.0413,3080422000,-,Friday,평일
2024-11-08 8:32,한국도로공사,고속국도,100.0,수도권제1순환고속도로,판교-구리 방향,공사,작업,(진입로1차로)교량보수작업중,127.1551,37.5994,2210002801,-,Friday,평일
2024-11-09 15:42,한국도로공사,고속국도,100.0,수도권제1순환고속도로,판교-일산 방향,기타돌발,장애물,(차로교대)낙하물처리중,127.1164,37.4094,2040410400,-,Saturday,주말
2024-11-09 17:01,한국도로공사,고속국도,100.0,수도권제1순환고속도로,판교-구리 방향,기타돌발,차량증가/정체,고양분기점부근(63K)-사패산터널(49K)14km정체,126.8644,37.6682,2180388401,-,Saturday,주말
2024-11-09 19:05,한국도로공사,고속국도,10.0,남해고속도로,순천 방향,기타,이벤트/홍보,**(순천방향)남자화장실이용불가**,127.9569,35.0532,3840463600,-,Saturday,주말
2024-11-09 5:59,한국도로공사,고속국도,10.0,남해고속도로,순천 방향,기상,안개,"안개""주의""",128.6479,35.2749,4140159100,-,Saturday,주말
2024-11-09 6:42,한국도로공사,고속국도,1.0,경부고속도로,부산 방향,기타돌발,고장,(1차로)동물조심종료,129.0808,35.4563,3880025203,2024-11-09 7:01,Saturday,주말
2024-11-09 8:22,한국도로공사,고속국도,40.0,평택제천고속도로,평택 방향,기타돌발,차량증가/정체,차량증가/정체,127.142,37.0366,2310028700,-,Saturday,주말
2024-11-09 8:59,경찰청,국가지원지방도,98.0,고양대로,,공사,작업,<공사> 지방도310호선 원당역앞교차로 원당지하차도 주의운전 공사 - 고양시 고양대로 원당역 앞 교차로에서 원당지하차도구간 중간지점 하위차로가 공사관계로 차단되어 있음. -,126.841706,37.653472,2180016301,2024-11-09 9:29,Saturday,주말
2024-11-10 13:49,한국도로공사,고속국도,35.0,중부고속도로,남이 방향,기타돌발,차량증가/정체,차량증가/정체,127.4201,36.6047,2710002501,-,Sunday,주말
2024-11-10 17:27,한국도로공사,고속국도,55.0,중앙고속도로,부산 방향,기타돌발,차량증가/정체,차량증가/정체,128.1857,37.0713,2730015301,-,Sunday,주말
2024-11-10 9:08,경찰청,국가지원지방도,98.0,고양대로,,공사,작업,<공사> 고양대로 성사IC 원당역앞교차로 1차로 주의운전 도로공사 -,126.843222,37.653053,2180015701,2024-11-10 18:00,Sunday,주말
2024-11-11 0:18,한국도로공사,고속국도,55.0,중앙고속도로,춘천 방향,기상,안개,"안개""주의""",128.5308,36.8523,3560010100,-,Monday,평일
2024-11-11 10:06,한국도로공사,고속국도,50.0,영동고속도로,강릉 방향,기타돌발,고장,(3차로)승용차고장처리중,128.8066,37.7589,2520013901,-,Monday,평일
2024-11-11 17:24,한국도로공사,고속국도,251.0,호남지선,논산 방향,교통사고,사고,(1차로)승용차관련사고처완료,127.4089,36.4054,1860011002,2024-11-11 17:28,Monday,평일
2024-11-11 9:15,한국도로공사,고속국도,15.0,서해안고속도로,서울 방향,공사,작업,(2차로)터널내열화부보수작업중,126.4908,35.0155,3390259200,-,Monday,평일
2024-11-12 14:16,한국도로공사,고속국도,1.0,경부고속도로,부산 방향,공사,작업,(5차로)청소작업중,127.0846,37.1421,2230344200,-,Tuesday,평일
2024-11-12 17:25,한국도로공사,고속국도,104.0,남해고속도로제2지선,김해 방향,기타돌발,차량증가/정체,차량증가/정체,128.8056,35.1987,3850005200,-,Tuesday,평일
2024-11-12 17:25,한국도로공사,고속국도,1.0,경부고속도로,서울 방향,기타돌발,차량증가/정체,차량증가/정체,129.0932,35.2466,1400005900,-,Tuesday,평일
2024-11-12 19:54,한국도로공사,고속국도,100.0,수도권제1순환고속도로,판교-구리 방향,기타돌발,차량증가/정체,차량증가/정체,127.1697,37.5153,2270002301,-,Tuesday,평일
2024-11-12 3:02,한국도로공사,고속국도,55.0,중앙고속도로,부산 방향,기상,안개,"안개""주의""",128.5341,36.0991,3690023600,-,Tuesday,평일
2024-11-12 7:54,한국도로공사,고속국도,1.0,경부고속도로,부산 방향,공사,작업,(갓길)국방광대역망구축작업중,127.9893,36.2108,2770321300,-,Tuesday,평일
2024-11-13 10:30,경찰청,시군도,0.0,시청대로,,공사,작업,<공사> 진등2길 남원주ic 치악휴게소 308.0k-307.2k 2차로 주의운전 도로공사 -,127.963807,37.314352,2510090000,2024-11-13 18:00,Wednesday,평일
2024-11-13 15:38,한국도로공사,고속국도,100.0,수도권제1순환고속도로,판교-구리 방향,공사,작업,(갓길)이동청소작업중,127.1753,37.5587,1240003600,-,Wednesday,평일
2024-11-13 20:06,한국도로공사,고속국도,45.0,중부내륙고속도로,양평 방향,공사,작업,(1차로)문성1교교면보수작업중,127.7178,37.0927,2720965200,-,Wednesday,평일
2024-11-13 20:08,한국도로공사,고속국도,45.0,중부내륙고속도로,양평 방향,공사,작업,(1차로)장고개터널전기공사작업중(다공종),127.8483,36.9614,2720963800,-,Wednesday,평일
2024-11-13 20:39,한국도로공사,고속국도,100.0,수도권제1순환고속도로,판교-구리 방향,공사,작업,"송추IC(51K)-사패산터널(45K)(1,2차로)구조물보수보강작업",126.973,37.712,2350530200,-,Wednesday,평일
2024-11-13 22:00,경찰청,도시고속국도,51.0,분당내곡간도시고속화도대로,분당 방향,공사,작업,<공사> 분당내곡간도시고속화도로 구룡터널內 분당 2차로 [공사]터널내부 SKT장비안전점검 / 장소:분당내곡간고속도로 분당방향 구룡터널內 / 부분통제 유지보수  서울청,127.062538,37.472051,1220041100,2024-11-14 4:00,Wednesday,평일
2024-11-13 7:16,한국도로공사,고속국도,55.0,중앙고속도로,부산 방향,공사,작업,(1차로)가드레일보수작업중,127.8252,37.7128,2570015702,-,Wednesday,평일
2024-11-14 10:05,한국도로공사,고속국도,50.0,영동고속도로,강릉 방향,기타돌발,고장,(갓길)고장차처리중,128.7743,37.669,2520010101,-,Thursday,평일
2024-11-14 10:24,경찰청,지방도,1136.0,노형대로,무수천교차로 방향,교통사고,사고,"<사고> 노형로 해안마을 해안동23903 주의운전 사고 - 노형로, 해안육교 - 무수천교차로 방향, 무수천주유소 앞 2차로 승용차 화물차 접촉사고, 수습전, 주의운전. -",126.45207,33.46305,4050005704,2024-11-14 10:54,Thursday,평일
2024-11-14 13:11,한국도로공사,고속국도,10.0,남해고속도로,부산 방향,공사,작업,(1차로)중분대배수구청소작업중,128.585,35.2886,4140171400,-,Thursday,평일
2024-11-14 20:59,한국도로공사,고속국도,1.0,경부고속도로,서울 방향,공사,작업,(5차로)안전간판설치작업중,127.0961,37.1798,2330025903,-,Thursday,평일
2024-11-14 22:27,한국도로공사,고속국도,35.0,통영대전고속도로,통영 방향,기타돌발,고장,(갓길)승용차고장처리중,127.509,36.1451,2920013502,-,Thursday,평일
2024-11-14 6:41,한국도로공사,고속국도,104.0,남해고속도로제2지선,서부산 방향,기타돌발,고장,"(4차로,갓길)화물차고장처리완료",128.965,35.1537,1440068000,2024-11-14 6:57,Thursday,평일
2024-11-14 8:03,국도통합센터,일반국도,3.0,국도3호선,남해 방향,공사,시설물보수작업,,127.93153,36.92655,2720016702,2024-11-14 17:09,Thursday,평일
2024-11-15 10:37,한국도로공사,고속국도,40.0,평택제천고속도로,제천 방향,기타돌발,고장,(갓길)대형화물차고장처리중,127.6341,36.9968,2810050403,-,Friday,평일
2024-11-15 12:28,경찰청,지방도,1118.0,남조대로,,기상,기상,"<기상> 남조로 제주시서귀포시 수망리산1821 주의운전 기상 - 남조로, 교래사거리 -붉은오름 구간, 안개주의  -",126.683887,33.399496,4060475600,2024-11-15 12:58,Friday,평일
2024-11-15 13:33,경찰청,시군도,0.0,전룡대로,서신교사거리 방향,공사,작업,<공사> 전룡로 서신동7492 서신교 주의운전 공사 - 전룡로 서신초등학교에서 서신교사거리  방향 서신교사거리 못간지점 1차로 막고 공사.  -,127.127665,35.829329,3050123404,2024-11-15 14:03,Friday,평일
2024-11-15 17:43,한국도로공사,고속국도,100.0,수도권제1순환고속도로,판교-구리 방향,기타돌발,고장,(갓길)승용차고장처리중,127.0999,37.4073,2060010900,-,Friday,평일
2024-11-15 18:24,한국도로공사,고속국도,1.0,경부고속도로,부산 방향,기타돌발,차량증가/정체,차량증가/정체,128.678,35.8964,1510044300,-,Friday,평일
2024-11-15 22:08,한국도로공사,고속국도,1.0,경부고속도로,서울 방향,기타돌발,고장,(갓길)승용차고장처리중,127.104,37.2263,2440077500,-,Friday,평일
2024-11-15 23:07,한국도로공사,고속국도,40.0,평택제천고속도로,제천 방향,기타돌발,고장,(갓길)고장차처리중,127.2375,36.9817,2310207400,-,Friday,평일
2024-11-15 7:40,경찰청,특별광역시도,0.0,우산대로,,공사,작업,<공사> 우산로 우산동88613 우산동8934 1차로 주의운전 도로공사 -,126.814374,35.152208,1790067402,2024-11-15 18:00,Friday,평일
2024-11-15 9:28,경찰청,특별광역시도,0.0,무네미대로,서창분기점 방향,공사,작업,"<공사> 무네미로 장수사거리 장승백이사거리 주의운전 공사 -  무네미로 장수나들목에서 서창분기점방향, 장수고가교 중간 지점 하위차로 막고 작업차량 한대 세워두고 작업 중.  -",126.745624,37.449404,1650018000,2024-11-15 9:58,Friday,평일
2024-11-16 17:40,경찰청,특별광역시도,0.0,월계대로,,교통사고,사고,<사고> 월계로 서울장월초등학교 월계2교앞 4차로  교통사고  서울청,127.0488,37.623597,1070021604,2024-11-16 18:10,Saturday,주말
2024-11-16 18:04,한국도로공사,고속국도,1.0,경부고속도로,부산 방향,기타돌발,고장,(진입로갓길)승용차고장처리중,127.9904,36.2108,2770321300,-,Saturday,주말
2024-11-17 11:01,한국도로공사,고속국도,15.0,서해안고속도로,목포 방향,기타돌발,차량증가/정체,차량증가/정체,126.8969,37.2767,2330061400,-,Sunday,주말
2024-11-17 11:27,경찰청,시군도,0.0,숲속노을대로,,공사,작업,<공사> 숲속노을로 신도산업 신도시부동산 3차로 주의운전 노변 유지보수 -,126.713372,37.715575,2290655501,2024-11-17 18:00,Sunday,주말
2024-11-17 14:15,한국도로공사,고속국도,35.0,중부고속도로,남이 방향,기타돌발,차량증가/정체,차량증가/정체,127.2134,37.5311,2270005500,-,Sunday,주말
2024-11-17 16:12,한국도로공사,고속국도,45.0,중부내륙고속도로,양평 방향,기타돌발,차량증가/정체,차량증가/정체,128.2359,36.3576,3580008302,-,Sunday,주말
2024-11-17 8:46,경찰청,도시고속국도,61.0,동부간선도대로,성남 방향,공사,작업,<공사> 동부간선도로 수서IC 자곡IC 1차로 시설물보수 분당수서로 수서→복정 성남 방향 -,127.107067,37.487507,1220341800,2024-11-17 9:16,Sunday,주말
2024-11-18 10:40,한국도로공사,고속국도,102.0,남해고속도로제1지선,창원 방향,교통사고,사고,(3차로)화물차관련사고처리중,128.5315,35.2433,4170062400,-,Monday,평일
2024-11-18 18:36,한국도로공사,고속국도,15.0,서해안고속도로,서울 방향,기타돌발,고장,(3차로)승용차고장처리중,126.8655,37.3407,2160389400,2024-11-18 18:47,Monday,평일
2024-11-18 20:43,한국도로공사,고속국도,45.0,중부내륙고속도로,창원 방향,공사,작업,(1차로)터널전기시설보완작업중,127.86,36.9337,2720963700,-,Monday,평일
2024-11-18 22:17,한국도로공사,고속국도,50.0,영동고속도로,인천 방향,공사,작업,(진출로2차로)시설물보수작업중,126.8607,37.3441,2160389600,-,Monday,평일
2024-11-18 7:00,경찰청,시군도,0.0,무실대로,한지공원4거리 방향,교통사고,사고,"<사고> 무실로 무실주공8단지입구 한지공원사거리 주의운전 사고 - 원주 무실로 법조4거리에서 한지공원4거리방향, 한지공원4거리 못간지점 우측차로에서 승용차간 추돌사고, 사고처리전  -",127.934516,37.336332,2510610100,2024-11-18 7:30,Monday,평일
2024-11-18 9:38,경찰청,특별광역시도,0.0,상도대로,,교통사고,사고,<사고> 상도로 장승배기교차로 신대방삼거리역 2차로 (승용차-화물차) 후미 지체 교통사고  서울청,126.93884,37.504835,1190002306,2024-11-18 10:13,Monday,평일
2024-11-19 10:06,한국도로공사,고속국도,1.0,경부고속도로,부산 방향,교통사고,사고,(3차로)화물차관련사고처리중,129.0698,35.3115,3880841400,-,Tuesday,평일
2024-11-19 11:45,한국도로공사,고속국도,7000.0,대구외곽순환고속도로,,기타돌발,고장,"(2차로,갓길)화물차고장처리중",128.5318,35.9338,-,-,Tuesday,평일
2024-11-19 12:33,경찰청,특별광역시도,0.0,봉은사대로,,교통사고,사고,<사고> 봉은사로 신논현역 언주역 4차로  교통사고  서울청,127.025831,37.504807,1220027302,2024-11-19 13:03,Tuesday,평일
2024-11-19 14:30,한국도로공사,고속국도,15.0,서해안고속도로,목포 방향,기타돌발,고장,(갓길)승용차고장처리중,126.8869,37.1111,2334281900,-,Tuesday,평일
2024-11-19 15:07,한국도로공사,고속국도,50.0,영동고속도로,강릉 방향,기타돌발,차량증가/정체,차량증가/정체,126.9071,37.3226,2250001400,-,Tuesday,평일
2024-11-19 15:48,한국도로공사,고속국도,35.0,중부고속도로,남이 방향,기타돌발,차량증가/정체,차량증가/정체,127.2697,37.4479,2340034300,-,Tuesday,평일
2024-11-19 17:01,한국도로공사,고속국도,100.0,수도권제1순환고속도로,판교-구리 방향,기타돌발,차량증가/정체,차량증가/정체,126.8601,37.3728,2240014501,-,Tuesday,평일
2024-11-19 19:43,한국도로공사,고속국도,104.0,남해고속도로제2지선,서부산 방향,기타돌발,고장,(갓길)승용차고장처리중,128.7973,35.2041,3850007100,-,Tuesday,평일
2024-11-19 3:03,한국도로공사,고속국도,50.0,영동고속도로,강릉 방향,교통사고,사고,(갓길)화물차화재사고처리중,127.0586,37.2969,2030327500,-,Tuesday,평일
2024-11-19 3:37,경찰청,고속국도,50.0,영동고속도로,,교통사고,사고,<사고> 영동고속도로 용인 동수원 37k 6차로 주의운전 화재 -,127.066526,37.296754,2450049200,2024-11-19 4:07,Tuesday,평일
2024-11-19 7:01,한국도로공사,고속국도,20.0,대구포항선,포항 방향,기상,강우,"빗길""주의""",129.3155,36.0419,3520074101,-,Tuesday,평일
2024-11-19 7:02,경찰청,일반국도,5.0,일반국도5호선,횡성 방향,공사,작업,"<공사> 일반국도5호선 신양대교 신양대교 주의운전 공사 - 국도5호선 우회도로 원주 신양대교남측
(횡성방향)
  1차로 차단 공사 -",127.986824,37.404486,2510597900,2024-11-19 7:32,Tuesday,평일
2024-11-19 7:40,한국도로공사,고속국도,100.0,수도권제1순환고속도로,판교-구리 방향,기타돌발,차량증가/정체,차량증가/정체,127.1254,37.4614,2040003801,-,Tuesday,평일
2024-11-19 7:52,한국도로공사,고속국도,10.0,남해고속도로,순천 방향,기타돌발,차량증가/정체,(진출로갓길)녹지대시설물청소작업,128.3437,35.2929,3900015201,-,Tuesday,평일
2024-11-19 9:34,한국도로공사,고속국도,551.0,중앙선지선,양산 방향,교통사고,사고,(2차로)승용차관련사고처리완료,129.0091,35.2967,3880841100,2024-11-19 9:58,Tuesday,평일
2024-11-20 12:12,한국도로공사,고속국도,50.0,영동고속도로,인천 방향,공사,작업,(5차로)노면배수성점검작업중,127.107,37.2904,2440185000,-,Wednesday,평일
2024-11-20 12:43,경찰청,시군도,0.0,선화대로,,공사,작업,<공사> 동서로 쌍용기아부품대리점 성민수퍼 1차로 주의운전 노변 유지보수 -,126.970847,35.938454,3080365900,2024-11-20 18:00,Wednesday,평일
2024-11-20 15:57,경찰청,지방도,712.0,우림대로,,기타,통제,<통제> 지방도712호선 중인교차로 중인삼거리 1차로 주의운전 공사 -,127.09486,35.773701,3050000311,2024-11-20 16:27,Wednesday,평일
2024-11-20 18:07,한국도로공사,고속국도,15.0,서해안고속도로,서울 방향,기타돌발,고장,(갓길)승용고장차처리중,126.8735,37.2218,2330025401,-,Wednesday,평일
2024-11-20 19:22,한국도로공사,고속국도,55.0,중앙고속도로,춘천 방향,공사,작업,(1차로)중분대개량작업중,128.586,36.3241,3620475600,-,Wednesday,평일
2024-11-20 9:29,경찰청,특별광역시도,0.0,구마대로,감천네거리 방향,교통사고,사고,<사고> 구마로 본리동1150 본리네거리 주의운전 사고 - <긴급><사고최초>구마로 본리네거리에서 감천네거리방향 본리네거리 지나자마자 3차로 승용차 4중 추돌사고. -,128.536438,35.83741,1560035502,2024-11-20 9:59,Wednesday,평일
2024-11-21 14:35,한국도로공사,고속국도,1.0,경부고속도로,부산 방향,공사,작업,(5차로)청소작업중,127.12,37.0979,2430278401,-,Thursday,평일
2024-11-21 18:30,경찰청,도시고속국도,88.0,올림픽대로,,교통사고,사고,<사고> 올림픽대로 강동대교 암사대교 2차로  교통사고  서울청,127.152532,37.567773,1240055101,2024-11-21 19:00,Thursday,평일
2024-11-21 7:16,한국도로공사,고속국도,1.0,경부고속도로,서울 방향,기타돌발,차량증가/정체,차량증가/정체,127.1122,37.1148,2430279001,-,Thursday,평일
2024-11-21 8:25,한국도로공사,고속국도,12.0,광주대구고속도로,대구 방향,공사,작업,(1차로)콘크리트단면보수작업중,128.3995,35.7631,1570888900,-,Thursday,평일
2024-11-22 11:45,한국도로공사,고속국도,15.0,서해안고속도로,서울 방향,교통사고,사고,(3차로)승용차관련사고처리중,126.8773,37.1551,2330025401,-,Friday,평일
2024-11-22 15:15,한국도로공사,고속국도,1.0,경부고속도로,서울 방향,기타돌발,차량증가/정체,차량증가/정체,127.4226,36.4137,1870199600,-,Friday,평일
2024-11-22 15:17,한국도로공사,고속국도,35.0,중부고속도로,남이 방향,기타돌발,차량증가/정체,차량증가/정체,127.28,37.4442,2340007821,-,Friday,평일
2024-11-22 15:22,한국도로공사,고속국도,1.0,경부고속도로,서울 방향,기타돌발,차량증가/정체,차량증가/정체,127.1034,37.3453,2060358400,-,Friday,평일
2024-11-22 19:25,한국도로공사,고속국도,251.0,호남지선,대전 방향,기타돌발,차량증가/정체,차량증가/정체,127.3365,36.3829,1860007402,-,Friday,평일
2024-11-22 19:33,경찰청,특별광역시도,0.0,논현대로,하남 방향,교통사고,사고,"<사고> 논현로 성동구강남구 동호대교북측 주의운전 사고 - 서울시 올림픽대로 하남방향, 동호대교에서 성수대교구간 하위차로에서 추돌사고 처리 중.  -",127.021159,37.536324,1030022200,2024-11-22 20:03,Friday,평일
2024-11-22 21:50,한국도로공사,고속국도,35.0,통영대전고속도로,대전 방향,기타돌발,고장,(갓길)화물고장차처리중,127.5302,36.0906,2920492200,-,Friday,평일
2024-11-22 9:11,한국도로공사,고속국도,110.0,제2경인고속도로,인천 방향,공사,작업,(갓길)시설물점검작업중,126.6513,37.4369,1630000600,-,Friday,평일
2024-11-23 10:33,경찰청,지방도,3.0,평화대로,,공사,작업,<공사> 일반국도3호선 전곡입구오거리 사랑동삼거리 1차로 주의운전 유지보수 -,127.069725,38.014264,2380043500,2024-11-23 18:00,Saturday,주말
2024-11-23 12:18,한국도로공사,고속국도,15.0,서해안고속도로,서울 방향,기타돌발,차량증가/정체,차량증가/정체,126.8698,37.3396,2160389400,-,Saturday,주말
2024-11-23 12:43,한국도로공사,고속국도,35.0,중부고속도로,남이 방향,기타돌발,고장,(갓길)승용차고장차처리중,127.2891,37.4389,2340007821,-,Saturday,주말
2024-11-23 15:07,한국도로공사,고속국도,45.0,중부내륙고속도로,양평 방향,교통사고,사고,(1차로)승용차관련사고처리중,127.8911,36.8981,2800540400,-,Saturday,주말
2024-11-23 16:43,한국도로공사,고속국도,45.0,중부내륙고속도로,창원 방향,기타돌발,차량증가/정체,차량증가/정체,127.7181,37.0918,2720965100,-,Saturday,주말
2024-11-23 7:00,국도통합센터,일반국도,21.0,국도21호선,남원 방향,공사,시설물보수작업,,126.85879,35.9178,3070002900,2024-11-23 20:04,Saturday,주말
2024-11-23 8:20,경찰청,일반국도,29.0,필문대로,양 방향,공사,작업,"<공사> 필문대로 광주은행산수동지점 산수오거리 양방향 1,2차로 주의운전 도로공사 -",126.931862,35.15465,1750004702,2024-11-23 18:00,Saturday,주말
2024-11-23 9:06,경찰청,시군도,0.0,회천대로,,공사,작업,<공사> 회천로 옥정동888 고암동61611 1차로 주의운전 유지보수 -,127.079751,37.825873,2350425603,2024-11-23 18:00,Saturday,주말
2024-11-24 12:30,한국도로공사,고속국도,35.0,중부고속도로,하남 방향,기타돌발,장애물,(갓길)장애물(화물덮개)처리중,127.428,37.2319,2300019500,-,Sunday,주말
2024-11-25 14:06,한국도로공사,고속국도,35.0,중부고속도로,남이 방향,기타돌발,차량증가/정체,차량증가/정체,127.4497,37.0923,2310051000,-,Monday,평일
2024-11-25 16:17,한국도로공사,고속국도,100.0,수도권제1순환고속도로,판교-구리 방향,기타돌발,차량증가/정체,차량증가/정체,127.1224,37.4169,2050210900,-,Monday,평일
2024-11-25 17:00,한국도로공사,고속국도,1.0,경부고속도로,서울 방향,기타돌발,차량증가/정체,차량증가/정체,127.1037,37.2912,2280067900,-,Monday,평일
2024-11-25 17:14,한국도로공사,고속국도,100.0,수도권제1순환고속도로,판교-일산 방향,기타돌발,차량증가/정체,차량증가/정체,127.1391,37.494,1230434100,-,Monday,평일
2024-11-25 8:10,한국도로공사,고속국도,55.0,중앙고속도로,부산 방향,공사,작업,(2차로)교량접속부팻칭작업중,128.3642,36.918,2820003401,-,Monday,평일
2024-11-25 8:27,한국도로공사,고속국도,35.0,중부고속도로,하남 방향,공사,작업,(갓길)염수분사장치설치작업중,127.4423,37.1319,2310800200,-,Monday,평일
2024-11-26 11:36,한국도로공사,고속국도,100.0,수도권제1순환고속도로,판교-구리 방향,재난,노면습기,"도로살얼음""주의""",127.0944,37.4057,2060010900,-,Tuesday,평일
2024-11-26 13:25,한국도로공사,고속국도,1.0,경부고속도로,서울 방향,기상,강우,"빗길""주의""",127.1003,37.3992,2060010200,-,Tuesday,평일
2024-11-26 15:12,한국도로공사,고속국도,55.0,중앙고속도로,부산 방향,기타돌발,고장,(갓길)고장차주의,127.9473,37.6189,2580547400,-,Tuesday,평일
2024-11-26 17:13,한국도로공사,고속국도,60.0,서울양양고속도로,서울 방향,재난,적설,"눈길""주의""",127.1693,37.5755,1240057200,-,Tuesday,평일
2024-11-26 17:58,한국도로공사,고속국도,104.0,남해고속도로제2지선,서부산 방향,기타돌발,장애물,(3차로)장애물조심,128.8267,35.1762,3850588700,-,Tuesday,평일
2024-11-26 23:50,한국도로공사,고속국도,451.0,중부내륙지선,대구 방향,공사,작업,(갓길)시설물설치작업중,128.4351,35.692,1570557902,-,Tuesday,평일
2024-11-26 5:20,한국도로공사,고속국도,151.0,서천공주고속도로,공주 방향,기타돌발,고장,(갓길)대형화물차고장처리중,127.0632,36.4826,2860173000,-,Tuesday,평일
2024-11-26 6:56,국도통합센터,일반국도,17.0,국도17호선,용인 방향,기타돌발,지정체,,127.45549,36.73863,2840264700,2024-11-26 9:07,Tuesday,평일
2024-11-26 9:47,경찰청,-,,수향대로,,공사,작업,<공사> 수향길 소제동299704 대구빌라 2차로 주의운전 도로공사 -,127.437645,36.334527,1830490801,2024-11-26 18:00,Tuesday,평일
2024-11-27 0:44,한국도로공사,고속국도,251.0,호남지선,논산 방향,재난,적설,"눈길""주의""",127.3158,36.2949,1860631500,2024-11-28 11:05,Wednesday,평일
2024-11-27 10:40,한국도로공사,고속국도,45.0,중부내륙고속도로,양평 방향,기상,강우,"빗길""주의""",128.4356,35.6719,1570887900,-,Wednesday,평일
2024-11-27 11:03,한국도로공사,고속국도,100.0,수도권제1순환고속도로,판교-구리 방향,기타돌발,고장,(6차로)고장차처리중,127.1812,37.5451,2270007100,-,Wednesday,평일
2024-11-27 12:35,한국도로공사,고속국도,1.0,경부고속도로,부산 방향,교통사고,사고,(2차로)사고처리중,127.1039,37.2552,2440069800,-,Wednesday,평일
2024-11-27 16:30,한국도로공사,고속국도,15.0,서해안고속도로,서울 방향,기타돌발,고장,(갓길)5톤화물고장차처리중,126.7892,36.0422,2950192300,-,Wednesday,평일
2024-11-27 5:04,한국도로공사,고속국도,35.0,통영대전고속도로,대전 방향,재난,적설,"눈길""주의""",127.4528,36.2803,1830181100,-,Wednesday,평일
2024-11-27 7:32,한국도로공사,고속국도,35.0,중부고속도로,하남 방향,기타돌발,차량증가/정체,차량증가/정체,127.2219,37.5157,2270001003,-,Wednesday,평일
2024-11-28 13:04,한국도로공사,고속국도,151.0,서천공주고속도로,공주 방향,기상,강우,"빗길""주의""",126.8545,36.2996,2940033100,-,Thursday,평일
2024-11-28 15:39,한국도로공사,고속국도,1.0,경부고속도로,서울 방향,기타돌발,차량증가/정체,차량증가/정체,127.1969,36.7667,3010154500,-,Thursday,평일
2024-11-28 18:36,한국도로공사,고속국도,551.0,중앙선지선,김해 방향,기타돌발,차량증가/정체,차량증가/정체,129.0283,35.3272,3880008601,-,Thursday,평일
2024-11-28 18:56,한국도로공사,고속국도,45.0,중부내륙고속도로,창원 방향,공사,작업,(2차로)노면보수작업중,128.4507,35.6127,3910429600,-,Thursday,평일
2024-11-28 19:24,한국도로공사,고속국도,50.0,영동고속도로,인천 방향,재난,적설,"눈길""주의""",128.2053,37.4926,2580024602,-,Thursday,평일
2024-11-28 8:01,한국도로공사,고속국도,15.0,서해안고속도로,서울 방향,기타돌발,고장,(갓길)승용차고장처리중,126.7307,36.9057,3000028301,-,Thursday,평일
2024-11-29 11:12,한국도로공사,고속국도,1.0,경부고속도로,서울 방향,기타돌발,차량증가/정체,차량증가/정체,127.3085,36.7264,3010086800,-,Friday,평일
2024-11-29 15:39,한국도로공사,고속국도,10.0,남해고속도로,순천 방향,기타돌발,차량증가/정체,차량증가/정체,128.9166,35.2244,3850594200,-,Friday,평일
2024-11-29 16:02,한국도로공사,고속국도,35.0,중부고속도로,남이 방향,재난,결빙,"결빙""주의""",127.4201,36.6047,2710002501,-,Friday,평일
2024-11-29 1:27,한국도로공사,고속국도,7000.0,대구외곽순환고속도로,,기상,강우,"빗길""주의""",128.7016,35.8936,-,-,Friday,평일
2024-11-29 6:43,한국도로공사,고속국도,15.0,서해안고속도로,목포 방향,기타돌발,고장,(갓길)화물차고장처리중,126.839,35.8316,3110349400,-,Friday,평일
2024-11-29 8:09,경찰청,특별광역시도,0.0,봉래대로,,공사,작업,<공사> 봉래길 영광마린타워아파트 선경빌라 1차로 주의운전 하수도/배수로 작업 -,129.050916,35.09202,1330020200,2024-11-29 10:00,Friday,평일
2024-11-29 8:33,경찰청,국가지원지방도,70.0,한치대로,가평 방향,교통사고,사고,<사고> 국가지원지방도70호선 팔미교차로 팔미리8611 주의운전 사고 - 국도46호선 춘천에서 가평방향 팔미4거리 지나 승용차간 추돌사고 처리 전 -,127.705692,37.821737,2500185400,2024-11-29 9:03,Friday,평일
2024-11-29 8:35,한국도로공사,고속국도,35.0,통영대전고속도로,통영 방향,재난,적설,"눈길""주의""",127.6703,35.6695,3960031100,-,Friday,평일
2024-11-29 8:54,한국도로공사,고속국도,100.0,수도권제1순환고속도로,판교-구리 방향,공사,작업,(차로교대)교량점검작업중,127.1786,37.5511,1240225000,-,Friday,평일
2024-11-30 14:28,한국도로공사,고속국도,1.0,경부고속도로,부산 방향,기타돌발,차량증가/정체,차량증가/정체,127.102,37.3903,2060001101,-,Saturday,주말
2024-11-30 15:19,경찰청,특별광역시도,0.0,가양대로,,기타,통제,<통제> 가양로 평화횟집 가양동5661 1차로 주의운전 공사 -,127.441723,36.340589,1830031203,2024-11-30 15:49,Saturday,주말
2024-11-30 17:13,한국도로공사,고속국도,100.0,수도권제1순환고속도로,판교-일산 방향,재난,노면습기,"노면습기""주의""",126.9678,37.3815,2090181700,-,Saturday,주말
2024-11-30 22:18,한국도로공사,고속국도,35.0,중부고속도로,남이 방향,재난,노면습기,"노면습기""주의""",127.4255,37.2407,2300019400,-,Saturday,주말
2024-11-30 9:08,경찰청,특별광역시도,0.0,목동대로,양 방향,교통사고,사고,<사고> 목동로 남부법원검찰청사거리 목동역 1차로 (승용차 화재로 양방향 1차로 통제) 후미 지체 화재 서울청,126.864705,37.52537,1140018201,2024-11-30 9:42,Saturday,주말
2024-11-30 9:45,한국도로공사,고속국도,100.0,수도권제1순환고속도로,판교-구리 방향,기타돌발,차량증가/정체,차량증가/정체,126.7686,37.5935,2320002000,-,Saturday,주말
2024-12-01 14:27,경찰청,시군도,0.0,송양대로,,교통사고,사고,<사고> 송양로 민락4교 만럭17단지입구 3차로 주의운전 고장 차량 -,127.113258,37.75155,2070282900,2024-12-01 14:57,Sunday,주말
2024-12-01 22:33,한국도로공사,고속국도,15.0,서해안고속도로,서울 방향,기상,강우,"빗길""주의""",126.8696,36.9921,2140955600,-,Sunday,주말
2024-12-02 13:08,한국도로공사,고속국도,10.0,남해고속도로,순천 방향,기타돌발,고장,(갓길)승용차고장처리중,128.272,35.2278,3810492300,-,Monday,평일
2024-12-02 14:39,한국도로공사,고속국도,15.0,서해안고속도로,서울 방향,공사,작업,(3차로)수목제거작업중,126.8793,37.3241,2250272900,-,Monday,평일
2024-12-02 18:10,한국도로공사,고속국도,110.0,제2경인고속도로,인천 방향,교통사고,사고,(갓길)승용차관련사고처리중,126.6953,37.4333,1640320300,-,Monday,평일
2024-12-02 19:05,한국도로공사,고속국도,40.0,평택제천고속도로,평택 방향,공사,작업,(1차로)남안성분기점연결로설치작업중,127.2893,36.9724,2310236600,-,Monday,평일
2024-12-02 3:11,한국도로공사,고속국도,12.0,광주대구고속도로,광주 방향,기상,안개,"안개""주의""",127.7494,35.5329,3960015200,-,Monday,평일
2024-12-02 5:58,한국도로공사,고속국도,100.0,수도권제1순환고속도로,판교-구리 방향,기타돌발,차량증가/정체,차량증가/정체,126.755,37.4655,1650314900,-,Monday,평일
2024-12-02 7:04,한국도로공사,고속국도,35.0,중부고속도로,남이 방향,기타돌발,차량증가/정체,차량증가/정체,127.4178,36.6401,2710002501,-,Monday,평일
2024-12-02 8:18,한국도로공사,고속국도,25.0,호남고속도로,논산 방향,공사,작업,(2차로)시설물보수작업중,127.4356,35.0117,3260036672,-,Monday,평일
2024-12-02 9:13,한국도로공사,고속국도,15.0,서해안고속도로,서울 방향,기타돌발,장애물,(3차로)장애물(화물덮개)처리중,126.8236,36.9444,2140955600,-,Monday,평일
2024-12-02 9:23,경찰청,도시고속국도,70.0,강변북대로,,교통사고,사고,<사고> 강변북로 광진교 천호대교 1차로  고장 차량  서울청,127.108861,37.54553,1040002102,2024-12-02 9:53,Monday,평일
2024-12-03 10:28,경찰청,일반국도,17.0,대전대로,,공사,작업,<공사> 일반국도17호선 읍내삼거리 읍내네거리 1차로 주의운전 하수도/배수로 작업 -,127.420413,36.375707,1870053700,2024-12-03 13:00,Tuesday,평일
2024-12-03 15:50,한국도로공사,고속국도,130.0,인천공항선,서울 방향,기타돌발,차량증가/정체,청라IC진출로1.0km정체,126.67,37.5699,1680008601,-,Tuesday,평일
2024-12-03 16:19,한국도로공사,고속국도,10.0,남해고속도로,순천 방향,기타돌발,차량증가/정체,차량증가/정체,128.9697,35.2193,1410018100,-,Tuesday,평일
2024-12-03 8:15,국도통합센터,일반국도,38.0,국도38호선,양양 방향,공사,시설물보수작업,,128.29603,37.18098,2590228900,2024-12-03 16:09,Tuesday,평일
2024-12-04 14:46,경찰청,일반국도,14.0,기장대로,기장군청 방향,공사,작업,"<공사> 기장대로 죽성사거리 청강리52 주의운전 공사 - 기장대로, 공영주차장에서 기장군청 방향 이동하면서 청소 작업중임. -",129.220596,35.242613,1450003702,2024-12-04 15:16,Wednesday,평일
2024-12-04 15:59,한국도로공사,고속국도,50.0,영동고속도로,강릉 방향,기타돌발,차량증가/정체,차량증가/정체,127.0025,37.3131,2007022500,-,Wednesday,평일
2024-12-04 6:28,한국도로공사,고속국도,1.0,경부고속도로,부산 방향,기타돌발,차량증가/정체,차량증가/정체,127.0248,37.4869,1210004003,-,Wednesday,평일
2024-12-04 7:06,한국도로공사,고속국도,55.0,중앙고속도로,춘천 방향,교통사고,사고,"(2,3차로)화물차관련사고처리중",128.9839,35.2429,3851176200,-,Wednesday,평일
2024-12-04 7:13,한국도로공사,고속국도,50.0,영동고속도로,인천 방향,기타돌발,차량증가/정체,차량증가/정체,126.8714,37.3413,2160389600,-,Wednesday,평일
2024-12-04 8:21,한국도로공사,고속국도,55.0,중앙고속도로,부산 방향,공사,작업,(2차로)시설물설치작업중,127.907,37.3565,2510032001,-,Wednesday,평일
2024-12-04 8:56,한국도로공사,고속국도,1.0,경부고속도로,부산 방향,공사,작업,(4차로)비탈면정비작업중,128.4527,35.9649,3690167600,-,Wednesday,평일
2024-12-04 8:57,한국도로공사,고속국도,251.0,호남지선,대전 방향,공사,작업,(갓길)학하천교배수시설정비작업중,127.3179,36.3391,1860335700,-,Wednesday,평일
2024-12-04 9:22,경찰청,특별광역시도,0.0,처용대로,,공사,작업,<공사> 처용로487번길 성암로입구교차로 개운삼거리 1차로 공사 도로공사 -,129.345792,35.478678,1930017600,2024-12-04 18:00,Wednesday,평일
2024-12-05 10:23,경찰청,특별광역시도,0.0,대학대로,복현오거리 방향,공사,작업,<공사> 대학로 대학로77 조립커피 주의운전 공사 - 대학로 경북대학교 북문에서 복현오거리방향 복현우체국 앞 가장자리차로 막고 공사중.  -,128.61074,35.893696,1540094100,2024-12-05 10:53,Thursday,평일
2024-12-05 13:10,한국도로공사,고속국도,251.0,호남지선,대전 방향,공사,작업,(갓길)잡목제거이동작업,127.1645,36.1534,2900004232,-,Thursday,평일
2024-12-05 14:00,경찰청,지방도,634.0,성연대로,,교통사고,사고,<사고> 지방도634호선 왕정리735 왕정리594 2차로 공장콘크리트타설작업 교통사고 -,126.45621,36.833199,2890164902,2024-12-05 14:30,Thursday,평일
2024-12-05 18:23,한국도로공사,고속국도,100.0,수도권제1순환고속도로,판교-구리 방향,기타돌발,고장,(갓길)승용차고장처리중,126.9574,37.3792,2090181800,-,Thursday,평일
2024-12-05 19:55,한국도로공사,고속국도,1.0,경부고속도로,부산 방향,교통사고,사고,"(1,2차로)대형버스관련사고처리중",127.0591,37.4419,1210000711,-,Thursday,평일
2024-12-05 8:54,경찰청,일반국도,32.0,계룡대로,유성사거리 방향,교통사고,사고,"<사고> 일반국도32호선 태양전기조명 군인휴양소삼거리 주의운전 사고 - 동일-계룡로, 용반사거리에서 유성사거리 방향 용반사거리 지난 지점 1,2차로에서 승용차간 추돌사고
 -",127.347138,36.352213,1860002702,2024-12-05 9:24,Thursday,평일
2024-12-06 10:04,한국도로공사,고속국도,45.0,중부내륙고속도로,양평 방향,교통사고,사고,(2차로)화물차관련사고처리중,128.4423,35.6535,1570887900,-,Friday,평일
2024-12-06 10:58,한국도로공사,고속국도,45.0,중부내륙고속도로,창원 방향,공사,작업,(2차로)차선도색이동작업중,128.2394,36.3752,3580008402,-,Friday,평일
2024-12-06 16:32,한국도로공사,고속국도,35.0,중부고속도로,하남 방향,기타돌발,차량증가/정체,차량증가/정체,127.4755,36.9299,2790015523,-,Friday,평일
2024-12-06 5:40,한국도로공사,고속국도,253.0,고창담양고속도로,담양 방향,기상,강우,"빗길""주의""",127.0298,35.2482,3290066800,-,Friday,평일
2024-12-06 9:26,한국도로공사,고속국도,100.0,수도권제1순환고속도로,판교-구리 방향,공사,작업,(갓길)시설물보수작업중,126.7974,37.4557,2240031800,-,Friday,평일
2024-12-06 9:38,경찰청,특별광역시도,0.0,강변대로,,공사,작업,<공사> 강변대로 대동화명대교IC 덕천동597 1차로 주의운전 도로공사 -,129.005264,35.2257,1370227500,2024-12-06 18:00,Friday,평일
2024-12-07 0:34,한국도로공사,고속국도,1.0,경부고속도로,부산 방향,재난,강풍,"강풍""주의""",128.5188,35.8938,1540430200,-,Saturday,주말
2024-12-07 11:02,경찰청,지방도,1136.0,노형대로,노형오거리 방향,공사,작업,"<공사> 지방도1136호선 월산마을 월산정수장입구 주의운전 공사 - 노형로, 무수천사거리 -노형오거리 방향, 월산마을 인근 2차로, 도로파쇄공사, 후미로 지체. -",126.463753,33.473406,4050008400,2024-12-07 11:32,Saturday,주말
2024-12-07 18:29,한국도로공사,고속국도,50.0,영동고속도로,강릉 방향,기타돌발,차량증가/정체,차량증가/정체,126.7529,37.3876,2240011400,-,Saturday,주말
2024-12-07 21:16,한국도로공사,고속국도,15.0,서해안고속도로,목포 방향,재난,적설,"눈길""주의""",126.5575,36.6,2970248200,-,Saturday,주말
2024-12-07 7:59,한국도로공사,고속국도,1.0,경부고속도로,부산 방향,기타돌발,차량증가/정체,차량증가/정체,127.0656,37.4346,1210177500,-,Saturday,주말
2024-12-08 10:47,한국도로공사,고속국도,1.0,경부고속도로,부산 방향,기타돌발,차량증가/정체,차량증가/정체,127.3728,36.6685,2710659900,-,Sunday,주말
2024-12-08 20:18,경찰청,고속국도,1.0,경부고속도로,서울 방향,교통사고,사고,<사고> 경부고속도로 청원휴게소 청주시청원구천안시동 종점방향 2차로 사고 청원휴게소 → 청주시청원구천안시동 경부선 종점,127.3327,36.72,2710688200,2024-12-08 20:50,Sunday,주말
2024-12-09 10:46,한국도로공사,고속국도,100.0,수도권제1순환고속도로,판교-구리 방향,기타돌발,차량증가/정체,차량증가/정체,127.1958,37.5292,2270002301,-,Monday,평일
2024-12-09 11:19,경찰청,일반국도,17.0,신탄진대로,,교통사고,사고,<사고> 일반국도17호선 상서삼거리 SK주유소동남 3차로 주의운전 교통사고 -,127.42051,36.427372,1870004601,2024-12-09 11:49,Monday,평일
2024-12-09 8:05,한국도로공사,고속국도,100.0,수도권제1순환고속도로,판교-일산 방향,공사,작업,(갓길)청소작업중,126.7487,37.5442,1670004000,-,Monday,평일
2024-12-10 10:04,한국도로공사,고속국도,15.0,서해안고속도로,서울 방향,기타돌발,차량증가/정체,차량증가/정체,126.8763,37.3328,2250272900,-,Tuesday,평일
2024-12-10 11:22,한국도로공사,고속국도,1.0,경부고속도로,부산 방향,교통사고,사고,"(1,2차로)승합차관련사고처리중",127.1388,37.0365,2310798700,-,Tuesday,평일
2024-12-10 11:28,경찰청,특별광역시도,0.0,태평대로,동인네거리 방향,공사,작업,<공사> 태평로 교동네거리 동인네거리 주의운전 공사 - 태평로 교동네거리에서 동인네거리방향 교동네거리 지난 지점 가장자리차로 막고 작업중.  -,128.602458,35.873445,1500020800,2024-12-10 11:58,Tuesday,평일
2024-12-10 16:38,한국도로공사,고속국도,110.0,제2경인고속도로,성남 방향,기타돌발,차량증가/정체,차량증가/정체,126.8492,37.4399,2130002300,-,Tuesday,평일
2024-12-10 17:02,한국도로공사,고속국도,55.0,중앙고속도로,춘천 방향,기타돌발,차량증가/정체,차량증가/정체,128.9837,35.2528,3851176200,-,Tuesday,평일
2024-12-10 7:48,경찰청,고속국도,120.0,경인고속도로,인천 방향,교통사고,사고,<사고> 경인고속도로 부평IC서측 서인천IC 기점방향 1차로 사고 부평IC서측 → 서인천IC 경인선 기점,126.6864,37.5233,1663132500,2024-12-10 8:20,Tuesday,평일
2024-12-10 8:19,경찰청,시군도,0.0,익산대로,,공사,작업,<공사> 익산대로 평화삼거리 평화미술학원 1차로 주의운전 도로공사 -,126.945369,35.935129,3080404800,2024-12-10 18:00,Tuesday,평일
2024-12-10 9:04,경찰청,도시고속국도,44.0,북부간선도대로,종암JC 방향,공사,작업,<공사> 북부간선도로 신내IC 신내IC 3차로 시설물보수 북부간선로 신내IC→묵동IC 종암JC 방향 -,127.100648,37.616284,1060048000,2024-12-10 9:34,Tuesday,평일
2024-12-11 14:50,경찰청,일반국도,4.0,동북대로,복현네거리 방향,교통사고,사고,<사고> 일반국도4호선 큰고개고가차도 효목고가차도 주의운전 사고 - <사고최초> 동북로 큰고개오거리에서 복현네거리방향 큰고개오거리 200m 지난 지점 가장자리차로 승용차 추돌사고.- 보도 위 이동조치됨. -,128.631941,35.886588,1510006700,2024-12-11 15:20,Wednesday,평일
2024-12-11 16:41,한국도로공사,고속국도,1.0,경부고속도로,부산 방향,기타돌발,고장,(3차로)고장차처리중,127.4679,36.3484,1830184100,-,Wednesday,평일
2024-12-11 1:13,한국도로공사,고속국도,25.0,호남고속도로,순천 방향,기타돌발,고장,(갓길)대형화물차고장처리중,126.7954,35.3212,3420030000,-,Wednesday,평일
2024-12-11 7:39,경찰청,도시고속국도,88.0,올림픽대로,,교통사고,사고,<사고> 올림픽대로 가양대교 방화대교 4차로  고장 차량  서울청,126.857443,37.566528,1150002404,2024-12-11 8:09,Wednesday,평일
2024-12-11 8:28,국도통합센터,일반국도,36.0,국도36호선,보령 방향,공사,시설물보수작업,,127.55226,36.72898,2840251900,2024-12-11 13:49,Wednesday,평일
2024-12-11 9:51,경찰청,일반국도,4.0,옥천대로,,공사,작업,"<공사> 옥천로 판암역네거리 판암네거리 1,2차로 주의운전 재포장 -",127.456523,36.316878,1830005503,2024-12-11 18:00,Wednesday,평일
2024-12-12 10:07,한국도로공사,고속국도,50.0,영동고속도로,인천 방향,기타돌발,고장,(갓길)승용차고장처리중,127.2364,37.2476,2430218300,-,Thursday,평일
2024-12-12 15:50,한국도로공사,고속국도,100.0,수도권제1순환고속도로,판교-일산 방향,기타돌발,차량증가/정체,차량증가/정체,127.1234,37.4258,2050003900,-,Thursday,평일
2024-12-13 14:05,한국도로공사,고속국도,15.0,서해안고속도로,목포 방향,기타돌발,차량증가/정체,차량증가/정체,126.8891,37.1023,2334281900,-,Friday,평일
2024-12-13 15:07,한국도로공사,고속국도,50.0,영동고속도로,강릉 방향,기타돌발,고장,(갓길)화물고장차처리중,126.864,37.3433,2160389500,-,Friday,평일
2024-12-13 15:50,경찰청,시군도,0.0,조촌대로,,공사,작업,<공사> 조촌로 시청옆사거리 시청옆삼거리 3차로 주의운전 하수도/배수로 작업 -,126.737921,35.967011,3070138100,2024-12-13 18:00,Friday,평일
2024-12-13 20:35,한국도로공사,고속국도,50.0,영동고속도로,인천 방향,교통사고,사고,"(2차로,갓길)화물차관련사고처리중",128.2266,37.4976,2580547000,-,Friday,평일
2024-12-13 7:17,한국도로공사,고속국도,104.0,남해고속도로제2지선,서부산 방향,기타돌발,차량증가/정체,차량증가/정체,128.8951,35.1653,1410201900,-,Friday,평일
2024-12-14 11:36,한국도로공사,고속국도,1.0,경부고속도로,서울 방향,교통사고,사고,(1차로)승용차관련사고처리중,128.5402,35.8954,1540003611,-,Saturday,주말
2024-12-14 12:14,한국도로공사,고속국도,50.0,영동고속도로,강릉 방향,기타돌발,차량증가/정체,차량증가/정체,126.9071,37.3226,2250001400,-,Saturday,주말
2024-12-14 20:00,한국도로공사,고속국도,45.0,중부내륙고속도로,창원 방향,기타돌발,고장,(갓길)승용차고장처리중,128.5019,35.5197,3910020701,-,Saturday,주말
2024-12-14 20:26,한국도로공사,고속국도,65.0,동해고속도로,삼척 방향,재난,강풍,"강풍""주의""",128.6877,38.0296,2670016200,-,Saturday,주말
2024-12-14 8:10,한국도로공사,고속국도,10.0,남해고속도로,부산 방향,기타돌발,고장,(1차로)승용차고장처리중,128.1518,35.1705,3810020602,-,Saturday,주말
2024-12-14 9:31,한국도로공사,고속국도,45.0,중부내륙고속도로,양평 방향,교통사고,사고,(1차로)승용차관련사고처리중,127.6385,37.1597,2810749800,-,Saturday,주말
2024-12-15 12:49,경찰청,도시고속국도,88.0,올림픽대로,송파구청교차로 방향,교통사고,사고,<사고> 올림픽로 잠실역사거리 시그마타워 주의운전 사고 - 서울시 올림픽로 잠실역사거리에서 송파구청교차로방향 5차로에서 사고처리 중.  -,127.102184,37.513817,1230027402,2024-12-15 13:19,Sunday,주말
2024-12-15 7:06,한국도로공사,고속국도,55.0,중앙고속도로,춘천 방향,재난,적설,"눈길""주의""",128.5222,36.0515,3690019900,-,Sunday,주말
2024-12-16 10:51,경찰청,도시고속국도,70.0,강변북대로,,교통사고,사고,<사고> 강변북로 한강대교 동작대교 2차로  교통사고  서울청,126.970284,37.518186,1020000101,2024-12-16 11:21,Monday,평일
2024-12-16 13:29,한국도로공사,고속국도,100.0,수도권제1순환고속도로,판교-구리 방향,기타돌발,차량증가/정체,차량증가/정체,127.1551,37.5994,2210002801,-,Monday,평일
2024-12-16 20:14,한국도로공사,고속국도,65.0,부산울산선,부산 방향,교통사고,사고,"(2,3차로)승용차관련사고처리중",129.2088,35.2277,1450064900,-,Monday,평일
2024-12-16 21:34,한국도로공사,고속국도,100.0,수도권제1순환고속도로,판교-구리 방향,공사,작업,"(4,5차로)방음벽공사작업중",126.7484,37.5079,2420268900,-,Monday,평일
2024-12-16 22:00,경찰청,도시고속국도,70.0,강변북대로,,공사,작업,"<공사> 강변북로 반포대교 동작대교 3,4차로 [공사]자동차전용도로 3권역 노후포장 정비공사/장소 : 강변북로(난지) 반포대교 100m~800m(3.4차로)/부분통제 도로공사  서울청",126.992534,37.51883,1020002406,2024-12-17 6:00,Monday,평일
2024-12-17 10:30,경찰청,도시고속국도,44.0,북부간선도대로,종암JC 방향,교통사고,사고,<사고> 북부간선도로 중랑IC서측 신내IC 3차로 추돌사고 북부간선로 구리시계→신내IC 종암JC 방향 -,127.108358,37.613889,1060004931,2024-12-17 11:00,Tuesday,평일
2024-12-17 13:35,한국도로공사,고속국도,35.0,통영대전고속도로,통영 방향,공사,작업,(갓길)이동풀베기작업중,127.4889,36.2013,2920026902,-,Tuesday,평일
2024-12-17 17:04,한국도로공사,고속국도,15.0,서해안고속도로,서울 방향,재난,적설,"눈길""주의""",126.5605,36.5913,2970015000,-,Tuesday,평일
2024-12-17 18:26,한국도로공사,고속국도,10.0,남해고속도로,부산 방향,기타돌발,고장,(갓길)승용차고장처리중,128.7821,35.2271,3850026003,-,Tuesday,평일
2024-12-17 21:25,한국도로공사,고속국도,100.0,수도권제1순환고속도로,판교-구리 방향,공사,작업,"(3,4차로)노면포장작업중",126.9322,37.376,2250008700,-,Tuesday,평일
2024-12-17 22:09,한국도로공사,고속국도,1.0,경부고속도로,부산 방향,공사,작업,(1차로)시설물설치작업중,127.0955,37.1753,2330026003,-,Tuesday,평일
2024-12-17 8:54,경찰청,특별광역시도,0.0,서해대로,양 방향,공사,작업,<공사> 서해대로 유동삼거리 율목동행정복지센터 주의운전 공사 - 서해대로 유동삼거리부터 율목동행정복지센터 앞까지 양방향이 숭인지하차도 및 연결도로 건설공사관계로 차로가 줄어 있으니 참고바람.	 -,126.63713,37.470821,1610008801,2024-12-17 9:24,Tuesday,평일
2024-12-18 10:00,경찰청,지방도,722.0,칠목재대로,,공사,작업,<공사> 지방도722호선 서면삼거리 신목교차로 1차로 주의운전 도로공사 -,126.878018,36.043928,3080032402,2024-12-18 18:00,Wednesday,평일
2024-12-18 10:29,한국도로공사,고속국도,1.0,경부고속도로,서울 방향,공사,작업,(진출로2차로)차선도색작업일시중단,128.7866,35.877,3600020400,-,Wednesday,평일
2024-12-18 12:19,한국도로공사,고속국도,35.0,중부고속도로,하남 방향,교통사고,사고,(2차로)승용차사고처리중,127.4705,36.9811,2810024400,-,Wednesday,평일
2024-12-18 3:40,한국도로공사,고속국도,15.0,서해안고속도로,서울 방향,기타돌발,차량증가/정체,차량증가/정체,126.8763,37.3328,2250272900,-,Wednesday,평일
2024-12-18 6:36,한국도로공사,고속국도,45.0,중부내륙고속도로,창원 방향,공사,작업,(갓길)노면보수작업중,128.4545,35.6095,3910429600,-,Wednesday,평일
2024-12-18 9:34,한국도로공사,고속국도,10.0,남해고속도로,부산 방향,기타돌발,차량증가/정체,차량증가/정체,128.6268,35.279,4140159000,-,Wednesday,평일
2024-12-19 16:51,경찰청,시군도,0.0,단재대로,효촌삼거리 방향,공사,작업,"<공사> 단재로 효촌분기점 효촌삼거리 주의운전 공사 - 단재로, 효촌분기점에서 효촌삼거리 방향 , 갓길에 공사 중임, 뒤로 정체.  -",127.509086,36.584694,2700400400,2024-12-19 16:54,Thursday,평일
2024-12-19 8:43,한국도로공사,고속국도,55.0,중앙고속도로,춘천 방향,공사,작업,(2차로)국방광대역구축망설치작업중,128.2917,37.0099,2820010401,-,Thursday,평일
2024-12-19 9:43,경찰청,특별광역시도,0.0,반포대로,,공사,작업,<공사> 반포대로 반포대교고가차도남측 고속터미널사거리 1차로 주의운전 유지보수 -,127.001386,37.504828,1210025103,2024-12-19 18:00,Thursday,평일
2024-12-20 10:39,경찰청,시군도,0.0,무왕대로,,공사,작업,<공사> 무왕1로 주코리아산전전기도매 오피스존 1차로 주의운전 유지보수 -,126.978539,35.958729,3080349600,2024-12-20 18:00,Friday,평일
2024-12-20 11:44,경찰청,도시고속국도,88.0,올림픽대로,,교통사고,사고,<사고> 올림픽대로 한남대교 반포대교 1차로  고장 차량  서울청,126.998993,37.510595,1210004902,2024-12-20 12:14,Friday,평일
2024-12-20 12:43,한국도로공사,고속국도,40.0,평택제천고속도로,평택 방향,교통사고,사고,"(1,3차로)사고처리중",126.965,37.0373,2140029104,-,Friday,평일
2024-12-20 14:26,한국도로공사,고속국도,110.0,제2경인고속도로,성남 방향,기타돌발,차량증가/정체,차량증가/정체,126.912,37.4255,2080108700,-,Friday,평일
2024-12-20 9:13,한국도로공사,고속국도,1.0,경부고속도로,부산 방향,공사,작업,(갓길)배수로보수작업중,127.1033,37.3543,2060358300,-,Friday,평일
2024-12-20 9:29,경찰청,고속국도,100.0,서울외곽순환고속도로,서울 방향,교통사고,사고,<사고> 서울외곽순환고속도로 산본IC동측 산본IC서측 기점방향 5차로 고장 산본IC동측 → 산본IC서측 수도권제1순환선 기점,126.9367,37.3767,2250008700,2024-12-20 10:01,Friday,평일
2024-12-21 9:33,한국도로공사,고속국도,55.0,중앙고속도로,부산 방향,기타돌발,차량증가/정체,차량증가/정체,128.5287,36.0297,3690696500,-,Saturday,주말
2024-12-22 14:26,한국도로공사,고속국도,600.0,부산외곽선,기장 방향,기타돌발,차량증가/정체,차량증가/정체,129.198,35.2805,1450595300,-,Sunday,주말
2024-12-23 14:23,한국도로공사,고속국도,100.0,수도권제1순환고속도로,판교-구리 방향,기타돌발,차량증가/정체,차량증가/정체,126.7609,37.5869,2320552600,-,Monday,평일
2024-12-23 16:25,한국도로공사,고속국도,40.0,평택제천고속도로,제천 방향,교통사고,사고,(갓길)승용차관련사고처리중,126.9047,37.0503,2140040100,-,Monday,평일
2024-12-23 16:42,한국도로공사,고속국도,10.0,남해고속도로,순천 방향,기타돌발,고장,(갓길)승용차고장처리중,127.4977,34.9919,3260031511,-,Monday,평일
2024-12-23 17:30,한국도로공사,고속국도,55.0,중앙고속도로,부산 방향,기타돌발,고장,(진출로1차로)화물차고장처리중,127.9064,37.3583,2510032001,-,Monday,평일
2024-12-23 18:55,경찰청,특별광역시도,0.0,정릉대로,성수분기점 방향,교통사고,사고,"<사고> 정릉로 길음IC 서울경기양돈농협종암 주의운전 사고 - 서울시 내부순환로 성수분기점방향, 길음나들목에서 종암분기점구간 1차로에서 사고가 일어났음.  -",127.029123,37.604529,1070047700,2024-12-23 19:25,Monday,평일
2024-12-23 6:20,한국도로공사,고속국도,15.0,서해안고속도로,서울 방향,기타돌발,고장,(2차로)승용고장차처리완료,126.8736,37.1728,2330025401,2024-12-23 6:23,Monday,평일
2024-12-23 6:27,한국도로공사,고속국도,1.0,경부고속도로,서울 방향,기타돌발,차량증가/정체,차량증가/정체,127.1047,37.1214,2140957900,-,Monday,평일
2024-12-23 8:18,경찰청,특별광역시도,0.0,동덕대로,종각네거리 방향,공사,작업,<공사> 동덕로 동인네거리 동인치안센터 주의운전 공사 - 동덕로 동인네거리에서 종각네거리방향 동인네거리 지나자마자 가장자리차로 공사중. -일대 혼잡. -,128.604462,35.87204,1500018400,2024-12-23 8:48,Monday,평일
2024-12-24 13:36,한국도로공사,고속국도,40.0,평택제천고속도로,제천 방향,공사,작업,(1차로)시설물설치작업중,127.6968,37.0081,2720330100,-,Tuesday,평일
2024-12-24 14:04,한국도로공사,고속국도,100.0,수도권제1순환고속도로,판교-일산 방향,기타돌발,차량증가/정체,차량증가/정체,127.0096,37.3903,2260010000,-,Tuesday,평일
2024-12-24 16:05,한국도로공사,고속국도,1.0,경부고속도로,부산 방향,기타돌발,차량증가/정체,차량증가/정체,127.1034,37.3363,2450107500,-,Tuesday,평일
2024-12-24 18:19,경찰청,시군도,0.0,충효대로,조례사거리 방향,교통사고,사고,"<사고> 충효로 국웨딩 조례삼거리 주의운전 사고 - 순천 이수로 철도운동장에서 조례사거리방향 조례삼거리 2,3차로 승용차간 사고 -",127.516462,34.952383,3260132900,2024-12-24 18:22,Tuesday,평일
2024-12-25 11:27,한국도로공사,고속국도,600.0,부산외곽선,창원 방향,기타돌발,차량증가/정체,차량증가/정체,129.1231,35.2842,1400201000,-,Wednesday,공휴일
2024-12-25 13:34,한국도로공사,고속국도,25.0,호남고속도로,순천 방향,기타돌발,고장,(갓길)전주영업소광장부고장차처리중,127.0537,35.8746,3060642700,-,Wednesday,공휴일
2024-12-25 22:14,한국도로공사,고속국도,55.0,중앙고속도로,춘천 방향,기상,강우,"빗길""주의""",127.927,37.3271,2510007711,-,Wednesday,공휴일
2024-12-26 10:40,한국도로공사,고속국도,110.0,제2경인고속도로,인천 방향,교통사고,사고,(4차로)승용차관련사고처리중,126.7202,37.4338,1650004900,-,Thursday,평일
2024-12-26 11:46,한국도로공사,고속국도,1.0,경부고속도로,부산 방향,교통사고,사고,"(2,3차로)승용차관련사고처리중",127.1408,37.0286,2140956500,-,Thursday,평일
2024-12-26 13:13,한국도로공사,고속국도,1.0,경부고속도로,부산 방향,재난,강풍,"강풍""주의""",128.098,36.1336,3530025804,-,Thursday,평일
2024-12-26 13:33,한국도로공사,고속국도,35.0,통영대전고속도로,대전 방향,공사,작업,(갓길)추부IC가속부풀베기작업,127.4853,36.1928,2920024400,-,Thursday,평일
2024-12-26 13:52,한국도로공사,고속국도,50.0,영동고속도로,강릉 방향,공사,작업,(1차로)노면보수작업중,128.7489,37.6632,2520006901,-,Thursday,평일
2024-12-26 7:23,한국도로공사,고속국도,100.0,수도권제1순환고속도로,판교-구리 방향,기타돌발,차량증가/정체,차량증가/정체,127.1888,37.5343,2270007100,-,Thursday,평일
2024-12-26 7:49,한국도로공사,고속국도,35.0,중부고속도로,하남 방향,기타돌발,차량증가/정체,차량증가/정체,127.2219,37.5157,2270001003,-,Thursday,평일
2024-12-26 8:34,경찰청,일반국도,4.0,해망대로,도선장사거리 방향,공사,작업,<공사> 일반국도21호선 전주출입국외국인사무 도선장사거리 주의운전 공사 - 군산 내항사거리에서 도선장사거리 방향 도선장사거리 부근 2차로에서 공사  -,126.708599,35.991948,3070047400,2024-12-26 9:04,Thursday,평일
2024-12-27 19:05,한국도로공사,고속국도,100.0,수도권제1순환고속도로,판교-구리 방향,기타돌발,고장,(4차로)고장차처리중,127.0759,37.3957,2060358600,-,Friday,평일
2024-12-27 19:09,한국도로공사,고속국도,35.0,통영대전고속도로,통영 방향,재난,적설,"눈길""주의""",127.8602,35.4229,3950013032,-,Friday,평일
2024-12-27 21:48,한국도로공사,고속국도,45.0,중부내륙고속도로,창원 방향,재난,적설,"눈길""주의""",128.255,35.9159,3680026200,-,Friday,평일
2024-12-29 10:23,한국도로공사,고속국도,10.0,남해고속도로,영암 방향,기타돌발,역주행,(갓길)역주행차량출현처리중,127.4497,34.8831,3260227600,-,Sunday,주말
2024-12-30 12:08,한국도로공사,고속국도,30.0,당진대전선,대전 방향,기타돌발,고장,(갓길)화물차고장처리중,126.6801,36.7901,3000464100,-,Monday,평일
2024-12-30 12:38,한국도로공사,고속국도,1.0,경부고속도로,부산 방향,교통사고,사고,(1차로)승용차사고처리중,127.1617,36.9804,2310797600,-,Monday,평일
2024-12-30 21:33,한국도로공사,고속국도,100.0,수도권제1순환고속도로,판교-일산 방향,공사,작업,"(1,2차로)표지판설치작업",127.1358,37.4845,1230434100,-,Monday,평일
2024-12-30 9:28,한국도로공사,고속국도,25.0,호남고속도로,논산 방향,공사,작업,(갓길)전주IC진출램프하이패스표지판설치작업,127.0537,35.8746,3060642800,-,Monday,평일
2024-12-31 13:22,경찰청,도시고속국도,88.0,올림픽대로,,교통사고,사고,<사고> 올림픽대로 동호대교 한남대교 1차로  교통사고  서울청 ,127.021156,37.527964,1220342800,2024-12-31 13:52,Tuesday,평일
2024-12-31 9:43,한국도로공사,고속국도,10.0,남해고속도로,부산 방향,재난,강풍,"강풍""주의""",127.7717,34.9861,3280603700,-,Tuesday,평일
2025-01-01 4:14,한국도로공사,고속국도,60.0,서울양양고속도로,서울 방향,기타돌발,차량증가/정체,차량증가/정체,127.6881,37.7433,2500181000,-,Wednesday,공휴일
2025-01-02 10:16,경찰청,특별광역시도,0.0,화랑대로,,공사,작업,<공사> 화랑로 스타벅스대구수성도서 효신네거리 4차로 주의운전 유지보수 -,128.637933,35.872944,1510022500,2025-01-02 11:00,Thursday,평일
2025-01-02 13:17,한국도로공사,고속국도,15.0,서해안고속도로,서울 방향,기타돌발,고장,(진출로갓길)중형화물차고장처리중,126.8336,35.9773,3070036802,-,Thursday,평일
2025-01-02 6:13,경찰청,고속국도,1.0,경부고속도로,부산 방향,교통사고,사고,<사고> 경부고속도로 목천IC 천안휴게소 기점방향  고장 목천IC → 천안휴게소 경부선 기점,127.2189,36.7552,3010146900,2025-01-02 6:45,Thursday,평일
2025-01-02 7:40,한국도로공사,고속국도,15.0,서해안고속도로,목포 방향,기타돌발,차량증가/정체,진출로,126.8692,37.3696,2240008000,-,Thursday,평일
2025-01-03 10:23,경찰청,일반국도,14.0,반송대로,,기타,통제,<통제> 반송로 연산교차로 SC제일은행연산동지점 1차로 주의운전  -,129.082789,35.186904,1420013700,2025-01-03 10:53,Friday,평일
2025-01-03 15:51,경찰청,시군도,0.0,서울대학대로,,공사,작업,<공사> 서학로 부채박물관 문약국 1차로 주의운전 유지보수 -,127.157078,35.809299,3050157300,2025-01-03 18:00,Friday,평일
2025-01-03 17:12,한국도로공사,고속국도,55.0,중앙고속도로,춘천 방향,교통사고,사고,(진출로1차로)승용차단독사고처리중,128.9806,35.2353,3851176200,-,Friday,평일
2025-01-04 10:31,한국도로공사,고속국도,110.0,제2경인고속도로,성남 방향,기타돌발,차량증가/정체,차량증가/정체,126.7179,37.4339,1650005000,-,Saturday,주말
2025-01-05 10:38,경찰청,특별광역시도,0.0,천변우대로,,공사,작업,<공사> 천변우로 학림교 남광주고가차도 1차로 주의운전 도로공사 -,126.922006,35.136474,1750066300,2025-01-05 18:00,Sunday,주말
2025-01-05 16:53,한국도로공사,고속국도,35.0,중부고속도로,하남 방향,기타돌발,고장,(진출로)고장차처리중,127.4255,37.2407,2300019500,-,Sunday,주말
2025-01-05 20:00,한국도로공사,고속국도,1.0,경부고속도로,서울 방향,재난,노면습기,"노면습기""주의""",127.1542,36.9943,2310007300,-,Sunday,주말
2025-01-06 10:55,경찰청,특별광역시도,0.0,봉수대로,,기타,통제,<통제> 봉수로 동부도서관앞교차로 방어진순환도로9952 1차로 주의운전 공사 -,129.428417,35.528958,1940039300,2025-01-06 14:25,Monday,평일
2025-01-06 14:51,경찰청,일반국도,0.0,중앙대로,,공사,작업,<공사> 일반국도7호선 노포교 노포삼거리 1차로 주의운전 유지보수 -,129.095651,35.286968,1400011000,2025-01-06 18:00,Monday,평일
2025-01-07 10:42,한국도로공사,고속국도,50.0,영동고속도로,인천 방향,교통사고,사고,"(1,3차로)승용차관련사고처리완료",127.0085,37.3107,2007022600,2025-01-07 10:54,Tuesday,평일
2025-01-07 12:23,한국도로공사,고속국도,10.0,남해고속도로,부산 방향,기타돌발,차량증가/정체,차량증가/정체,128.5322,35.2849,3900015001,-,Tuesday,평일
2025-01-07 13:34,경찰청,일반국도,0.0,팔달대로,진북광장 방향,공사,작업,<공사> 팔달로 NH농협은행전주완주시R 진북광장교차로 주의운전 공사 - 팔달로 중앙시장에서 진북광장 방향 풍남맨션 부근 하위차로 막고 공사.  -,127.143559,35.827031,3050124200,2025-01-07 13:39,Tuesday,평일
2025-01-07 15:02,한국도로공사,고속국도,15.0,서해안고속도로,목포 방향,기타돌발,차량증가/정체,차량증가/정체,126.8878,37.0755,2334281900,-,Tuesday,평일
2025-01-07 8:43,경찰청,일반국도,0.0,달구벌대로,,교통사고,사고,<사고> 달구벌대로 수성구청 범어동835 2차로 주의운전 교통사고 -,128.633868,35.858725,1550007307,2025-01-07 10:00,Tuesday,평일
2025-01-08 10:35,한국도로공사,고속국도,30.0,청주영덕선,청주 방향,기타돌발,고장,(갓길)중형화물차고장차서행이동중,127.594,36.5,2750027700,-,Wednesday,평일
2025-01-08 16:35,한국도로공사,고속국도,15.0,서해안고속도로,목포 방향,기타돌발,차량증가/정체,차량증가/정체,126.8773,37.1551,2330025301,-,Wednesday,평일
2025-01-08 8:39,경찰청,특별광역시도,0.0,빛고을대로,,교통사고,사고,<사고> 빛고을대로 신용지하차도 용두고가남측 2차로 주의운전 고장 차량 -,126.868742,35.218615,1780192700,2025-01-08 9:09,Wednesday,평일
2025-01-08 9:11,한국도로공사,고속국도,45.0,중부내륙고속도로,양평 방향,공사,작업,(갓길)노면보수작업중,128.4671,35.6007,3910429700,-,Wednesday,평일
2025-01-09 14:56,경찰청,고속국도,15.0,서해안고속도로,목포 방향,교통사고,사고,<사고> 서해안고속도로 줄포IC동측 줄포IC남측 주의운전 사고 - 서해안고속도로 목포방향 줄포나들목 지난 지점(93km) 갓길 사고 발생 - cctv 신리1교 -,126.696448,35.596689,3190002600,2025-01-09 15:26,Thursday,평일
2025-01-09 16:30,한국도로공사,고속국도,1.0,경부고속도로,부산 방향,기타돌발,차량증가/정체,순환선진출로,127.1003,37.3992,2060010300,-,Thursday,평일
2025-01-09 7:20,한국도로공사,고속국도,50.0,영동고속도로,인천 방향,기타돌발,차량증가/정체,경부선진출로,127.0514,37.2991,2030327600,-,Thursday,평일
2025-01-09 8:55,한국도로공사,고속국도,100.0,수도권제1순환고속도로,판교-구리 방향,공사,작업,(4차로)방음벽보수작업중,126.7469,37.4998,2420011300,-,Thursday,평일
2025-01-10 10:27,경찰청,일반국도,0.0,금강대로,,교통사고,사고,<사고> 일반국도47호선 포천 진접 4차로 특이사항없음  화재 -,127.224081,37.7627,2360000504,2025-01-10 10:57,Friday,평일
2025-01-10 12:54,경찰청,특별광역시도,0.0,동호대로,,교통사고,사고,<사고> 동호로 금호터널 內 약수역 1차로  고장 차량  서울청,127.013993,37.550932,1010052000,2025-01-10 13:24,Friday,평일
2025-01-10 13:49,한국도로공사,고속국도,50.0,영동고속도로,강릉 방향,기타돌발,고장,(갓길)승용차고장처리중,126.7381,37.42,1650350800,-,Friday,평일
2025-01-11 8:26,경찰청,일반국도,26.0,번영대로,,공사,작업,<공사> 일반국도26호선 신석교차로 금몽마을 1차로 주의운전 도로공사 -,126.878964,35.932629,3080008801,2025-01-11 18:00,Saturday,주말
2025-01-12 16:40,한국도로공사,고속국도,1.0,경부고속도로,부산 방향,교통사고,사고,(진출로갓길)승용차사고처리중,127.3837,36.6254,2710586000,-,Sunday,주말
2025-01-13 15:45,경찰청,일반국도,43.0,동구릉대로,,기타,통제,<통제> 일반국도43호선 은혜와진리교회구리성 교문사거리 1차로 주의운전  -,127.130629,37.601243,2210004501,2025-01-13 16:15,Monday,평일
2025-01-13 23:20,한국도로공사,고속국도,60.0,서울양양고속도로,양양 방향,재난,결빙,"결빙""주의""",128.5283,37.9891,2670223800,-,Monday,평일
2025-01-13 8:22,경찰청,특별광역시도,0.0,동중앙대로,,공사,작업,<공사> 동중앙로 우송중학교 수양2길4 3차로 주의운전 유지보수 -,127.441537,36.334509,1830454200,2025-01-13 18:00,Monday,평일
2025-01-14 15:32,한국도로공사,고속국도,10.0,남해고속도로,순천 방향,기타돌발,차량증가/정체,(2차로)화물차고장처리중,128.5828,35.2888,4140171500,-,Tuesday,평일
2025-01-14 5:05,한국도로공사,고속국도,1.0,경부고속도로,서울 방향,재난,적설,"눈길""주의""",128.0025,36.1941,3530272700,-,Tuesday,평일
2025-01-14 5:29,한국도로공사,고속국도,45.0,중부내륙고속도로,창원 방향,기타돌발,차량증가/정체,차량증가/정체,127.7312,37.0484,2720964500,2025-01-14 7:45,Tuesday,평일
2025-01-15 11:30,한국도로공사,고속국도,1.0,경부고속도로,부산 방향,재난,강풍,"강풍""주의""",128.776,35.8796,3600020602,2025-01-16 9:44,Wednesday,평일
2025-01-15 13:20,한국도로공사,고속국도,45.0,중부내륙고속도로,창원 방향,공사,작업,(1차로)이동청소및긴급노면보수작업중,127.5903,37.2319,2370601900,-,Wednesday,평일
2025-01-16 13:14,한국도로공사,고속국도,25.0,호남고속도로,순천 방향,공사,작업,(2차로)이동노면보수작업중,126.808,35.4397,3420162100,-,Thursday,평일
2025-01-16 2:16,한국도로공사,고속국도,12.0,광주대구고속도로,광주 방향,재난,강풍,"강풍""주의""",127.7494,35.5329,3960015200,2025-01-16 8:52,Thursday,평일
2025-01-16 6:32,한국도로공사,고속국도,15.0,서해안고속도로,서울 방향,기타돌발,차량증가/정체,차량증가/정체,126.8917,37.4588,1170000400,-,Thursday,평일
2025-01-16 6:46,경찰청,일반국도,3.0,성남대로,,교통사고,사고,<사고> 일반국도3호선 태평역사거리 태평고개사거리 5차로 주의운전 고장 차량 -,127.127574,37.442661,2040002401,2025-01-16 7:16,Thursday,평일
2025-01-16 7:16,한국도로공사,고속국도,1.0,경부고속도로,서울 방향,교통사고,사고,(갓길)화물차승용차추돌사고처리중,127.4322,36.5599,2830047200,-,Thursday,평일
2025-01-17 0:49,한국도로공사,고속국도,104.0,남해고속도로제2지선,서부산 방향,기타돌발,고장,(갓길)승용차고장처리중,128.9489,35.1565,1410008400,-,Friday,평일
2025-01-17 14:50,한국도로공사,고속국도,45.0,중부내륙고속도로,양평 방향,기타돌발,고장,(갓길)승용차고장처리중,127.896,36.8806,2800540400,-,Friday,평일
2025-01-17 17:08,경찰청,도시고속국도,88.0,올림픽대로,김포 방향,교통사고,사고,<사고> 올림픽대로 한남IC 한남대교분기점 3차로 추돌사고 올림픽대로 한남대교남단→반포대교남단 김포 방향 -,127.015589,37.523433,1210005304,2025-01-17 17:38,Friday,평일
2025-01-17 21:24,한국도로공사,고속국도,10.0,남해고속도로,부산 방향,기타돌발,고장,(갓길)승용차고장처리중,128.6068,35.2862,4140170600,-,Friday,평일
2025-01-17 9:32,한국도로공사,고속국도,27.0,순천완주고속도로,순천 방향,공사,작업,(갓길)이동오물수거작업중,127.312,35.6333,3160033100,-,Friday,평일
2025-01-17 9:39,한국도로공사,고속국도,30.0,당진대전선,대전 방향,공사,작업,(차로교대)노면보수작업중,126.972,36.5675,2860170700,-,Friday,평일
2025-01-18 14:16,한국도로공사,고속국도,100.0,수도권제1순환고속도로,판교-구리 방향,공사,작업,(차로교대)노면보수작업,127.1484,37.5104,2270545600,-,Saturday,주말
2025-01-18 19:16,경찰청,도시고속국도,61.0,동부간선도대로,,교통사고,사고,<사고> 동부간선도로 탄천1교 수서지하차도북측 1차로 서행 고장 차량  서울청,127.086827,37.49757,1220001703,2025-01-18 19:46,Saturday,주말
2025-01-18 19:42,한국도로공사,고속국도,50.0,영동고속도로,강릉 방향,기타돌발,고장,(갓길)고장차처리중,127.5006,37.245,2300699200,-,Saturday,주말
2025-01-19 15:52,한국도로공사,고속국도,110.0,제2경인고속도로,성남 방향,기타돌발,차량증가/정체,차량증가/정체,126.7066,37.4337,1640320400,-,Sunday,주말
2025-01-19 21:00,한국도로공사,고속국도,50.0,영동고속도로,강릉 방향,기타돌발,고장,(갓길)고장차처리중,127.3191,37.2479,2430202800,-,Sunday,주말
2025-01-19 7:00,한국도로공사,고속국도,40.0,평택제천고속도로,제천 방향,기타돌발,고장,(갓길)승용차고장처리중,126.9326,37.0487,2140029204,-,Sunday,주말
2025-01-20 16:22,한국도로공사,고속국도,30.0,청주영덕선,청주 방향,기타돌발,차량증가/정체,차량증가/정체,127.6183,36.4789,2750370200,-,Monday,평일
2025-01-20 8:16,경찰청,시군도,0.0,익산대로,,공사,작업,<공사> 오고파길 이일여자중고교 지혜속셈학원 1차로 주의운전 도로공사 -,126.949602,35.935938,3080308300,2025-01-20 18:00,Monday,평일
2025-01-20 8:24,경찰청,일반국도,0.0,중앙대로,,교통사고,사고,<사고> 중앙대로 초지역 고잔역 5차로 주의운전 교통사고 -,126.80927,37.31953,2170037300,2025-01-20 8:54,Monday,평일
2025-01-20 9:21,한국도로공사,고속국도,35.0,중부고속도로,남이 방향,공사,작업,(갓길)노면청소및데리네이터세척이동작업중,127.4754,36.867,2790014800,-,Monday,평일
2025-01-21 10:56,경찰청,특별광역시도,0.0,상화대로,월곡네거리 방향,교통사고,사고,"<사고> 상화로 은행아파트앞교차로 월곡네거리 주의운전 사고 - <사고최초>상화로 앞산터널에서 월곡네거리방향 월곡네거리 250m 못간 지점 3,4차로 걸쳐 승용차 2대 접촉사고.  -",128.550237,35.808297,1560011500,2025-01-21 11:26,Tuesday,평일
2025-01-21 13:14,경찰청,도시고속국도,88.0,올림픽대로,,교통사고,사고,<사고> 올림픽대로 청담대교 영동대교 5차로  교통사고  서울청,127.058028,37.524546,1220005503,2025-01-21 13:44,Tuesday,평일
2025-01-21 13:14,한국도로공사,고속국도,35.0,통영대전고속도로,대전 방향,공사,작업,(1차로)이동청소작업중,128.3476,35.0094,3920210305,-,Tuesday,평일
2025-01-21 13:32,한국도로공사,고속국도,45.0,중부내륙고속도로,창원 방향,공사,작업,(1차로)이동노면보수작업중,127.5903,37.2319,2370601900,-,Tuesday,평일
2025-01-21 15:40,한국도로공사,고속국도,40.0,평택제천고속도로,평택 방향,기타돌발,고장,(갓길)대형화물차고장처리중,127.9876,37.0759,2720353700,-,Tuesday,평일
2025-01-21 15:48,경찰청,고속국도,25.0,호남고속도로,,공사,작업,<공사> 호남고속도로 못재터널북측 못재터널남측 주의운전 공사 - 호남고속도로 순천방면 못재터널 못간지점 1차로로 이동하며 작업 -,126.79218,35.274297,3420159600,2025-01-21 15:56,Tuesday,평일
2025-01-22 11:55,한국도로공사,고속국도,20.0,대구포항선,포항 방향,기타돌발,고장,(갓길)화물차고장처리중,129.1869,36.0857,3510012401,-,Wednesday,평일
2025-01-22 18:08,경찰청,도시고속국도,70.0,강변북대로,,교통사고,사고,<사고> 강변북로 성산대교 양화대교 2차로  교통사고  서울청,126.898333,37.553718,1130002303,2025-01-22 18:38,Wednesday,평일
2025-01-23 10:07,경찰청,특별광역시도,0.0,둔산서대로,,공사,작업,<공사> 청사서로 시교육청네거리 탐앤탐스대전시청점 1차로 주의운전 고가 시설 작업 -,127.382853,36.35162,1850108300,2025-01-23 18:00,Thursday,평일
2025-01-23 13:22,경찰청,국가지원지방도,98.0,남가대로,,교통사고,사고,<사고> 국가지원지방도98호선 연평리사거리 동연평교차로 1차로 주의운전 고장 차량 -,127.175514,37.694606,2220359800,2025-01-23 13:52,Thursday,평일
2025-01-23 14:24,경찰청,도시고속국도,70.0,강변북대로,,교통사고,사고,<사고> 강변북로 한남대교 동호대교 4차로  고장 차량  서울청,127.017023,37.537939,1030001200,2025-01-23 14:54,Thursday,평일
2025-01-23 3:53,한국도로공사,고속국도,1.0,경부고속도로,부산 방향,기타돌발,고장,(1차로)승용차고장처리중,127.4515,36.363,1870205800,-,Thursday,평일
2025-01-23 7:07,경찰청,특별광역시도,0.0,천변우대로,신안교 방향,교통사고,사고,<사고> 천변우하로 예향2길 동운고가차도 주의운전 사고 - <긴급>설죽로 북부경찰서사거리에서 신안교방향 용주농협삼거리 지난 지점 2차로 승용차간 사고 -,126.883028,35.169934,1760396600,2025-01-23 7:37,Thursday,평일
2025-01-23 9:03,한국도로공사,고속국도,12.0,광주대구고속도로,대구 방향,공사,작업,(1차로이동)중분대이동청소작업중,128.4635,35.7925,1570030600,-,Thursday,평일
2025-01-23 9:35,한국도로공사,고속국도,10.0,남해고속도로,부산 방향,기타돌발,차량증가/정체,차량증가/정체,128.6479,35.2749,4140159000,-,Thursday,평일
2025-01-24 11:57,경찰청,특별광역시도,0.0,수영대로,장대골삼거리 방향,공사,작업,<공사> 수영로 엔제리너스부산남천 금련산역4번출구 주의운전 공사 - 수영로 KBS삼거리에서 장대골삼거리방향 좋은강안병원 못 간 지점 3차로를 막고 도시가스 공사 중임.  -,129.110726,35.14864,1430006502,2025-01-24 12:01,Friday,평일
2025-01-24 14:53,경찰청,도시고속국도,88.0,올림픽대로,,교통사고,사고,<사고> 올림픽대로 암사대교 천호대교 1차로 고장 차량  서울청,127.128298,37.561269,1240055104,2025-01-24 15:23,Friday,평일
2025-01-25 10:47,한국도로공사,고속국도,100.0,수도권제1순환고속도로,판교-일산 방향,기타돌발,차량증가/정체,차량증가/정체,126.8052,37.4493,2240029501,-,Saturday,주말
2025-01-25 11:21,한국도로공사,고속국도,60.0,서울양양고속도로,서울 방향,기타돌발,차량증가/정체,차량증가/정체,128.1371,37.7885,2570232300,-,Saturday,주말
2025-01-25 14:00,한국도로공사,고속국도,102.0,남해고속도로제1지선,함안 방향,기타돌발,장애물,(갓길)장애물조심,128.565,35.2365,4170064600,-,Saturday,주말
2025-01-25 14:33,한국도로공사,고속국도,50.0,영동고속도로,강릉 방향,기타돌발,차량증가/정체,차량증가/정체,126.9709,37.32,2000004001,-,Saturday,주말
2025-01-25 14:58,경찰청,국가지원지방도,0.0,대덕대로,파랑새사거리 방향,기타,행사,"<행사> 국가지원지방도57호선 은하수네거리 우리은행둔산지점 주의운전 행사 - 대덕대로, 은하수사거리에서 파랑새사거리 방향 집회로 인해 3,4차로 통제되고 있음  -",127.378813,36.351694,1850010301,2025-01-25 17:04,Saturday,주말
2025-01-26 18:16,경찰청,도시고속국도,70.0,강변북대로,,교통사고,사고,<사고> 강변북로 잠실대교 잠실철교 2차로 (승용차 낙하물) 후미 지체 적재물 낙하  서울청,127.090581,37.529468,1040020400,2025-01-26 18:49,Sunday,주말
2025-01-26 23:18,한국도로공사,고속국도,55.0,중앙고속도로,부산 방향,재난,적설,"눈길""주의""",128.544,36.6701,3700347700,-,Sunday,주말
2025-01-26 8:58,경찰청,고속국도,65.0,동해고속도로,속초 방향,교통사고,사고,"<사고> 동해고속도로 북강릉IC 북강릉IC 주의운전 사고 - 동해고속도로 속초방향 북강릉(69.8K)(1,2차로)승용차사고처리중 -",128.814063,37.83563,2520034100,2025-01-26 17:24,Sunday,주말
2025-01-26 9:25,한국도로공사,고속국도,120.0,경인고속도로,인천 방향,기타돌발,차량증가/정체,차량증가/정체,126.8216,37.5234,1140022202,-,Sunday,주말
2025-01-26 9:50,경찰청,시군도,0.0,조마루대로,,공사,작업,<공사> 조마루로 화목사거리 부명사거리 1차로 주의운전 유지보수 -,126.757134,37.499915,2420037800,2025-01-26 18:00,Sunday,주말
2025-01-27 11:12,한국도로공사,고속국도,10.0,남해고속도로,순천 방향,기타돌발,차량증가/정체,차량증가/정체,128.5522,35.2914,3900014901,-,Monday,공휴일
2025-01-27 11:33,한국도로공사,고속국도,35.0,통영대전고속도로,대전 방향,재난,강풍,"강풍""주의""",127.677,35.6623,3960025901,-,Monday,공휴일
2025-01-27 14:49,경찰청,도시고속국도,51.0,분당내곡간도시고속화도대로,분당 방향,교통사고,사고,<사고> 분당내곡간도시고속화도로 구룡터널내 분당방향 2차로 주의운전 고장 차량  서울청,127.061583,37.473007,1220041100,2025-01-27 15:50,Monday,공휴일
2025-01-27 15:03,한국도로공사,고속국도,1.0,경부고속도로,서울 방향,기타돌발,차량증가/정체,차량증가/정체,127.3085,36.7264,3010086800,-,Monday,공휴일
2025-01-27 18:21,한국도로공사,고속국도,12.0,광주대구고속도로,대구 방향,교통사고,사고,(갓길)승용차추돌사고,126.9595,35.2268,3290008203,-,Monday,공휴일
2025-01-27 19:03,한국도로공사,고속국도,35.0,중부고속도로,하남 방향,기타돌발,차량증가/정체,차량증가/정체,127.4259,36.6935,2840156700,-,Monday,공휴일
2025-01-27 6:51,경찰청,시군도,0.0,동부순환로,,기상,기상,<기상> 동부순환로 무래올사거리 반곡동산153 주의운전 기상 - 서울양양고속도로 강일(0K)-인제터널(128K)&quot;눈길&quot;주의  -,127.973737,37.334403,2510348303,2025-01-27 7:21,Monday,공휴일
2025-01-28 12:16,한국도로공사,고속국도,10.0,남해고속도로,부산 방향,기타돌발,차량증가/정체,차량증가/정체,128.5105,35.2834,3900014803,-,Tuesday,공휴일
2025-01-28 18:48,한국도로공사,고속국도,45.0,중부내륙고속도로,양평 방향,교통사고,사고,(2차로)승용차관련사고처리중,128.5047,35.3239,3900025300,-,Tuesday,공휴일
2025-01-28 18:59,한국도로공사,고속국도,1.0,경부고속도로,서울 방향,재난,적설,"눈길""주의""",128.0025,36.1941,3530272700,-,Tuesday,공휴일
2025-01-28 20:51,한국도로공사,고속국도,55.0,중앙고속도로,부산 방향,재난,적설,"눈길""주의""",128.5247,35.8965,-,-,Tuesday,공휴일
2025-01-29 11:14,한국도로공사,고속국도,15.0,서해안고속도로,목포 방향,기타돌발,고장,(갓길)화물고장차처리중,126.5846,35.3597,3180252400,2025-01-29 14:40,Wednesday,공휴일
2025-01-29 11:23,한국도로공사,고속국도,35.0,중부고속도로,하남 방향,기타돌발,차량증가/정체,차량증가/정체,127.4922,36.8439,2790616400,-,Wednesday,공휴일
2025-01-29 17:24,국도통합센터,일반국도,1.0,국도1호선,문산 방향,교통사고,추돌사고,,126.72488,34.97443,3270046001,2025-01-29 17:48,Wednesday,공휴일
2025-01-30 12:33,한국도로공사,고속국도,25.0,호남고속도로,순천 방향,기타돌발,차량증가/정체,차량증가/정체,126.8049,35.4316,3420162100,-,Thursday,공휴일
2025-01-30 2:05,경찰청,고속국도,151.0,서천공주고속도로,서천 방향,기상,기상,<기상> 서천공주고속도로 부여IC 율암리산116 기점방향  적설 부여IC → 율암리산116 서천공주선 기점,126.8627,36.3057,2940033100,2025-01-30 2:35,Thursday,공휴일
2025-01-30 9:16,경찰청,도시고속국도,22.0,동서고가대로,,공사,작업,<공사> 새벽로 새벽시장교차로 학장동 1차로 주의운전 도로공사 -,128.989276,35.149772,1440021900,2025-01-30 18:00,Thursday,공휴일
2025-01-31 11:04,한국도로공사,고속국도,12.0,광주대구고속도로,광주 방향,기타돌발,고장,(갓길)승용차고장처리중,127.8973,35.6279,3970315500,-,Friday,평일
2025-01-31 11:14,경찰청,일반국도,1.0,성산대로,,교통사고,사고,<사고> 일반국도48호선 현저고가 독립문 3차로 주의운전 교통사고 -,126.957259,37.5712,1120006306,2025-01-31 11:44,Friday,평일
2025-01-31 11:45,한국도로공사,고속국도,100.0,수도권제1순환고속도로,판교-일산 방향,공사,작업,(차로교대)긴급노면보수작업,127.1056,37.4076,2060360700,-,Friday,평일
2025-01-31 12:45,경찰청,고속국도,25.0,논산천안고속도로,천안 방향,교통사고,사고,"<사고> 천안논산고속도로 공주IC 전평교 주의운전 사고 - 논산천안고속도로 천안방향, 정우터널 1차로에서 승용차관련 사고처리 중.  -",127.110587,36.528583,2860025313,2025-01-31 13:15,Friday,평일
2025-01-31 14:54,한국도로공사,고속국도,12.0,광주대구고속도로,대구 방향,재난,적설,"어는비""주의""",127.4806,35.4781,3100058000,-,Friday,평일
2025-01-31 23:45,한국도로공사,고속국도,16.0,울산고속도로,울산 방향,기상,강우,"빗길""주의""",129.2515,35.557,1960027802,-,Friday,평일
2025-01-31 8:20,경찰청,고속국도,65.0,동해고속도로,부산 방향,교통사고,사고,<사고> 동해고속도로 어단3교 강릉제5터널 기점방향  고장 어단3교 → 강릉제5터널 동해선(삼척-속초) 기점,128.9077,37.6877,2520671400,2025-01-31 8:52,Friday,평일
2025-01-31 9:41,경찰청,시군도,0.0,구영앞대로,,공사,작업,<공사> 구영앞길 한아름유치원 구영리9023 1차로 주의운전 유지보수 -,129.238801,35.568359,1961270301,2025-01-31 18:00,Friday,평일
2025-02-01 10:29,경찰청,일반국도,77.0,자유대로,,교통사고,사고,<사고> 자유로 고양시덕양구고양시일 자유로JC 1차로 주의운전 교통사고 -,126.79062,37.621889,2180373800,2025-02-01 10:59,Saturday,주말
2025-02-01 11:41,한국도로공사,고속국도,50.0,영동고속도로,인천 방향,기타돌발,고장,(갓길)승용차고장처리중,127.2688,37.2464,2430208500,-,Saturday,주말
2025-02-01 22:40,한국도로공사,고속국도,1.0,경부고속도로,서울 방향,기타돌발,고장,(갓길)고장차처리중,127.503,36.3514,1830192600,-,Saturday,주말
2025-02-01 7:37,한국도로공사,고속국도,30.0,청주영덕선,청주 방향,기상,강우,"빗길""주의""",128.2826,36.3752,3580207001,-,Saturday,주말
2025-02-02 14:12,경찰청,시군도,0.0,구암대로,,기타,통제,<통제> 구암31로 세풍길4 구암동행정복지센터 3차로 공사 통제 공사 -,126.744772,35.98432,3070193301,2025-02-02 14:42,Sunday,주말
2025-02-02 22:27,한국도로공사,고속국도,45.0,중부내륙고속도로,창원 방향,기타돌발,고장,(갓길)화물차고장처리중,128.4765,35.5431,3910020701,-,Sunday,주말
2025-02-02 2:38,한국도로공사,고속국도,15.0,서해안고속도로,서울 방향,기상,안개,"안개""주의""",126.557,35.298,3410013900,-,Sunday,주말
2025-02-03 11:57,한국도로공사,고속국도,7000.0,대구외곽순환고속도로,,기타돌발,고장,(갓길)승용차고장처리중,128.4705,35.8582,-,-,Monday,평일
2025-02-03 14:46,경찰청,국가지원지방도,23.0,안성대로,,공사,작업,<공사> 안성로 장기리8512 상이목교차로 1차로 주의운전 도로공사 -,127.651901,35.850267,3140003104,2025-02-03 18:00,Monday,평일
2025-02-03 16:19,한국도로공사,고속국도,15.0,서해안고속도로,목포 방향,교통사고,사고,(갓길)법면화재사고처리중,126.835,35.8093,3110349400,-,Monday,평일
2025-02-03 5:45,한국도로공사,고속국도,100.0,수도권제1순환고속도로,판교-일산 방향,기타돌발,차량증가/정체,차량증가/정체,126.7486,37.5087,2420269000,-,Monday,평일
2025-02-03 8:00,경찰청,일반국도,43.0,호국대로,,공사,작업,<공사> 일반국도30호선 상통사거리 임실 공설운동장  1차로 도로 확장공사로 1차로통제 지정체우려 도로공사 -,127.283228,35.611035,3160012200,2025-02-03 23:00,Monday,평일
2025-02-03 8:13,경찰청,일반국도,43.0,아차산대로,,공사,작업,<공사> 일반국도43호선 코스모스길삼거리 한다리마을입구교차로 4차로 주의운전 유지보수 -,127.128966,37.580412,2210001402,2025-02-03 11:00,Monday,평일
2025-02-04 18:13,국도통합센터,일반국도,46.0,국도46호선,양양 방향,공사,시설물보수작업,,127.77704,37.86891,2500027303,2025-02-04 18:14,Tuesday,평일
2025-02-04 19:47,경찰청,도시고속국도,70.0,강변북대로,,교통사고,사고,<사고> 강변북로 월드컵대교 성산대교 1차로  교통사고  서울청,126.89307,37.558218,1130094301,2025-02-04 20:17,Tuesday,평일
2025-02-04 20:22,한국도로공사,고속국도,300.0,대전남부선,산내 방향,교통사고,사고,"(1,2차로)사고처리중",127.3999,36.276,1840164600,-,Tuesday,평일
2025-02-04 21:10,경찰청,일반국도,26.0,번영대로,,교통사고,사고,<사고> 번영로 병영사거리 중부경찰서앞교차로 5차로 주의운전 교통사고 -,129.347265,35.56977,1920046100,2025-02-04 21:40,Tuesday,평일
2025-02-04 3:23,한국도로공사,고속국도,1.0,경부고속도로,부산 방향,기타돌발,고장,(갓길)소형화물차고장처리중,128.2849,36.1501,3550694300,-,Tuesday,평일
2025-02-04 7:58,한국도로공사,고속국도,20.0,익산장수선,장수 방향,공사,작업,(2차로)자재반입작업중,127.3072,35.7922,3130353300,-,Tuesday,평일
2025-02-05 11:21,한국도로공사,고속국도,25.0,호남고속도로,논산 방향,공사,작업,(2차로)긴급팻칭이동작업,126.9983,35.7694,3110010000,-,Wednesday,평일
2025-02-05 15:41,한국도로공사,고속국도,100.0,수도권제1순환고속도로,판교-구리 방향,기타돌발,고장,(4차로)소형화물차고장처리중,126.9459,37.3795,2090181300,-,Wednesday,평일
2025-02-05 16:28,한국도로공사,고속국도,10.0,남해고속도로,순천 방향,기타돌발,고장,(갓길)화물차고장처리중,127.8392,35.0082,3940006601,-,Wednesday,평일
2025-02-05 7:38,경찰청,시군도,0.0,냉천대로,,공사,작업,<공사> 소곡1로 안양씨엘포레자이아파 새길교회 1차로 주의운전 도로공사 -,126.926128,37.387255,2080012500,2025-02-05 18:00,Wednesday,평일
2025-02-05 8:21,경찰청,도시고속국도,70.0,강변북대로,구리 방향,교통사고,사고,<사고> 강변북로 노들직녀카페 장미맨션 2차로 고장차량 강변북로 한강대교북단→동작대교북단 구리 방향 -,126.963632,37.520725,1020000501,2025-02-05 8:51,Wednesday,평일
2025-02-06 10:01,경찰청,도시고속국도,30.0,내부순환도대로,성수JC 방향,공사,작업,<공사> 내부순환도로 한국환경보건안전과학 길음역10번출구 3차로 시설물보수 내부순환로 정릉램프→길음램프 성수JC 방향 -,127.027276,37.604552,1070000300,2025-02-06 10:31,Thursday,평일
2025-02-06 11:03,한국도로공사,고속국도,1.0,경부고속도로,부산 방향,기타,이벤트/홍보,**(서울방향)화장실이용불가**,129.0398,35.3365,3880009800,-,Thursday,평일
2025-02-06 19:04,한국도로공사,고속국도,60.0,서울양양고속도로,서울 방향,교통사고,사고,(갓길)승용차관련사고처리중,127.3289,37.6341,2220751400,-,Thursday,평일
2025-02-06 21:21,한국도로공사,고속국도,1.0,경부고속도로,부산 방향,기타돌발,고장,(갓길)대형화물차고장처리중,127.3827,36.6279,2710586000,-,Thursday,평일
2025-02-06 22:32,한국도로공사,고속국도,1.0,경부고속도로,부산 방향,재난,적설,"눈길""주의""",128.9556,35.9225,3570481300,-,Thursday,평일
2025-02-06 7:00,한국도로공사,고속국도,50.0,영동고속도로,인천 방향,기타돌발,차량증가/정체,차량증가/정체,126.8959,37.323,2250273200,-,Thursday,평일
2025-02-07 12:15,경찰청,고속국도,25.0,호남고속도로,,교통사고,사고,<사고> 호남고속도로 여산휴게소 논산JC 주의운전 사고 - 서해안고속도로 서울방면  무창포나들목 부근 2차로에서 화물차 단독사고. 현재 사고처리 안됨 -,127.10403,36.048642,3080421900,2025-02-07 12:45,Friday,평일
2025-02-07 17:43,한국도로공사,고속국도,25.0,호남고속도로,순천 방향,기타돌발,고장,(갓길)승용고장차량처리중,127.2314,35.2184,3300003301,-,Friday,평일
2025-02-07 18:11,한국도로공사,고속국도,10.0,남해고속도로,부산 방향,기타돌발,고장,(갓길)승용차고장처리중,128.6886,35.2764,4140158900,-,Friday,평일
2025-02-07 8:59,한국도로공사,고속국도,45.0,중부내륙고속도로,양평 방향,기타돌발,고장,(갓길)승용차고장처리중,127.6554,37.1364,2810042200,-,Friday,평일
2025-02-08 11:13,경찰청,시군도,0.0,운중대로,,교통사고,사고,<사고> 운중로 하산운사거리 판교동5841 1차로 주의운전 교통사고 -,127.088016,37.389895,2060006409,2025-02-08 11:43,Saturday,주말
2025-02-08 13:33,한국도로공사,고속국도,60.0,서울양양고속도로,서울 방향,교통사고,사고,(1차로)승용차관련사고처리중,127.4617,37.6501,2390304800,-,Saturday,주말
2025-02-08 8:19,경찰청,지방도,309.0,과천의왕간고속도로,송추 방향,공사,작업,"<공사> 과천의왕간고속도로 학의JC남측 학의JC북측 주의운전 공사 - 	(공사안내) 3월까지 수도권제1순환고속도로 송추방향, 학의분기점에서 평촌나들목구간 5차로에서 방음벽 설치작업을 실시함. -",127.001522,37.387253,2260008400,2025-02-08 8:22,Saturday,주말
2025-02-09 17:54,한국도로공사,고속국도,110.0,제2경인고속도로,인천 방향,기타돌발,고장,(갓길)승용차고장차처리중,126.8267,37.4401,2240024200,-,Sunday,주말
2025-02-09 23:33,한국도로공사,고속국도,1.0,경부고속도로,부산 방향,기타돌발,고장,(갓길)화물차고장처리완료,128.1788,36.1379,3530025802,2025-02-09 23:41,Sunday,주말
2025-02-09 23:58,한국도로공사,고속국도,27.0,순천완주고속도로,순천 방향,재난,적설,"눈길""주의""",127.3082,35.4029,3100051100,-,Sunday,주말
2025-02-09 9:37,경찰청,일반국도,0.0,금강대로,,교통사고,사고,<사고> 일반국도47호선 진건천교 연평IC교차로 1차로 주의운전 고장 차량 -,127.172148,37.705045,2220568600,2025-02-09 10:07,Sunday,주말
2025-02-10 10:05,경찰청,특별광역시도,0.0,옥산대로,,공사,작업,<공사> 옥산로 스마트셀프주유소 옥산교차로 2차로 주의운전 도로공사 -,126.749062,35.959764,3070492300,2025-02-10 10:35,Monday,평일
2025-02-10 10:58,한국도로공사,고속국도,29.0,세종포천고속도로,구리 방향,재난,적설,"눈길""주의""",127.321,36.976,-,-,Monday,평일
2025-02-10 11:32,경찰청,일반국도,48.0,사직대로,,교통사고,사고,<사고> 일반국도48호선 정부중앙청사앞교차로 경복궁역사거리 주의운전 사고 - 서울시 사직로 광화문교차로에서 경복궁역교차로구간 하위차로에서 레미콘차량과 승용차간의 사고처리 중.  -,126.972842,37.575941,1000011800,2025-02-10 11:36,Monday,평일
2025-02-10 14:53,한국도로공사,고속국도,55.0,중앙고속도로,춘천 방향,기타돌발,고장,(3차로)대형화물차고장처리중,128.1079,37.2055,2730612200,-,Monday,평일
2025-02-10 8:00,경찰청,일반국도,34.0,경동대로,,공사,작업,<공사> 경동로 망천리산682 마리삼거리 1차로 주의운전 도로공사 -,128.885885,36.545864,3540872500,2025-02-10 8:30,Monday,평일
2025-02-11 13:09,한국도로공사,고속국도,50.0,영동고속도로,강릉 방향,공사,작업,(2차로)터널노면보수작업중,128.5637,37.6528,2600034701,-,Tuesday,평일
2025-02-11 14:51,한국도로공사,고속국도,100.0,수도권제1순환고속도로,판교-구리 방향,기타돌발,차량증가/정체,차량증가/정체,126.8052,37.4493,2240029401,-,Tuesday,평일
2025-02-11 19:03,경찰청,특별광역시도,0.0,신암대로,,교통사고,사고,<사고> 신암로 대현동33818 칠성교북단교차로 주의운전 사고 - <사고최초>신암로 공고네거리에서 칠성시장방햐 강남약국 150m 못간 지점 3차로 사고로 보이는 승용차 정차중. -운전자 이야기중. -,128.608446,35.878263,1510030102,2025-02-11 19:07,Tuesday,평일
2025-02-11 9:23,한국도로공사,고속국도,15.0,서해안고속도로,목포 방향,공사,작업,"(2차로)노면보수,오물수거이동작업중",126.5635,36.2341,2870216800,2025-02-11 10:18,Tuesday,평일
2025-02-12 15:54,한국도로공사,고속국도,110.0,제2경인고속도로,성남 방향,기타돌발,차량증가/정체,차량증가/정체,126.912,37.4255,2080108700,-,Wednesday,평일
2025-02-12 6:35,한국도로공사,고속국도,50.0,영동고속도로,강릉 방향,재난,적설,"눈길""주의""",127.0025,37.3131,2007022500,-,Wednesday,평일
2025-02-12 6:50,한국도로공사,고속국도,55.0,중앙고속도로,부산 방향,재난,노면습기,"노면습기""주의""",128.3642,36.918,2820003401,-,Wednesday,평일
2025-02-13 10:04,한국도로공사,고속국도,35.0,중부고속도로,하남 방향,기타돌발,차량증가/정체,차량증가/정체,127.428,37.2319,2300019500,-,Thursday,평일
2025-02-13 11:52,한국도로공사,고속국도,104.0,남해고속도로제2지선,김해 방향,기타돌발,장애물,"(2,3차로)장애물조심",128.9382,35.1583,1410009500,-,Thursday,평일
2025-02-13 13:15,경찰청,특별광역시도,0.0,용산대로,,공사,작업,<공사> 용산로 행동교차로 파출소 1차로 주의운전 도로공사 -,126.912489,36.059684,3080274400,2025-02-13 13:45,Thursday,평일
2025-02-13 14:08,한국도로공사,고속국도,50.0,영동고속도로,인천 방향,교통사고,사고,(3차로)화물차관련사고처리중,128.6671,37.6859,2600034801,-,Thursday,평일
2025-02-13 14:15,한국도로공사,고속국도,100.0,수도권제1순환고속도로,판교-구리 방향,공사,작업,(차로교대)노면보수작업,127.0944,37.4057,2060010900,-,Thursday,평일
2025-02-14 10:59,한국도로공사,고속국도,60.0,서울양양고속도로,서울 방향,기타돌발,고장,(갓길)승용차고장처리중,127.4009,37.6363,2400477500,-,Friday,평일
2025-02-14 11:35,경찰청,고속국도,25.0,논산천안고속도로,천안 방향,교통사고,사고,"<사고> 천안논산고속도로 공주IC 전평교 주의운전 사고 - 논산천안고속도로 천안방향 정우터널(246.2km) 못 간 지점 가장자리 차로 승용차 관련 사고, 처리 중 -",127.110541,36.527913,2860025313,2025-02-14 12:05,Friday,평일
2025-02-14 1:25,한국도로공사,고속국도,600.0,부산외곽선,기장 방향,기타돌발,역주행,(갓길)역주행차량조심,128.8199,35.2943,3850926000,-,Friday,평일
2025-02-14 23:13,경찰청,특별광역시도,0.0,금남대로,양 방향,기타,통제,<통제> 금남로 금남로4가역앞교차로 동희산업 양방향 전체차로 주의운전  반대 차선 확인 요망,126.915463,35.150111,1750017401,2025-02-14 23:43,Friday,평일
2025-02-14 5:14,경찰청,시군도,0.0,신평화대로,,교통사고,사고,<사고> 신평화로 용현지하차도 용현지하차도 1차로 주의운전 교통사고 -,127.085612,37.729749,2070288400,2025-02-14 5:44,Friday,평일
2025-02-15 21:11,한국도로공사,고속국도,30.0,청주영덕선,영덕 방향,기타돌발,고장,(갓길)승용차고장처리중,128.0897,36.3982,3580455900,-,Saturday,주말
2025-02-15 8:12,한국도로공사,고속국도,40.0,평택제천고속도로,평택 방향,기상,안개,"안개""주의""",127.4115,36.9573,2790038400,-,Saturday,주말
2025-02-15 9:17,한국도로공사,고속국도,100.0,수도권제1순환고속도로,판교-일산 방향,교통사고,사고,(갓길)승용차관련사고처리중,126.752,37.5265,1670002400,-,Saturday,주말
2025-02-16 11:09,한국도로공사,고속국도,35.0,중부고속도로,남이 방향,교통사고,사고,(2차로)승용차관련사고처리중,127.4596,36.738,2840265100,-,Sunday,주말
2025-02-16 11:39,한국도로공사,고속국도,35.0,중부고속도로,남이 방향,기타돌발,차량증가/정체,차량증가/정체,127.4438,36.7163,2840198000,2025-02-16 11:54,Sunday,주말
2025-02-17 10:12,경찰청,특별광역시도,0.0,충장대로,,공사,작업,<공사> 충장대로 롯데캐슬드메르 제1지하차도교차로 1차로 주의운전 도로공사 -,129.047675,35.119639,1320028101,2025-02-17 10:42,Monday,평일
2025-02-17 15:49,한국도로공사,고속국도,1.0,경부고속도로,부산 방향,기타돌발,차량증가/정체,차량증가/정체,127.1697,36.9706,2310797600,-,Monday,평일
2025-02-17 7:22,경찰청,고속국도,35.0,중부고속도로,청주 방향,교통사고,사고,<사고> 중부고속도로 하남시광주시 광주IC서측 기점방향  고장 하남시광주시 → 광주IC서측 중부선 기점,127.2592,37.4513,2340607900,2025-02-17 7:54,Monday,평일
2025-02-17 9:26,한국도로공사,고속국도,40.0,평택제천고속도로,평택 방향,공사,작업,(2차로)소화기점검작업중,127.1679,37.0242,2310207500,-,Monday,평일
2025-02-18 6:51,한국도로공사,고속국도,15.0,서해안고속도로,서울 방향,기타돌발,차량증가/정체,차량증가/정체,126.887,37.2606,2330060200,-,Tuesday,평일
2025-02-19 14:25,경찰청,고속국도,15.0,서해안고속도로,무안 방향,교통사고,사고,<사고> 서해안고속도로 행담도휴게소 송악IC 기점방향 2차로 장애물 행담도휴게소 → 송악IC 서해안선 기점,126.8093,36.9429,3000039302,2025-02-19 14:56,Wednesday,평일
2025-02-19 7:54,한국도로공사,고속국도,30.0,청주영덕선,청주 방향,기타돌발,고장,(갓길)승합차고장처리중,128.9258,36.4375,3540352000,-,Wednesday,평일
2025-02-19 8:58,한국도로공사,고속국도,50.0,영동고속도로,강릉 방향,공사,작업,(갓길)이동시선유도봉설치작업중,127.9481,37.4012,2511022600,-,Wednesday,평일
2025-02-20 11:07,한국도로공사,고속국도,25.0,호남고속도로,순천 방향,기타돌발,장애물,(진입로갓길)노면잡물처리중,126.8842,35.1849,1780003551,-,Thursday,평일
2025-02-20 13:51,경찰청,고속국도,30.0,당진영덕고속도로,당진 방향,공사,작업,<공사> 당진영덕고속도로 북유성IC 금강교 기점방향  작업 북유성IC → 금강교 당진대전선 기점,127.2512,36.4545,4130093700,2025-02-20 16:53,Thursday,평일
2025-02-20 15:31,한국도로공사,고속국도,1.0,경부고속도로,서울 방향,교통사고,사고,(2차로)승용차관련사고처리중,127.1238,37.0894,2310799800,-,Thursday,평일
2025-02-20 9:43,한국도로공사,고속국도,1.0,경부고속도로,서울 방향,기타돌발,고장,(갓길)화물차고장처리중,127.1788,36.9593,3020534200,-,Thursday,평일
2025-02-21 10:37,한국도로공사,고속국도,35.0,통영대전고속도로,대전 방향,기타돌발,고장,(갓길)화물차고장처리중,127.7098,35.6348,3960025901,-,Friday,평일
2025-02-21 13:22,한국도로공사,고속국도,20.0,익산장수선,장수 방향,기타돌발,고장,(갓길)대형화물차고장처리중,127.48,35.7739,3130353100,-,Friday,평일
2025-02-21 14:17,한국도로공사,고속국도,55.0,중앙고속도로,부산 방향,기타돌발,고장,(갓길)승용차고장처리중,128.4744,36.8813,3560028802,-,Friday,평일
2025-02-21 15:16,한국도로공사,고속국도,35.0,중부고속도로,남이 방향,기타돌발,차량증가/정체,차량증가/정체,127.4201,36.6489,2710002501,-,Friday,평일
2025-02-21 6:34,한국도로공사,고속국도,100.0,수도권제1순환고속도로,판교-일산 방향,기타돌발,차량증가/정체,차량증가/정체,126.7753,37.4585,1650314500,-,Friday,평일
2025-02-21 7:46,경찰청,특별광역시도,0.0,충무대로,,공사,작업,<공사> 일반국도4호선 충대병원네거리 테미삼거리 3차로 후미 주의 하수도/배수로 작업 -,127.417983,36.318152,1840004500,2025-02-21 8:16,Friday,평일
2025-02-22 16:26,한국도로공사,고속국도,27.0,순천완주고속도로,완주 방향,기타돌발,고장,(갓길)승용차고장처리중,127.5048,35.0433,3260217700,-,Saturday,주말
2025-02-24 10:51,경찰청,특별광역시도,0.0,국회대로,,교통사고,사고,"<사고> 국회대로 목동교  경인고속입구교차로 4,5차로  교통사고  서울청",126.88692,37.530984,1140067100,2025-02-24 11:21,Monday,평일
2025-02-24 14:49,한국도로공사,고속국도,10.0,남해고속도로,부산 방향,기타돌발,장애물,(2차로)장애물조심,128.0525,35.0877,3840030000,-,Monday,평일
2025-02-24 19:16,경찰청,특별광역시도,0.0,한밭대로,,공사,작업,<공사> 한밭대로 누리네거리 부르심감리교회 1차로 주의운전 하수도/배수로 작업 -,127.368678,36.357571,1850133700,2025-02-24 19:46,Monday,평일
2025-02-24 7:08,한국도로공사,고속국도,50.0,영동고속도로,인천 방향,기타돌발,차량증가/정체,차량증가/정체,127.2056,37.2584,2430218700,-,Monday,평일
2025-02-24 7:50,경찰청,시군도,0.0,마한대로,,공사,작업,"<공사> 마한로 어양라온프라이빗1단 파인필드스크린골프 1,2차로 주의운전 도로공사 -",126.987371,35.96624,3080638001,2025-02-24 8:20,Monday,평일
2025-02-24 9:34,한국도로공사,고속국도,10.0,남해고속도로,부산 방향,기타돌발,차량증가/정체,차량증가/정체,128.6068,35.2862,4140170600,-,Monday,평일
2025-02-25 16:51,경찰청,고속국도,35.0,중부고속도로,청주 방향,교통사고,사고,<사고> 중부고속도로 표교리산3810 호법JC북측 기점방향 2차로 장애물 표교리산3810 → 호법JC북측 중부선 기점,127.4214,37.249,2300026300,2025-02-25 17:23,Tuesday,평일
2025-02-25 20:35,한국도로공사,고속국도,25.0,호남고속도로,논산 방향,기타,이륜차,"(1,2차로)이륜차운행확인중",126.8656,35.1929,1780006900,-,Tuesday,평일
2025-02-25 9:21,한국도로공사,고속국도,29.0,세종포천고속도로,구리 방향,공사,작업,(1차로)시설물설치작업중,127.2506,37.2818,-,-,Tuesday,평일
2025-02-26 13:24,한국도로공사,고속국도,110.0,제2경인고속도로,성남 방향,공사,작업,(갓길)풀베기작업중,126.7631,37.4321,1650003901,-,Wednesday,평일
2025-02-26 14:17,한국도로공사,고속국도,1.0,경부고속도로,부산 방향,기타돌발,고장,(5차로)버스고장처리중,127.0843,37.1508,2230344400,-,Wednesday,평일
2025-02-26 14:47,한국도로공사,고속국도,100.0,수도권제1순환고속도로,판교-일산 방향,공사,작업,(차로교대)노면보수작업ㅈ,127.1484,37.5104,2270545500,2025-02-26 15:10,Wednesday,평일
2025-02-26 14:48,경찰청,고속국도,30.0,당진영덕고속도로,영덕 방향,공사,작업,<공사> 당진영덕고속도로 하포리25940 예산수덕IC 종점방향  작업 하포리25940 → 예산수덕IC 당진대전선 종점,126.7735,36.6802,2980031402,2025-02-26 17:50,Wednesday,평일
2025-02-26 19:27,경찰청,도시고속국도,88.0,올림픽대로,김포 방향,교통사고,사고,"<사고> 올림픽대로 당산지하차도북측 한강자전거대여소양화 3,4차로 추돌사고 올림픽대로 양화대교남단→성산대교남단 김포 방향 -",126.893006,37.543545,1180004202,2025-02-26 19:57,Wednesday,평일
2025-02-26 21:37,한국도로공사,고속국도,50.0,영동고속도로,강릉 방향,공사,작업,"(2,3차로)노면보수작업중",126.8394,37.3483,2160017300,-,Wednesday,평일
2025-02-26 7:56,한국도로공사,고속국도,65.0,부산울산선,부산 방향,기타돌발,고장,(갓길)화물차고장처리중,129.2083,35.2206,1451153600,-,Wednesday,평일
2025-02-26 8:10,경찰청,시군도,0.0,구암대로,,기타,통제,<통제> 구암로 정식당 오일뱅크대신 1차로 공사 통제 공사 -,126.74609,35.982158,3070570201,2025-02-26 8:40,Wednesday,평일
2025-02-27 10:17,경찰청,시군도,0.0,신수대로,,공사,작업,<공사> 신수로 보정동26619 보쉬앞사거리 2차로 주의운전 유지보수 -,127.100976,37.320278,2440223801,2025-02-27 10:47,Thursday,평일
2025-02-27 6:24,한국도로공사,고속국도,1.0,경부고속도로,부산 방향,기타돌발,차량증가/정체,차량증가/정체,127.0727,37.4275,2040412000,-,Thursday,평일
2025-02-28 11:16,한국도로공사,고속국도,35.0,통영대전고속도로,통영 방향,교통사고,사고,"(1,2차로)승용차관련사고처리중",128.4062,34.9378,3830105000,-,Friday,평일
2025-02-28 15:45,한국도로공사,고속국도,35.0,중부고속도로,하남 방향,기타돌발,차량증가/정체,차량증가/정체,127.4438,36.7163,2840198100,-,Friday,평일
2025-02-28 18:14,한국도로공사,고속국도,35.0,중부고속도로,남이 방향,기타돌발,고장,(갓길)승용차고장처리중,127.2219,37.5157,2270000903,-,Friday,평일
2025-02-28 20:58,한국도로공사,고속국도,45.0,중부내륙고속도로,양평 방향,기타돌발,고장,(갓길)승합차고장처리중,128.3259,35.8396,3680450000,-,Friday,평일
2025-02-28 9:27,한국도로공사,고속국도,1.0,경부고속도로,부산 방향,공사,작업,(5차로)잡목제거작업중,127.1059,37.2373,2440069800,-,Friday,평일
2025-02-28 9:59,한국도로공사,고속국도,20.0,대구포항선,대구 방향,기타돌발,고장,(갓길)중형화물차고장처리중,129.0585,36.0447,3570032700,-,Friday,평일
2025-03-01 10:02,한국도로공사,고속국도,1.0,경부고속도로,서울 방향,기타돌발,차량증가/정체,차량증가/정체,127.4294,36.5687,2830051800,-,Saturday,주말
2025-03-01 10:08,한국도로공사,고속국도,45.0,중부내륙고속도로,양평 방향,기타돌발,차량증가/정체,차량증가/정체,128.1095,36.7115,3590600800,-,Saturday,주말
2025-03-01 10:55,한국도로공사,고속국도,45.0,중부내륙고속도로,양평 방향,기타돌발,고장,(갓길)승용차고장처리중,127.7181,37.0918,2720965200,-,Saturday,주말
2025-03-01 11:56,한국도로공사,고속국도,50.0,영동고속도로,인천 방향,기타돌발,차량증가/정체,차량증가/정체,127.882,37.3492,2510030532,-,Saturday,주말
2025-03-01 12:37,한국도로공사,고속국도,20.0,익산장수선,장수 방향,기상,강우,"빗길""주의""",127.171,35.8846,3120051102,-,Saturday,주말
2025-03-01 14:35,한국도로공사,고속국도,45.0,중부내륙고속도로,창원 방향,기타돌발,고장,(갓길)소형화물차고장처리중,128.2655,36.1687,3530046303,-,Saturday,주말
2025-03-01 15:03,한국도로공사,고속국도,151.0,서천공주고속도로,공주 방향,기타돌발,차량증가/정체,차량증가/정체,126.7742,36.0745,2950033300,-,Saturday,주말
2025-03-01 15:35,한국도로공사,고속국도,50.0,영동고속도로,인천 방향,기타돌발,차량증가/정체,차량증가/정체,128.4108,37.586,2600024002,-,Saturday,주말
2025-03-01 4:04,한국도로공사,고속국도,25.0,호남고속도로,논산 방향,기상,안개,"안개""주의""",126.8049,35.4316,3420162000,-,Saturday,주말
2025-03-02 10:24,경찰청,고속국도,110.0,제2경인고속도로,,교통사고,사고,<사고> 제2경인고속도로 문학IC 남동IC 5차로 4km(방향) 주의운전 고장 차량 -,126.676882,37.435746,1630000400,2025-03-02 10:54,Sunday,주말
2025-03-02 14:18,한국도로공사,고속국도,15.0,서해안고속도로,목포 방향,기타돌발,차량증가/정체,차량증가/정체,126.8552,36.9581,2140955500,-,Sunday,주말
2025-03-02 19:07,한국도로공사,고속국도,35.0,중부고속도로,남이 방향,기타돌발,차량증가/정체,차량증가/정체,127.4497,37.0923,2310051000,-,Sunday,주말
2025-03-03 15:49,한국도로공사,고속국도,15.0,서해안고속도로,목포 방향,기타돌발,차량증가/정체,차량증가/정체,126.8878,37.0755,2334281900,-,Monday,공휴일
2025-03-03 18:00,한국도로공사,고속국도,40.0,평택제천고속도로,제천 방향,기타돌발,차량증가/정체,차량증가/정체,127.4115,36.9573,2790038300,-,Monday,공휴일
2025-03-03 9:38,경찰청,시군도,0.0,고암대로,,공사,작업,<공사> 신평화로 회암ic 고암ic 1차로 주의운전 노변 유지보수 -,127.072646,37.832438,2350102900,2025-03-03 10:08,Monday,공휴일
2025-03-04 2:23,한국도로공사,고속국도,1.0,경부고속도로,서울 방향,재난,적설,"눈길""주의""",128.0013,36.2031,3530271200,-,Tuesday,평일
2025-03-04 7:47,경찰청,지방도,397.0,안양대로,,공사,작업,<공사> 안양로 안양여고사거리 안양동12231 1차로 주의운전 도로공사 -,126.918823,37.401873,2080033201,2025-03-04 8:17,Tuesday,평일
2025-03-05 10:10,경찰청,특별광역시도,0.0,대영대로,,공사,작업,<공사> 대영로 서부산농협대신SMART지 서대신사거리 1차로 주의운전 유지보수 -,129.014278,35.109852,1310010300,2025-03-05 10:40,Wednesday,평일
2025-03-05 13:05,한국도로공사,고속국도,25.0,호남고속도로,순천 방향,공사,작업,(갓길)구간단속시스템설치작업중,126.8244,35.5615,3090007702,-,Wednesday,평일
2025-03-05 14:14,경찰청,시군도,0.0,구암대로,,공사,작업,<공사> 구암로 구암동 동행주유소 구암교삼거리 3차로 주의운전 노변 유지보수 -,126.747171,35.982465,3070570301,2025-03-05 14:44,Wednesday,평일
2025-03-05 4:28,한국도로공사,고속국도,10.0,남해고속도로,순천 방향,기타돌발,고장,(갓길)소형화물차고장처리중,127.3632,34.8245,3330051300,-,Wednesday,평일
2025-03-05 9:03,한국도로공사,고속국도,251.0,호남지선,대전 방향,공사,작업,(갓길)오물수거및긴급노면보수이동작업중,127.3174,36.2905,1860631600,-,Wednesday,평일
2025-03-05 9:48,경찰청,시군도,0.0,공단대로,,공사,작업,<공사> 공단대로 소룡사거리 동아아파트삼거리 3차로 주의운전 노변 유지보수 -,126.680781,35.972539,3070153300,2025-03-05 10:18,Wednesday,평일
2025-03-06 11:49,경찰청,특별광역시도,0.0,가마산대로,,교통사고,사고,<사고> 가마산로 신구로유수지 생태공원 한일유앤아이앞교차로 1차로 주의운전 교통사고  서울청,126.877262,37.48715,2130006300,2025-03-06 12:19,Thursday,평일
2025-03-07 17:21,한국도로공사,고속국도,1.0,경부고속도로,서울 방향,기타돌발,고장,(갓길)대형버스고장처리중,127.4302,36.533,2830042000,-,Friday,평일
2025-03-08 8:35,한국도로공사,고속국도,1.0,경부고속도로,서울 방향,기타돌발,고장,(갓길)승용차고장처리중,127.0692,37.431,2040412100,-,Saturday,주말
2025-03-09 15:59,한국도로공사,고속국도,20.0,대구포항선,대구 방향,기타돌발,고장,(갓길)승용차고장처리중,128.8942,36.0236,3570012311,-,Sunday,주말
2025-03-09 18:24,경찰청,시군도,0.0,다산중앙대로,,교통사고,사고,<사고> 다산중앙로82번길 다산동산304311 영동카크레인 1차로 주의운전 고장 차량 -,127.167305,37.619684,2220497300,2025-03-09 18:54,Sunday,주말
2025-03-09 3:19,한국도로공사,고속국도,50.0,영동고속도로,인천 방향,기상,안개,"안개""주의""",126.7397,37.4379,1650004300,-,Sunday,주말
2025-03-10 10:38,한국도로공사,고속국도,15.0,서해안고속도로,목포 방향,공사,작업,(차로교대)노면보수작업중,126.8736,37.0232,2140027401,-,Monday,평일
2025-03-10 11:19,경찰청,시군도,0.0,송내대로,,공사,작업,<공사> 송내대로 화목사거리 넘말사거리 주의운전 공사 - 부천 송내대로 넘말사거리에서 화목사거리구간 화목사거리 부근 하위차로 막고 공사하고 있음.  -,126.756909,37.499753,2420032500,2025-03-10 11:49,Monday,평일
2025-03-10 11:49,한국도로공사,고속국도,50.0,영동고속도로,인천 방향,기타돌발,고장,(갓길)승용차고장처리중,127.2519,37.2454,2430208500,-,Monday,평일
2025-03-10 17:49,한국도로공사,고속국도,50.0,영동고속도로,강릉 방향,기타돌발,차량증가/정체,차량증가/정체,126.9071,37.3226,2250001400,-,Monday,평일
2025-03-10 5:39,경찰청,고속국도,1.0,경부고속도로,부산 방향,교통사고,사고,<사고> 경부고속도로 영동3터널동측 한곡1교서측 기점방향  고장 영동3터널동측 → 한곡1교서측 경부선 기점,127.7799,36.276,2770311500,2025-03-10 6:11,Monday,평일
2025-03-10 8:12,경찰청,도시고속국도,88.0,올림픽대로,,교통사고,사고,<사고> 올림픽대로 반포대교 한남대교 5차로  고장 차량  서울청,127.011776,37.519451,1210005403,2025-03-10 8:42,Monday,평일
2025-03-10 8:30,한국도로공사,고속국도,15.0,서해안고속도로,목포 방향,공사,작업,(1차로)노면하자보수작업중,126.503,34.9544,3390007302,-,Monday,평일
2025-03-10 8:56,한국도로공사,고속국도,100.0,수도권제1순환고속도로,판교-구리 방향,기타돌발,차량증가/정체,경부선진출로,127.1224,37.4169,2050210900,-,Monday,평일
2025-03-10 9:36,한국도로공사,고속국도,1.0,경부고속도로,서울 방향,공사,작업,(1차로)이동청소작업중,127.0846,37.1421,2230344300,-,Monday,평일
2025-03-11 10:36,경찰청,일반국도,21.0,호남대로,,공사,작업,<공사> 일반국도21호선 중인교차로 쑥고개교차로 1차로 주의운전 도로공사 -,127.090286,35.773021,3050266400,2025-03-11 11:06,Tuesday,평일
2025-03-11 16:25,경찰청,도시고속국도,11.0,신천대로,,공사,작업,<공사> 신천대로 팔달교지하차도동측 웨딩라이프컴퍼니더블 3차로 주의운전 도로공사 -,128.561894,35.897498,1540002806,2025-03-11 16:55,Tuesday,평일
2025-03-11 17:53,경찰청,도시고속국도,88.0,올림픽대로,구리 방향,교통사고,사고,"<사고> 올림픽대로 강일IC 강일IC 주의운전 사고 - 수도권제1순환고속도로 판교에서 구리방향, 강일나들목 부근 1차로에서 승용차관련 사고처리 중. -",127.165506,37.572983,1240057200,2025-03-11 18:23,Tuesday,평일
2025-03-11 7:51,국도통합센터,일반국도,5.0,국도5호선,철원 방향,공사,시설물보수작업,,127.87764,37.669,2570012000,2025-03-11 17:23,Tuesday,평일
2025-03-12 10:22,경찰청,고속국도,1.0,경부고속도로,한남IC 방향,교통사고,사고,<사고> 경부고속도로 반포IC 한남IC 1차로 0km(한남IC방향) 주의운전 고장 차량 -,127.018016,37.504563,1210004802,2025-03-12 10:52,Wednesday,평일
2025-03-12 11:59,경찰청,특별광역시도,0.0,봉은사대로,,공사,작업,<공사> 봉은사로114길 강남경찰서사거리 서울의료원별관 1차로 주의운전 도로공사 -,127.065753,37.513251,1220110000,2025-03-12 12:29,Wednesday,평일
2025-03-12 13:49,경찰청,시군도,0.0,만안대로,,공사,작업,<공사> 만안로 안양동60714 아발론호텔 1차로 주의운전 지하 시설 작업 -,126.930242,37.39365,2080020900,2025-03-12 14:19,Wednesday,평일
2025-03-12 15:47,한국도로공사,고속국도,15.0,서해안고속도로,목포 방향,기타돌발,고장,(갓길)승용고장차처리중,126.8362,35.9686,3070036700,-,Wednesday,평일
2025-03-13 11:19,경찰청,고속국도,1.0,경부고속도로,서울 방향,교통사고,사고,<사고> 경부고속도로 장산리1471 목천IC 종점방향  고장 장산리1471 → 목천IC 경부선 종점,127.2234,36.7465,3010100000,2025-03-13 11:51,Thursday,평일
2025-03-13 12:39,경찰청,일반국도,17.0,완주대로,,공사,작업,"<공사> 일반국도17호선 완주IC교차로 운곡리9896 1,2차로 주의운전 도로공사 -",127.157675,35.903537,3120028511,2025-03-13 13:09,Thursday,평일
2025-03-13 15:07,한국도로공사,고속국도,50.0,영동고속도로,인천 방향,교통사고,사고,(갓길)사고처리중,128.5528,37.6482,2600034801,-,Thursday,평일
2025-03-13 6:35,한국도로공사,고속국도,110.0,제2경인고속도로,인천 방향,기타돌발,차량증가/정체,차량증가/정체,126.8492,37.4399,2130002400,-,Thursday,평일
2025-03-13 6:37,한국도로공사,고속국도,15.0,서해안고속도로,목포 방향,기타돌발,차량증가/정체,차량증가/정체,126.8869,37.4079,2080001901,-,Thursday,평일
2025-03-13 8:42,한국도로공사,고속국도,55.0,중앙고속도로,부산 방향,기타,보행자,(갓길)보행자처리완료,128.5335,35.9315,1540009321,2025-03-14 10:20,Thursday,평일
2025-03-13 9:52,한국도로공사,고속국도,50.0,영동고속도로,강릉 방향,공사,작업,(1차로)이동잡물제거작업중,127.2891,37.2391,2430198100,-,Thursday,평일
2025-03-14 17:51,한국도로공사,고속국도,55.0,중앙고속도로,부산 방향,기타돌발,차량증가/정체,차량증가/정체,127.7674,37.842,2500001606,-,Friday,평일
2025-03-14 6:55,한국도로공사,고속국도,35.0,통영대전고속도로,통영 방향,기타돌발,고장,(갓길)승용차고장처리중,127.6199,35.7118,3150037000,-,Friday,평일
2025-03-14 7:34,한국도로공사,고속국도,35.0,중부고속도로,남이 방향,기타돌발,고장,(갓길)승용차고장처리중,127.462,36.7399,2840265100,-,Friday,평일
2025-03-15 11:04,경찰청,특별광역시도,0.0,강동대로,,공사,작업,"<공사> 강동대로 올림픽대교남단 올림픽대교남단교차로 1,2차로 [공사] 강동대로 올림픽대교남단~올림픽대교남단교차로 공사관련 양방 2개차로씩 통제 도로공사  서울청",127.111542,37.527598,1230035502,2025-03-15 22:00,Saturday,주말
2025-03-15 15:00,경찰청,특별광역시도,0.0,삼청대로,,기타,행사,"<행사> 삼청로 대한출판문화협회 경복궁역사거리 1,2,3,4차로 [집회] 장소: 동십자교차로~정부서울청사교차로 편도전차로 및 역방3개차로 집회  서울청",126.979318,37.575933,1000014301,2025-03-15 15:30,Saturday,주말
2025-03-15 16:03,한국도로공사,고속국도,50.0,영동고속도로,강릉 방향,기타돌발,차량증가/정체,차량증가/정체,127.5871,37.2327,2370012400,-,Saturday,주말
2025-03-15 22:16,한국도로공사,고속국도,1.0,경부고속도로,부산 방향,기타돌발,고장,(갓길)승용차고장처리중,129.1327,35.5765,1960037503,-,Saturday,주말
2025-03-16 13:46,한국도로공사,고속국도,104.0,남해고속도로제2지선,서부산 방향,기상,강우,"빗길""주의""",128.9704,35.1528,1440000300,2025-03-16 17:58,Sunday,주말
2025-03-16 4:28,한국도로공사,고속국도,1.0,경부고속도로,서울 방향,기상,강우,"빗길""주의""",127.3837,36.6254,2710586100,-,Sunday,주말
2025-03-16 5:00,한국도로공사,고속국도,40.0,평택제천고속도로,평택 방향,기상,강우,"빗길""주의""",127.2454,36.9754,2310236100,-,Sunday,주말
2025-03-17 10:45,경찰청,시군도,0.0,별내중앙대로,,공사,작업,<공사> 별내중앙로 이마트별내점 별내역아이파크스위트 2차로 주의운전 유지보수 -,127.12539,37.643037,2220312200,2025-03-17 11:15,Monday,평일
2025-03-17 11:29,한국도로공사,고속국도,10.0,남해고속도로,부산 방향,공사,작업,(갓길)이동청소작업중,128.9485,35.2226,1410123700,-,Monday,평일
2025-03-17 14:03,한국도로공사,고속국도,45.0,중부내륙고속도로,창원 방향,공사,작업,(갓길)배수로청소작업중,128.22,36.4134,3580008404,-,Monday,평일
2025-03-17 17:48,한국도로공사,고속국도,300.0,대전남부선,산내 방향,기타돌발,차량증가/정체,차량증가/정체,127.3377,36.2917,1850233400,-,Monday,평일
2025-03-17 23:55,한국도로공사,고속국도,50.0,영동고속도로,강릉 방향,재난,적설,"눈길""주의""",127.5871,37.2327,2370012400,-,Monday,평일
2025-03-17 6:40,한국도로공사,고속국도,110.0,제2경인고속도로,인천 방향,기타돌발,차량증가/정체,차량증가/정체,126.6841,37.4338,1630167200,-,Monday,평일
2025-03-18 10:16,한국도로공사,고속국도,45.0,중부내륙고속도로,창원 방향,공사,작업,(갓길)조경작업중,128.4961,35.3625,3900037901,-,Tuesday,평일
2025-03-18 12:20,경찰청,고속국도,120.0,경인고속도로,부천IC 방향,교통사고,사고,<사고> 경인고속도로 서운JC동측 부천IC서측 1차로 0km(부천IC방향) 주의운전 고장 차량 -,126.764298,37.523963,2420062200,2025-03-18 12:50,Tuesday,평일
2025-03-18 13:33,경찰청,일반국도,0.0,달구벌대로,,공사,작업,<공사> 달구벌대로 남부빌딩 만촌네거리 1차로 주의운전 도로공사 -,128.645454,35.858862,1550008100,2025-03-18 14:59,Tuesday,평일
2025-03-18 14:08,경찰청,특별광역시도,0.0,못골대로,,기타,통제,<통제> 남구청1길 못골역4번출구 못골역3번출구 1차로 주의운전 공사 -,129.083832,35.134928,1360022000,2025-03-18 15:00,Tuesday,평일
2025-03-18 15:51,한국도로공사,고속국도,15.0,서해안고속도로,목포 방향,기타돌발,장애물,"(2,3차로)장애물처리중",126.8705,36.9696,2140955500,-,Tuesday,평일
2025-03-18 1:50,한국도로공사,고속국도,35.0,통영대전고속도로,통영 방향,재난,적설,"눈길""주의""",127.7716,35.59,3960024401,-,Tuesday,평일
2025-03-18 9:45,경찰청,특별광역시도,0.0,태종대로,,공사,작업,<공사> 태종로 영도경찰서 대교사거리 1차로 주의운전 유지보수 -,129.039142,35.092355,1330015800,2025-03-18 10:15,Tuesday,평일
2025-03-19 17:52,경찰청,고속국도,1.0,경부고속도로,부산 방향,교통사고,사고,<사고> 경부고속도로 천안JC 목천IC 기점방향  고장 천안JC → 목천IC 경부선 기점,127.1969,36.7667,3010154500,2025-03-19 18:24,Wednesday,평일
2025-03-20 15:52,한국도로공사,고속국도,37.0,제2중부고속도로,이천 방향,기타돌발,차량증가/정체,차량증가/정체,127.3398,37.322,2340606200,-,Thursday,평일
2025-03-20 20:56,한국도로공사,고속국도,25.0,호남고속도로,논산 방향,기타돌발,고장,(2차로)노면보수작업중,126.8272,35.2206,1790018400,-,Thursday,평일
2025-03-20 21:46,한국도로공사,고속국도,100.0,수도권제1순환고속도로,판교-구리 방향,공사,작업,"(1,2차로)시설물점검작업중",127.0759,37.3957,2060358600,-,Thursday,평일
2025-03-20 7:04,한국도로공사,고속국도,1.0,경부고속도로,부산 방향,기타돌발,고장,"(2,3차로)소형화물차고장처리중",127.4327,36.5243,2830037100,-,Thursday,평일
2025-03-20 9:00,경찰청,도시고속국도,88.0,올림픽대로,,공사,작업,<공사> 올림픽대로 잠실철교 잠실대교 1차로 [공사]정밀안전점검 교통통제 및 점검장비 임대용역/ 장소: 올림픽대로 하행3교/ 부분통제 도로공사  서울청,127.098529,37.521573,1230086800,2025-03-28 18:00,Thursday,평일
2025-03-21 14:12,경찰청,고속국도,1.0,경부고속도로,,공사,작업,<공사> 경부고속도로 양재IC 서울만남의광장휴게소 1차로 주의운전 유지보수 -,127.042273,37.461066,1210000702,2025-03-21 14:42,Friday,평일
2025-03-21 14:57,한국도로공사,고속국도,15.0,서해안고속도로,목포 방향,기타돌발,차량증가/정체,차량증가/정체,126.8891,37.0666,2334281900,-,Friday,평일
2025-03-21 15:19,한국도로공사,고속국도,551.0,중앙선지선,김해 방향,기타돌발,고장,(갓길)화물차고장처리중,128.9426,35.2411,3850595500,-,Friday,평일
2025-03-21 5:35,한국도로공사,고속국도,100.0,수도권제1순환고속도로,판교-일산 방향,기타돌발,차량증가/정체,차량증가/정체,126.7779,37.5987,2320003200,-,Friday,평일
2025-03-22 13:54,한국도로공사,고속국도,1.0,경부고속도로,부산 방향,기타돌발,고장,(갓길)화물차고장처리중,129.0899,35.4822,3880025203,-,Saturday,주말
2025-03-23 11:10,경찰청,고속국도,1.0,경부고속도로,부산 방향,교통사고,사고,<사고> 경부고속도로 안성시천안시서북구 북천안IC 기점방향  고장 안성시천안시서북구 → 북천안IC 경부선 기점,127.1889,36.9203,3020534200,2025-03-23 11:42,Sunday,주말
2025-03-23 11:21,경찰청,국가지원지방도,31.0,해운대로,,공사,작업,<공사> 해운대로 올림픽교차로 삼호가든  2차로 주의운전 도로공사 -,129.131019,35.165724,1380040700,2025-03-23 18:51,Sunday,주말
2025-03-23 15:02,한국도로공사,고속국도,45.0,중부내륙고속도로,창원 방향,기타돌발,차량증가/정체,차량증가/정체,127.7511,37.0418,2720964500,-,Sunday,주말
2025-03-24 10:03,경찰청,일반국도,46.0,경춘북대로,,공사,작업,<공사> 경춘북로 퇴계원5리앞 퇴계원삼거리 4차로 주의운전 유지보수 -,127.137083,37.644786,2220019304,2025-03-24 10:33,Monday,평일
2025-03-24 15:38,한국도로공사,고속국도,130.0,인천공항선,서울 방향,공사,작업,"(2,3차로)탄력봉교체",126.4857,37.4715,1610003000,-,Monday,평일
2025-03-24 15:46,경찰청,고속국도,1.0,경부고속도로,서울 방향,공사,작업,<공사> 경부고속도로 계룡2교서측 황간터널동측 종점방향 1차로 작업 계룡2교서측 → 황간터널동측 경부선 종점,127.9522,36.2104,2770320500,2025-03-24 18:48,Monday,평일
2025-03-24 9:46,한국도로공사,고속국도,100.0,수도권제1순환고속도로,판교-구리 방향,공사,작업,(갓길)가드레일보수작업중,126.7525,37.5668,1670221800,-,Monday,평일
2025-03-25 10:09,한국도로공사,고속국도,37.0,제2중부고속도로,하남 방향,기타돌발,고장,(갓길)승용차고장처리중,127.3358,37.3284,2340607300,-,Tuesday,평일
2025-03-25 11:53,경찰청,도시고속국도,70.0,강변북대로,,교통사고,사고,<사고> 강변북로 성수대교  영동대교 4차로  교통사고  서울청 ,127.053635,37.534883,1030000304,2025-03-25 12:23,Tuesday,평일
2025-03-25 15:33,한국도로공사,고속국도,50.0,영동고속도로,인천 방향,기타돌발,고장,(갓길)승용차고장처리중,128.657,37.6826,2600034801,-,Tuesday,평일
2025-03-25 16:36,한국도로공사,고속국도,55.0,중앙고속도로,춘천 방향,기타돌발,차량증가/정체,차량증가/정체,128.9806,35.2353,3851176200,-,Tuesday,평일
2025-03-25 18:30,한국도로공사,고속국도,50.0,영동고속도로,강릉 방향,기타돌발,차량증가/정체,차량증가/정체,126.7672,37.3749,2240008602,-,Tuesday,평일
2025-03-25 20:35,한국도로공사,고속국도,50.0,영동고속도로,강릉 방향,공사,작업,"(3,4차로)시설물보수작업",127.0514,37.2991,2030327500,-,Tuesday,평일
2025-03-25 22:17,한국도로공사,고속국도,100.0,수도권제1순환고속도로,판교-구리 방향,기타돌발,고장,(갓길)화물차고장처리중,126.7913,37.6094,2180373500,-,Tuesday,평일
2025-03-25 8:56,한국도로공사,고속국도,10.0,남해고속도로,부산 방향,기타돌발,차량증가/정체,차량증가/정체,128.6268,35.279,4140159000,-,Tuesday,평일
2025-03-26 13:42,한국도로공사,고속국도,15.0,서해안고속도로,서울 방향,공사,작업,(갓길)고장차처리중,126.7359,35.6756,3190009600,-,Wednesday,평일
2025-03-26 8:54,한국도로공사,고속국도,20.0,익산장수선,익산 방향,공사,작업,(1차로)터널시설물철거작업중,127.501,35.7688,3130353200,-,Wednesday,평일
2025-03-27 13:15,한국도로공사,고속국도,1.0,경부고속도로,부산 방향,공사,작업,(3차로)터널청소작업중,127.7782,36.2748,2770311400,-,Thursday,평일
2025-03-27 21:00,한국도로공사,고속국도,10.0,남해고속도로,부산 방향,기타돌발,고장,(갓길)승용차고장처리중,128.5686,35.29,3900015001,-,Thursday,평일
2025-03-27 21:29,한국도로공사,고속국도,15.0,서해안고속도로,서울 방향,기상,강우,"빗길""주의""",126.8894,37.0576,2140043000,-,Thursday,평일
2025-03-27 21:34,한국도로공사,고속국도,45.0,중부내륙고속도로,양평 방향,공사,작업,(2차로)정밀안전점검진단작업중,127.8483,36.9614,2720963800,2025-03-28 3:24,Thursday,평일
2025-03-27 7:14,한국도로공사,고속국도,35.0,중부고속도로,남이 방향,기상,강우,"빗길""주의""",127.2697,37.4479,2340034300,-,Thursday,평일
2025-03-27 9:00,경찰청,특별광역시도,0.0,천변우대로,,공사,작업,"<공사> 천변우로 학림교 남광주고가차도 4,5차로 주의운전 도로공사 -",126.921853,35.136764,1750066300,2025-03-27 18:00,Thursday,평일
2025-03-27 9:08,한국도로공사,고속국도,15.0,서해안고속도로,목포 방향,공사,작업,(갓길)이동제설함수거작업중,126.6973,35.5902,3190280600,2025-03-27 9:58,Thursday,평일
2025-03-27 9:53,한국도로공사,고속국도,251.0,호남지선,대전 방향,공사,작업,(갓길)이동제설함정비작업중,127.28,36.2529,1850000500,-,Thursday,평일
2025-03-28 13:16,한국도로공사,고속국도,10.0,남해고속도로,순천 방향,교통사고,사고,(1차로)버스관련사고처리중,128.5642,35.2904,3900014901,-,Friday,평일
2025-03-28 13:31,한국도로공사,고속국도,1.0,경부고속도로,부산 방향,기타돌발,장애물,"(2,3차로)장애물(석재류)처리중",127.3472,36.7045,2710659900,-,Friday,평일
2025-03-28 15:03,경찰청,도시고속국도,88.0,올림픽대로,,교통사고,사고,<사고> 올림픽대로 성수대교 영동대교 3차로  교통사고  서울청,127.046453,37.529516,1220005401,2025-03-28 15:33,Friday,평일
2025-03-28 15:30,한국도로공사,고속국도,30.0,당진대전선,당진 방향,재난,강풍,"강풍""주의""",126.6184,36.8509,3000011700,-,Friday,평일
2025-03-28 9:36,한국도로공사,고속국도,1.0,경부고속도로,부산 방향,공사,작업,(5차로)시설정비작업중,127.1033,37.3543,2060358300,-,Friday,평일
2025-03-29 14:59,한국도로공사,고속국도,7000.0,대구외곽순환고속도로,,재난,강풍,"강풍""주의""",128.7016,35.8936,-,-,Saturday,주말
2025-03-29 5:00,국가센터,고속국도,55.0,중앙고속도로,양방향 방향,재난,기타,산불로 인한 남안동IC~서안동IC 전면차단,128.635826,36.532605,3540015312,2025-03-29 10:53,Saturday,주말
2025-03-29 8:34,한국도로공사,고속국도,100.0,수도권제1순환고속도로,판교-일산 방향,기타돌발,차량증가/정체,차량증가/정체,126.7487,37.5442,1670004000,-,Saturday,주말
2025-03-30 16:48,한국도로공사,고속국도,35.0,중부고속도로,하남 방향,기타돌발,고장,(1차로)승용차고장처리중,127.4881,36.8522,2790616400,-,Sunday,주말
2025-03-30 9:20,경찰청,특별광역시도,0.0,사가정대로,,공사,작업,<공사> 사가정로 용마터널동측 용마TG 3차로 주의운전 배수구 청소 -,127.124423,37.575825,2210060200,2025-03-30 9:50,Sunday,주말
2025-03-31 13:40,경찰청,지방도,592.0,충청대로,,공사,작업,<공사> 충청대로 수름재삼거리 주성사거리 2차로 주의운전 도로공사 -,127.496883,36.676926,2840147900,2025-03-31 18:00,Monday,평일
2025-03-31 21:36,한국도로공사,고속국도,50.0,영동고속도로,인천 방향,공사,작업,"(2,3차로)노면포장작업중",126.8394,37.3483,2160017200,-,Monday,평일
2025-03-31 8:52,경찰청,고속국도,151.0,서천공주고속도로,공주 방향,공사,작업,<공사> 서천공주고속도로 율암리산116 부여IC 종점방향  작업 율암리산116 → 부여IC 서천공주선 종점 ,126.8627,36.3057,2940033200,2025-03-31 11:54,Monday,평일
2025-03-31 9:06,경찰청,특별광역시도,0.0,강남대로,,교통사고,사고,<사고> 한남대교  남단 북단  1차로  교통사고  서울청 ,127.013451,37.526767,1220342400,2025-03-31 9:36,Monday,평일
2025-04-01 10:31,경찰청,특별광역시도,0.0,부흥대로,,공사,작업,<공사> 부흥로 하늘도시교회 부개여고삼거리 3차로 주의운전 표지판 작업 -,126.73887,37.497492,1660023002,2025-04-01 11:01,Tuesday,평일
2025-04-01 11:39,한국도로공사,고속국도,50.0,영동고속도로,강릉 방향,기타돌발,장애물,(1차로)장애물처리중,127.5982,37.2327,2370015300,-,Tuesday,평일
2025-04-01 11:57,한국도로공사,고속국도,1.0,경부고속도로,부산 방향,기타돌발,고장,(갓길)승용차고장처리중,128.4801,35.9292,3690695200,-,Tuesday,평일
2025-04-01 13:06,한국도로공사,고속국도,30.0,당진대전선,당진 방향,공사,작업,(1차로)중분대이동청소작업중,127.0282,36.4927,2860172111,-,Tuesday,평일
2025-04-01 13:54,경찰청,일반국도,26.0,번영대로,,공사,작업,"<공사> 일반국도26호선 단비교회 경장사거리 1,2차로 주의운전 도로공사 -",126.72778,35.972507,3070033202,2025-04-01 13:54,Tuesday,평일
2025-04-01 14:33,한국도로공사,고속국도,55.0,중앙고속도로,부산 방향,공사,작업,(2차로)터널내부카메라점검작업중,128.5944,36.4028,3620475500,-,Tuesday,평일
2025-04-01 18:26,한국도로공사,고속국도,1.0,경부고속도로,서울 방향,기타돌발,고장,(5차로)고장차처리중,127.1385,37.0374,2310798800,-,Tuesday,평일
2025-04-01 8:04,한국도로공사,고속국도,600.0,부산외곽선,창원 방향,공사,작업,(갓길)비탈면배수로정비작업중,129.1656,35.28,1450594300,-,Tuesday,평일
2025-04-02 10:33,한국도로공사,고속국도,12.0,광주대구고속도로,대구 방향,기타돌발,고장,(갓길)화물차고장처리중,128.0209,35.7025,3970046500,-,Wednesday,평일
2025-04-02 18:11,한국도로공사,고속국도,1.0,경부고속도로,부산 방향,기타,이벤트/홍보,"**(서울방향)금호대창하이패스신설공사중(102.2k,3차로통제)**",128.9,35.9012,3570481000,-,Wednesday,평일
2025-04-03 14:01,경찰청,시군도,0.0,고산대로,,공사,작업,<공사> 고산로 석실교 가운동사거리 1차로 주의운전 도로공사 -,127.17813,37.59492,2220065400,2025-04-03 14:31,Thursday,평일
2025-04-03 15:06,한국도로공사,고속국도,25.0,호남고속도로,순천 방향,기타돌발,고장,(갓길)승용차고장처리중,126.9464,35.6915,3090606500,-,Thursday,평일
2025-04-03 16:18,경찰청,고속국도,1.0,경부고속도로,부산 방향,공사,작업,<공사> 경부고속도로 안성시천안시서북구 북천안IC 기점방향  작업 안성시천안시서북구 → 북천안IC 경부선 기점 ,127.1894,36.9392,3020534200,2025-04-03 19:20,Thursday,평일
2025-04-03 17:13,한국도로공사,고속국도,45.0,중부내륙고속도로,창원 방향,기타돌발,고장,(갓길)승용차고장처리완료,128.2699,35.908,3680026200,2025-04-03 17:39,Thursday,평일
2025-04-03 1:57,한국도로공사,고속국도,100.0,수도권제1순환고속도로,판교-일산 방향,기타돌발,고장,(갓길)소형화물차고장처리중,126.804,37.627,2180007801,-,Thursday,평일
2025-04-03 21:36,한국도로공사,고속국도,50.0,영동고속도로,강릉 방향,공사,작업,"(3,4,5차로)노면보수작업중",127.158,37.2876,2440174000,-,Thursday,평일
2025-04-03 8:44,한국도로공사,고속국도,400.0,수도권제2순환고속도로,양주 방향,공사,작업,(1차로)차선도색및가드레일보수공사작업중,126.9517,37.8425,-,-,Thursday,평일
2025-04-03 9:35,경찰청,특별광역시도,0.0,동천대로,,공사,작업,<공사> 동천로 동문5차A삼거리 하손곡교동측 2차로 주의운전 유지보수 -,127.095936,37.339969,2450128400,2025-04-03 15:00,Thursday,평일
2025-04-04 10:32,경찰청,고속국도,20.0,익산포항고속도로,포항 방향,교통사고,사고,<사고> 새만금포항고속도로 곰티터널동측 마이산휴게소 종점방향  고장 곰티터널동측 → 마이산휴게소 익산장수선 종점 ,127.4262,35.7762,3130038900,2025-04-04 11:04,Friday,평일
2025-04-04 13:10,한국도로공사,고속국도,65.0,동해고속도로,부산 방향,기타돌발,고장,(1차로)승용차고장처리중,129.2822,35.5851,1960252800,-,Friday,평일
2025-04-04 15:08,한국도로공사,고속국도,50.0,영동고속도로,강릉 방향,기타돌발,고장,(갓길)화물차관련고장처리중,127.1449,37.2891,2440184900,-,Friday,평일
2025-04-05 10:02,한국도로공사,고속국도,1.0,경부고속도로,부산 방향,기상,강우,"빗길""주의""",127.3837,36.6254,2710586000,-,Saturday,주말
2025-04-05 14:08,경찰청,도시고속국도,88.0,올림픽대로,김포 방향,교통사고,사고,<사고> 올림픽대로 당산지하차도북측 한강자전거대여소양화 4차로 고장차량 올림픽대로 양화대교남단→성산대교남단 김포 방향 -,126.899195,37.539978,1180004202,2025-04-05 14:38,Saturday,주말
2025-04-05 3:01,한국도로공사,고속국도,10.0,남해고속도로,부산 방향,기타돌발,고장,(갓길)승용차고장처리중,128.5522,35.2914,3900015001,-,Saturday,주말
2025-04-06 12:53,한국도로공사,고속국도,50.0,영동고속도로,강릉 방향,기타돌발,고장,(갓길)화물차고장처리중,128.0829,37.4425,2580005301,-,Sunday,주말
2025-04-06 15:38,한국도로공사,고속국도,15.0,서해안고속도로,목포 방향,기타돌발,고장,(갓길)고장차처리중(승용),126.8352,35.956,3070036700,-,Sunday,주말
2025-04-06 15:41,한국도로공사,고속국도,15.0,서해안고속도로,서울 방향,기타돌발,고장,(2차로)장애물처리중,126.6185,36.8511,3000012400,-,Sunday,주말
2025-04-06 6:52,한국도로공사,고속국도,35.0,중부고속도로,하남 방향,기타돌발,장애물,(2차로)장애물(목재류)처리중,127.4767,36.7522,2840281100,-,Sunday,주말
2025-04-06 9:06,경찰청,특별광역시도,0.0,금남대로,,기타,통제,<통제> 금남로 동희산업 금남로4가역앞교차로 1차로 주의운전 행사 -,126.915646,35.150047,1750017302,2025-04-06 9:36,Sunday,주말
2025-04-07 14:58,경찰청,도시고속국도,70.0,강변북대로,일산 방향,공사,작업,<공사> 강변북로 서강대교북측 서강대교북측 1차로 시설물보수 강변북로 서강대교북단→양화대교북단 일산 방향 -,126.92758,37.544153,1130036500,2025-04-07 15:28,Monday,평일
2025-04-07 16:09,경찰청,고속국도,30.0,당진영덕고속도로,영덕 방향,교통사고,사고,<사고> 당진영덕고속도로 공주시세종특별자치시 동공주IC 종점방향  고장 공주시세종특별자치시 → 동공주IC 당진대전선 종점 ,127.1829,36.5006,4130206200,2025-04-07 16:41,Monday,평일
2025-04-07 8:20,경찰청,시군도,0.0,주현대로,,공사,작업,<공사> 주현로 인화동2가61 서진건설 2차로 주의운전 도로공사 -,126.955229,35.931522,3080332602,2025-04-07 8:50,Monday,평일
2025-04-07 8:46,한국도로공사,고속국도,10.0,남해고속도로,순천 방향,공사,작업,(2차로)터널시설물점점작업중,126.8562,34.6878,3350042800,-,Monday,평일
2025-04-08 13:56,한국도로공사,고속국도,551.0,중앙선지선,김해 방향,기타,보행자,(갓길)보행자조심,129.0115,35.3055,3880003100,-,Tuesday,평일
2025-04-08 19:37,한국도로공사,고속국도,1.0,경부고속도로,서울 방향,공사,작업,"(2,3차로)노면보수작업중",129.1789,35.6781,1960037624,-,Tuesday,평일
2025-04-08 20:05,한국도로공사,고속국도,35.0,중부고속도로,하남 방향,공사,작업,(2차로)리모델링다이크개량작업중,127.5078,36.7872,2790616400,-,Tuesday,평일
2025-04-08 8:10,경찰청,특별광역시도,0.0,안골대로,양 방향,기타,통제,<통제> 안골로 구도교 구도교 양방향 전체차로 주의운전 공사 반대 차선 확인 요망,127.472374,36.272388,1830448400,2025-04-08 23:59,Tuesday,평일
2025-04-08 9:59,경찰청,특별광역시도,0.0,상무중앙대로,,공사,작업,"<공사> 상무중앙로 상무역5번출구 한국은행4거리 3,4차로 주의운전 도로공사 -",126.848539,35.147808,1760115000,2025-04-08 18:00,Tuesday,평일
2025-04-09 16:11,한국도로공사,고속국도,15.0,서해안고속도로,목포 방향,기상,강우,"빗길""주의""",126.566,35.3144,3180252400,-,Wednesday,평일
2025-04-09 8:06,한국도로공사,고속국도,15.0,서해안고속도로,목포 방향,공사,작업,(갓길)비상회차로정비,126.8057,36.0016,3070052600,-,Wednesday,평일
2025-04-09 8:19,경찰청,도시고속국도,88.0,올림픽대로,,교통사고,사고,<사고> 올림픽대로 성수대교 동호대교 2차로  교통사고  서울청,127.027312,37.534162,1220005601,2025-04-09 8:49,Wednesday,평일
2025-04-10 13:48,경찰청,고속국도,100.0,서울외곽순환고속도로,서울 방향,교통사고,사고,<사고> 서울외곽순환고속도로 성남IC남측 성남IC북측 종점방향  고장 성남IC남측 → 성남IC북측 수도권제1순환선 종점 ,127.1234,37.4258,2050003900,2025-04-10 14:20,Thursday,평일
2025-04-10 6:26,한국도로공사,고속국도,55.0,중앙고속도로,부산 방향,기타돌발,고장,(갓길)승용차고장처리중,128.5274,35.9161,1540009311,-,Thursday,평일
2025-04-10 8:32,경찰청,고속국도,100.0,서울외곽순환고속도로,서울 방향,공사,작업,<공사> 서울외곽순환고속도로 서하남IC서측 송파구하남시 기점방향  작업 서하남IC서측 → 송파구하남시 수도권제1순환선 기점 ,127.1484,37.5104,2270545600,2025-04-10 11:34,Thursday,평일
2025-04-10 9:15,한국도로공사,고속국도,50.0,영동고속도로,강릉 방향,공사,작업,(차로교대)노면보수작업중,126.9372,37.3288,2250273300,-,Thursday,평일
2025-04-11 10:38,한국도로공사,고속국도,40.0,평택제천고속도로,평택 방향,기타돌발,장애물,"(1,2,3차로)장애물확인완료",127.0063,37.0246,2140683600,2025-04-11 10:50,Friday,평일
2025-04-11 11:53,경찰청,지방도,318.0,마당바위대로,,공사,작업,<공사> 지방도310호선 경동택배앞교차로 팔탄영광교회앞교차로 2차로 주의운전 도로공사 -,126.908114,37.160402,2330019802,2025-04-11 18:00,Friday,평일
2025-04-11 15:43,경찰청,특별광역시도,0.0,삼성대로,,교통사고,사고,"<사고> 삼성로 청담사거리 청담공원앞교차로 3,4차로 (건물 화재) 후미 지체 화재 서울청",127.049688,37.519608,1220034001,2025-04-11 16:24,Friday,평일
2025-04-11 8:01,한국도로공사,고속국도,10.0,남해고속도로,부산 방향,기타돌발,차량증가/정체,(갓길)도수로정비작업,128.0965,35.1247,3810002600,-,Friday,평일
2025-04-12 14:16,경찰청,일반국도,43.0,천호대로,,교통사고,사고,"<사고> 천호대로 아차산역 광나루역사거리 3,4차로 교통사고  서울청",127.090578,37.55033,1040003704,2025-04-12 14:46,Saturday,주말
2025-04-12 15:00,한국도로공사,고속국도,65.0,부산울산선,울산 방향,기타돌발,차량증가/정체,차량증가/정체,129.1875,35.1793,1380090903,-,Saturday,주말
2025-04-12 17:09,한국도로공사,고속국도,10.0,남해고속도로,부산 방향,기상,강우,"빗길""주의""",127.782,34.9887,3940391700,-,Saturday,주말
2025-04-12 18:40,경찰청,특별광역시도,0.0,남부순환로,,교통사고,사고,<사고> 남부순환로 신월IC 서서울호수공원앞교차 1차로 주의운전 교통사고 -,126.833272,37.528651,1140023402,2025-04-12 19:10,Saturday,주말
2025-04-12 22:44,한국도로공사,고속국도,50.0,영동고속도로,인천 방향,재난,적설,"눈길""주의""",126.7397,37.4379,1650004300,-,Saturday,주말
2025-04-12 23:58,한국도로공사,고속국도,15.0,서해안고속도로,서울 방향,재난,적설,"눈길""주의""",126.8917,37.4588,1170000400,-,Saturday,주말
2025-04-12 9:12,한국도로공사,고속국도,1.0,경부고속도로,부산 방향,기타돌발,고장,(갓길)소형화물고장차처리중,127.1669,36.7989,3010233800,-,Saturday,주말
2025-04-13 0:44,한국도로공사,고속국도,1.0,경부고속도로,부산 방향,기타돌발,고장,(5차로)고장차처리중,127.1059,37.2373,2440069800,-,Sunday,주말
2025-04-13 15:42,한국도로공사,고속국도,35.0,중부고속도로,하남 방향,기타돌발,차량증가/정체,차량증가/정체,127.4755,36.9299,2790015523,-,Sunday,주말
2025-04-13 19:24,경찰청,도시고속국도,44.0,북부간선도대로,,교통사고,사고,<사고> 북부간선도로 월릉IC 하월곡IC 2차로  교통사고  서울청,127.066661,37.615001,1070078000,2025-04-13 19:54,Sunday,주말
2025-04-13 9:24,경찰청,도시고속국도,88.0,올림픽대로,,교통사고,사고,<사고> 올림픽대로 성수대교 동호대교 4차로  교통사고  서울청,127.026515,37.533865,1220343000,2025-04-13 9:54,Sunday,주말
2025-04-13 9:37,한국도로공사,고속국도,12.0,광주대구고속도로,광주 방향,재난,강풍,"강풍""주의""",127.7494,35.5329,3960015200,-,Sunday,주말
2025-04-14 10:54,한국도로공사,고속국도,100.0,수도권제1순환고속도로,판교-일산 방향,기상,강우,"빗길""주의""",126.9678,37.3815,2090181700,-,Monday,평일
2025-04-14 13:23,경찰청,특별광역시도,0.0,수성대로,,공사,작업,<공사> 수성로 수성동4가10674 수성동4가109012 2차로 주의운전 유지보수 -,128.614232,35.861676,1550047905,2025-04-14 14:53,Monday,평일
2025-04-14 22:10,경찰청,도시고속국도,88.0,올림픽대로,김포 방향,공사,작업,"<공사> 올림픽대로 공중화장실구암 가양IC 3,4차로 포장공사 올림픽대로 가양대교남단→방화대교남단 김포 방향 -",126.846955,37.572547,1150003202,2025-04-14 22:40,Monday,평일
2025-04-14 2:26,한국도로공사,고속국도,100.0,수도권제1순환고속도로,판교-구리 방향,재난,적설,"눈길""주의""",126.7469,37.4998,2420011300,-,Monday,평일
2025-04-14 7:53,경찰청,일반국도,29.0,필문대로,양 방향,공사,작업,<공사> 필문대로 지산사거리 셀디스터디카페조선대 양방향 2차로 주의운전 도로공사 -,126.930235,35.150761,1750004500,2025-04-14 18:00,Monday,평일
2025-04-14 8:07,한국도로공사,고속국도,55.0,중앙고속도로,부산 방향,재난,적설,"눈길""주의""",128.1457,37.1294,2730018703,-,Monday,평일
2025-04-14 9:17,한국도로공사,고속국도,1.0,경부고속도로,부산 방향,공사,작업,(차로교대)노면보수작업중,127.1038,37.2642,2440069800,-,Monday,평일
2025-04-15 11:43,경찰청,고속국도,55.0,중앙고속도로,춘천 방향,교통사고,사고,<사고> 중앙고속도로 횡성터널북측 삼마치터널남측 종점방향  고장 횡성터널북측 → 삼마치터널남측 중앙선 종점 ,127.97,37.5993,2580029214,2025-04-15 12:15,Tuesday,평일
2025-04-15 12:00,경찰청,일반국도,47.0,양재대로,,교통사고,사고,<사고> 양재대로 길동역 길동사거리 1차로  교통사고  서울청,127.138701,37.534687,1240010102,2025-04-15 12:30,Tuesday,평일
2025-04-15 12:32,한국도로공사,고속국도,600.0,부산외곽선,창원 방향,교통사고,사고,(갓길)화물차단독사고처리중,128.7227,35.2848,3850923400,-,Tuesday,평일
2025-04-15 14:45,한국도로공사,고속국도,1.0,경부고속도로,서울 방향,기타돌발,고장,(갓길)화물차고장처리중,129.1139,35.5389,1961191301,-,Tuesday,평일
2025-04-15 8:42,한국도로공사,고속국도,35.0,통영대전고속도로,통영 방향,공사,작업,(1차로)표지판설치작업종료,128.0971,35.1384,3810006200,2025-04-15 15:10,Tuesday,평일
2025-04-15 9:38,한국도로공사,고속국도,40.0,평택제천고속도로,평택 방향,공사,작업,(2차로)교량하자보수작업중,127.6879,37.0087,2720329700,-,Tuesday,평일
2025-04-16 10:01,한국도로공사,고속국도,40.0,평택제천고속도로,평택 방향,기타돌발,차량증가/정체,차량증가/정체,127.31,36.9756,2310237600,-,Wednesday,평일
2025-04-16 10:09,한국도로공사,고속국도,30.0,당진대전선,당진 방향,공사,작업,(2차로)후타보수작업중,127.0049,36.5119,2860171402,-,Wednesday,평일
2025-04-16 13:10,한국도로공사,고속국도,35.0,통영대전고속도로,대전 방향,공사,작업,(갓길)통신설비점검작업중,128.1624,35.0956,3840463900,-,Wednesday,평일
2025-04-16 6:07,한국도로공사,고속국도,100.0,수도권제1순환고속도로,판교-구리 방향,기타돌발,차량증가/정체,차량증가/정체,126.755,37.4655,1650314900,2025-04-16 12:05,Wednesday,평일
2025-04-16 7:01,한국도로공사,고속국도,100.0,수도권제1순환고속도로,판교-구리 방향,기타돌발,차량증가/정체,차량증가/정체,127.1551,37.5994,2210002801,-,Wednesday,평일
2025-04-16 8:10,국도통합센터,일반국도,36.0,국도36호선,보령 방향,공사,시설물보수작업,,127.63482,36.86295,2810045500,2025-04-16 17:22,Wednesday,평일
2025-04-17 10:34,한국도로공사,고속국도,50.0,영동고속도로,인천 방향,공사,작업,(갓길)이동청소작업중,128.2814,37.5254,2580547100,-,Thursday,평일
2025-04-17 11:27,한국도로공사,고속국도,20.0,익산장수선,익산 방향,공사,작업,(갓길)충격완화시설복구작업중,127.6046,35.7287,3150038200,-,Thursday,평일
2025-04-17 12:13,한국도로공사,고속국도,20.0,대구포항선,대구 방향,재난,강풍,"강풍""주의""",128.6619,35.9124,1510047400,-,Thursday,평일
2025-04-17 13:30,한국도로공사,고속국도,50.0,영동고속도로,인천 방향,공사,작업,(1차로)시설물세척작업종료,126.7449,37.3938,2240011300,2025-04-17 16:45,Thursday,평일
2025-04-17 16:33,경찰청,특별광역시도,0.0,서해대로,양 방향,공사,작업,<공사> 서해로 예천사거리  석남사거리 양방향 전체차로 주의운전 도로도색 반대 차선 확인 요망,126.456344,36.768882,2890012011,2025-04-17 17:33,Thursday,평일
2025-04-17 20:06,한국도로공사,고속국도,50.0,영동고속도로,강릉 방향,교통사고,사고,(갓길)승용차사고처리중,128.4027,37.5798,2600023000,-,Thursday,평일
2025-04-17 21:12,한국도로공사,고속국도,100.0,수도권제1순환고속도로,판교-구리 방향,공사,작업,"(1,2차로)노면보수작업중",127.1358,37.4845,1230434200,-,Thursday,평일
2025-04-18 10:16,한국도로공사,고속국도,600.0,부산외곽선,기장 방향,기타돌발,장애물,(1차로)장애물처리중,129.0132,35.2727,3851176600,-,Friday,평일
2025-04-18 17:25,한국도로공사,고속국도,1.0,경부고속도로,서울 방향,기타돌발,차량증가/정체,차량증가/정체,129.1,35.2536,1400006900,-,Friday,평일
2025-04-18 8:41,경찰청,도시고속국도,88.0,올림픽대로,김포 방향,교통사고,사고,<사고> 올림픽대로 성수대교남측 동호대교JC 5차로 추돌사고 올림픽대로 성수대교남단→동호대교남단 김포 방향 -,127.030028,37.534287,1220005601,2025-04-18 9:11,Friday,평일
2025-04-18 9:05,한국도로공사,고속국도,15.0,서해안고속도로,목포 방향,공사,작업,"(2차로,갓길)노면청소이동작업중",126.4921,35.0075,3390007302,-,Friday,평일
2025-04-18 9:55,경찰청,특별광역시도,0.0,동대구대로,,기타,통제,"<통제> 동대구로 어린이회관삼거리 범어동690 4,5차로 주의운전  -",128.62513,35.849773,1550035601,2025-04-18 10:25,Friday,평일
2025-04-19 16:00,경찰청,시군도,0.0,쑥고개대로,,공사,작업,<공사> 쑥고개로 삼천동3가2896 GS주유소은일 1차로 주의운전 도로공사 -,127.086576,35.796287,3050003102,2025-04-19 16:30,Saturday,주말
2025-04-19 16:03,한국도로공사,고속국도,12.0,무안광주고속도로,무안 방향,기타돌발,장애물,(2차로)낙하물처리중,126.5146,35.0392,3400035700,-,Saturday,주말
2025-04-19 16:20,한국도로공사,고속국도,50.0,영동고속도로,인천 방향,기상,강우,"빗길""주의""",127.2046,37.2588,2430218700,-,Saturday,주말
2025-04-19 17:13,한국도로공사,고속국도,55.0,중앙고속도로,춘천 방향,기상,강우,"빗길""주의""",127.927,37.3271,2510007711,-,Saturday,주말
2025-04-19 19:34,한국도로공사,고속국도,600.0,부산외곽선,기장 방향,기상,강우,"빗길""주의""",129.0024,35.2709,3850931600,-,Saturday,주말
2025-04-19 9:17,한국도로공사,고속국도,1.0,경부고속도로,부산 방향,공사,작업,(진출로갓길)긴급사고복구작업완료,127.3479,36.708,2710659900,2025-04-19 9:37,Saturday,주말
2025-04-19 9:48,한국도로공사,고속국도,251.0,호남지선,대전 방향,교통사고,사고,(1차로)승용차관련사고처리중,127.3326,36.3744,1860007402,-,Saturday,주말
2025-04-20 14:00,한국도로공사,고속국도,60.0,서울양양고속도로,양양 방향,기타돌발,차량증가/정체,차량증가/정체,127.4102,37.6414,2400477600,-,Sunday,주말
2025-04-20 14:10,한국도로공사,고속국도,35.0,중부고속도로,남이 방향,기타돌발,차량증가/정체,차량증가/정체,127.439,37.1451,2310800100,-,Sunday,주말
2025-04-20 14:23,경찰청,일반국도,17.0,대전대로,,공사,작업,<공사> 일반국도17호선 대벌교 대성동삼거리 4차로 주의운전 유지보수 -,127.461536,36.294505,1830004500,2025-04-20 14:53,Sunday,주말
2025-04-20 17:55,한국도로공사,고속국도,1.0,경부고속도로,부산 방향,기타돌발,차량증가/정체,차량증가/정체,127.4175,36.4306,1870196300,-,Sunday,주말
2025-04-20 17:57,한국도로공사,고속국도,35.0,중부고속도로,하남 방향,기타돌발,차량증가/정체,차량증가/정체,127.4881,36.8522,2790616400,-,Sunday,주말
2025-04-20 19:36,한국도로공사,고속국도,104.0,남해고속도로제2지선,서부산 방향,기타돌발,장애물,"(2,3차로)장애물처리중",128.9134,35.1625,1410009400,-,Sunday,주말
2025-04-21 8:54,한국도로공사,고속국도,20.0,익산장수선,익산 방향,공사,작업,(갓길)오묾수거이동작업중,127.171,35.8846,3120050802,-,Monday,평일
2025-04-21 9:22,한국도로공사,고속국도,600.0,부산외곽선,기장 방향,공사,작업,(2차로)노면보수작업중,129.198,35.2805,1450595300,-,Monday,평일
2025-04-22 5:18,한국도로공사,고속국도,25.0,호남고속도로,순천 방향,기타돌발,고장,(갓길)화물차고장처리중,126.9868,35.7345,3110006300,-,Tuesday,평일
2025-04-22 5:29,한국도로공사,고속국도,50.0,영동고속도로,인천 방향,기상,강우,"빗길""주의""",126.7397,37.4379,1650004300,-,Tuesday,평일
2025-04-23 13:55,한국도로공사,고속국도,1.0,경부고속도로,부산 방향,기타돌발,장애물,(5차로)장애물처리중,127.1891,36.9041,3020411000,-,Wednesday,평일
2025-04-23 14:25,한국도로공사,고속국도,100.0,수도권제1순환고속도로,판교-구리 방향,기타돌발,고장,(5차로)승용차고장처리중,127.1415,37.499,1230434200,-,Wednesday,평일
2025-04-23 19:48,경찰청,도시고속국도,70.0,강변북대로,구리 방향,교통사고,사고,<사고> 강변북로 강변동양아파트 영동대교북측 5차로 고장차량 강변북로 성수→영동대교북단 구리 방향 -,127.056367,37.534133,1030000304,2025-04-23 20:18,Wednesday,평일
2025-04-23 20:00,한국도로공사,고속국도,1.0,경부고속도로,서울 방향,공사,작업,(갓길)포장연간유지보수작업중,128.3594,36.1137,3550120000,-,Wednesday,평일
2025-04-23 21:16,한국도로공사,고속국도,1.0,경부고속도로,서울 방향,공사,작업,"(3,4,5차로)노면포장작업중",127.1036,37.3137,2440200600,-,Wednesday,평일
2025-04-23 5:55,한국도로공사,고속국도,100.0,수도권제1순환고속도로,판교-일산 방향,기타돌발,차량증가/정체,차량증가/정체,126.752,37.5265,1670002400,-,Wednesday,평일
2025-04-23 6:40,한국도로공사,고속국도,50.0,영동고속도로,인천 방향,기타돌발,차량증가/정체,차량증가/정체,127.2046,37.2588,2430218700,-,Wednesday,평일
2025-04-23 8:06,한국도로공사,고속국도,35.0,통영대전고속도로,통영 방향,기타돌발,차량증가/정체,(갓길)교량도장작업중,128.3435,35.0124,3920210401,-,Wednesday,평일
2025-04-23 9:29,한국도로공사,고속국도,29.0,세종포천고속도로,포천 방향,공사,작업,"(1,2차로)차선도색작업중",127.2037,37.38,-,-,Wednesday,평일
2025-04-24 10:06,국도통합센터,일반국도,10.0,국도10호선,영암 방향,교통사고,추돌사고,,126.7292,37.4333,1650004600,2025-04-24 10:13,Thursday,평일
2025-04-24 10:38,경찰청,특별광역시도,0.0,충장대로,,공사,작업,<공사> 충장대로 제1지하차도 제1지하차도 1차로 주의운전 도로공사 -,129.046481,35.119314,1320005800,2025-04-24 11:08,Thursday,평일
2025-04-24 10:59,경찰청,도시고속국도,88.0,올림픽대로,,교통사고,사고,<사고> 올림픽대로 영동대교  성수대교  5차로  고장 차량  서울청 ,127.049134,37.529271,1220005502,2025-04-24 11:29,Thursday,평일
2025-04-24 12:42,경찰청,도시고속국도,88.0,올림픽대로,,교통사고,사고,<사고> 올림픽대로 가양대교  방화대교  4차로  고장 차량  서울청 ,126.8538,37.568637,1150003202,2025-04-24 13:12,Thursday,평일
2025-04-24 16:32,한국도로공사,고속국도,120.0,경인고속도로,인천 방향,기타돌발,차량증가/정체,차량증가/정체,126.6864,37.5233,1663132600,-,Thursday,평일
2025-04-24 17:38,한국도로공사,고속국도,120.0,경인고속도로,인천 방향,기타돌발,고장,(1차로)고장처리중,126.7056,37.5237,1660003702,-,Thursday,평일
2025-04-24 8:24,한국도로공사,고속국도,35.0,통영대전고속도로,통영 방향,공사,작업,(갓길)가로등세척작업중,128.3476,35.0094,3920210401,-,Thursday,평일
2025-04-24 8:39,국도통합센터,일반국도,46.0,국도46호선,양양 방향,교통사고,추돌사고,,127.77565,37.92408,2500151500,2025-04-24 9:21,Thursday,평일
2025-04-24 8:58,경찰청,국가지원지방도,56.0,청군대로,,공사,작업,<공사> 국가지원지방도56호선 직두3리마을회관 신팔리산142 1차로 주의운전 도로공사 -,127.262515,37.859309,2360138800,2025-04-24 9:28,Thursday,평일
2025-04-24 9:43,경찰청,특별광역시도,0.0,용대로,,공사,작업,<공사> 방림로 광주샘우편취급국 스타벅스광주방림DT점 1차로 주의운전 도로공사 -,126.91728,35.134887,1770040900,2025-04-24 10:13,Thursday,평일
2025-04-25 14:32,경찰청,도시고속국도,70.0,강변북대로,구리 방향,공사,작업,<공사> 강변북로 잠실철교북단 공중화장실광남중학교 2차로 시설물보수 강변북로 올림픽대교북단→천호대교북단 구리 방향 -,127.102683,37.539887,1040001201,2025-04-25 15:02,Friday,평일
2025-04-25 7:15,한국도로공사,고속국도,50.0,영동고속도로,강릉 방향,기타돌발,차량증가/정체,차량증가/정체,127.0422,37.3044,2030004700,-,Friday,평일
2025-04-26 10:10,경찰청,시군도,0.0,추동대로,,공사,작업,<공사> 추동로 추동로108번길59 신곡동8131 1차로 주의운전 유지보수 -,127.066533,37.74807,2070115301,2025-04-26 10:40,Saturday,주말
2025-04-26 10:29,한국도로공사,고속국도,100.0,수도권제1순환고속도로,판교-일산 방향,기타돌발,차량증가/정체,차량증가/정체,127.1224,37.4169,2050210800,-,Saturday,주말
2025-04-26 12:24,경찰청,고속국도,45.0,중부내륙고속도로,양평 방향,교통사고,사고,<사고> 중부내륙고속도로 남김천IC 김천2터널 종점방향  고장 남김천IC → 김천2터널 중부내륙선 종점 ,128.2666,36.1034,3530046501,2025-04-26 12:56,Saturday,주말
2025-04-26 13:57,한국도로공사,고속국도,30.0,청주영덕선,영덕 방향,기타돌발,고장,(갓길)화물차고장처리중,129.2696,36.4215,3650218500,-,Saturday,주말
2025-04-26 14:06,한국도로공사,고속국도,20.0,대구포항선,대구 방향,기타돌발,고장,(갓길)화물차고장처리중,128.8596,35.9923,3570012311,-,Saturday,주말
2025-04-26 15:56,한국도로공사,고속국도,45.0,중부내륙고속도로,창원 방향,기타돌발,차량증가/정체,차량증가/정체,127.6612,37.1287,2810749500,-,Saturday,주말
2025-04-26 8:12,경찰청,시군도,0.0,금릉역대로,,공사,작업,<공사> 금릉역로 금릉역1번출구 파주웨딩문화원 1차로 주의운전 유지보수 -,126.765523,37.751296,2290009700,2025-04-26 8:42,Saturday,주말
2025-04-26 9:48,한국도로공사,고속국도,50.0,영동고속도로,인천 방향,기타돌발,차량증가/정체,차량증가/정체,126.8176,37.3503,2170017100,-,Saturday,주말
2025-04-27 11:11,한국도로공사,고속국도,15.0,서해안고속도로,목포 방향,기타돌발,차량증가/정체,차량증가/정체,126.7592,36.9191,3000028401,-,Sunday,주말
2025-04-27 15:04,한국도로공사,고속국도,1.0,경부고속도로,서울 방향,재난,강풍,"강풍""주의""",128.0013,36.2031,3530271200,-,Sunday,주말
2025-04-27 19:48,한국도로공사,고속국도,15.0,서해안고속도로,목포 방향,교통사고,사고,(갓길)중형화물차화재사고처리중,126.494,34.9868,3390007302,-,Sunday,주말
2025-04-27 21:02,한국도로공사,고속국도,20.0,대구포항선,대구 방향,기타돌발,고장,(갓길)승용차고장처리중,128.9412,36.0386,3570012321,-,Sunday,주말
2025-04-28 11:05,한국도로공사,고속국도,55.0,중앙고속도로,춘천 방향,기타돌발,장애물,(2차로)장애물처리중,128.5809,36.3894,3620475600,-,Monday,평일
2025-04-28 13:34,한국도로공사,고속국도,15.0,서해안고속도로,목포 방향,교통사고,사고,(1차로)사고처리중,126.8769,37.3311,2250272800,-,Monday,평일
2025-04-28 7:14,한국도로공사,고속국도,1.0,경부고속도로,부산 방향,기타돌발,고장,(갓길)화물차고장처리중,127.3296,36.721,2710688200,-,Monday,평일
2025-04-29 14:45,한국도로공사,고속국도,20.0,익산장수선,익산 방향,기타돌발,고장,(갓길)승용차고장처리중,127.3955,35.7705,3130038900,-,Tuesday,평일
2025-04-29 7:57,경찰청,특별광역시도,0.0,구봉대로,,공사,작업,<공사> 구봉로 정림동우체국 늘사랑교회 1차로 주의운전 도로공사 -,127.365912,36.29995,1850159500,2025-04-29 18:00,Tuesday,평일
2025-04-30 10:03,경찰청,고속국도,1.0,경부고속도로,서울 방향,교통사고,사고,<사고> 경부고속도로 죽전교 죽암교 종점방향  고장 죽전교 → 죽암교 경부선 종점 ,127.4327,36.5243,2830037100,2025-04-30 10:35,Wednesday,평일
2025-04-30 14:25,한국도로공사,고속국도,15.0,서해안고속도로,서울 방향,기타돌발,고장,(갓길)고장차처리중,126.7207,36.9018,3000028301,-,Wednesday,평일
2025-04-30 15:07,한국도로공사,고속국도,45.0,중부내륙고속도로,창원 방향,기타돌발,차량증가/정체,차량증가/정체,127.7623,37.0407,2720964500,-,Wednesday,평일
2025-04-30 6:58,경찰청,고속국도,65.0,동해고속도로,부산 방향,교통사고,사고,<사고> 동해고속도로 구정면구정리766 남강릉IC 기점방향 2차로 장애물 구정면구정리766 → 남강릉IC 동해선(삼척-속초) 기점 ,128.8639,37.7056,2520012406,2025-04-30 7:30,Wednesday,평일
2025-04-30 8:19,한국도로공사,고속국도,30.0,당진대전선,당진 방향,공사,작업,(1차로)응력완화줄눈설치작업중,126.6472,36.8237,3000060200,-,Wednesday,평일
2025-05-01 10:43,한국도로공사,고속국도,35.0,통영대전고속도로,통영 방향,재난,강풍,"강풍""주의""",128.1074,35.1355,3810403700,-,Thursday,평일
2025-05-01 14:56,한국도로공사,고속국도,600.0,부산외곽선,기장 방향,기타돌발,차량증가/정체,차량증가/정체,129.2089,35.282,1450595500,-,Thursday,평일
2025-05-01 15:27,한국도로공사,고속국도,15.0,서해안고속도로,서울 방향,기타돌발,고장,(갓길)고장차처리중,126.6703,36.8669,3000012811,-,Thursday,평일
2025-05-01 21:22,한국도로공사,고속국도,45.0,중부내륙고속도로,양평 방향,기상,강우,"빗길""주의""",128.1712,36.5292,3580031011,-,Thursday,평일
2025-05-01 7:06,경찰청,일반국도,48.0,사직대로,경복궁 방향,기타,행사,<행사> 사직로 경복궁사거리 광화문교차로 진행방향 전체차로 [무대설치/전면통제] 사직로(경복궁방향) 동십자각교차로 앞/ 집회관련 무대설치로 진행방향 전차로 통제(반대가변운영) 집회  서울청,126.979204,37.575924,1000012102,2025-05-01 19:00,Thursday,평일
2025-05-01 8:33,한국도로공사,고속국도,15.0,서해안고속도로,서울 방향,재난,강풍,"강풍""주의""",126.7983,36.0115,3070564500,-,Thursday,평일
2025-05-02 13:04,경찰청,도시고속국도,61.0,동부간선도대로,,교통사고,사고,<사고> 동부간선도로 월릉교 중랑교 1차로  교통사고  서울청,127.068485,37.596548,1050000305,2025-05-02 13:34,Friday,평일
2025-05-02 15:02,한국도로공사,고속국도,40.0,평택제천고속도로,제천 방향,기타돌발,차량증가/정체,차량증가/정체,127.4426,36.9473,2790038300,-,Friday,평일
2025-05-02 20:27,한국도로공사,고속국도,120.0,경인고속도로,인천 방향,공사,작업,(1차로)교량내진보강작업중,126.7282,37.5238,1660003701,-,Friday,평일
2025-05-03 11:22,경찰청,도시고속국도,88.0,올림픽대로,,교통사고,사고,<사고> 올림픽대로 청담대교  영동대교  1차로  교통사고  서울청 ,127.061064,37.522788,1220004502,2025-05-03 11:52,Saturday,주말
2025-05-03 13:11,한국도로공사,고속국도,7000.0,대구외곽순환고속도로,,교통사고,사고,(1차로)승용차단독사고처리중,128.6369,35.936,-,-,Saturday,주말
2025-05-03 15:22,한국도로공사,고속국도,50.0,영동고속도로,강릉 방향,기타돌발,차량증가/정체,차량증가/정체,126.7672,37.3749,2240008602,-,Saturday,주말
2025-05-03 15:41,한국도로공사,고속국도,50.0,영동고속도로,인천 방향,기타돌발,차량증가/정체,차량증가/정체,127.9376,37.3997,2511022500,-,Saturday,주말
2025-05-03 16:47,한국도로공사,고속국도,15.0,서해안고속도로,서울 방향,기타돌발,고장,(갓길)승용차고장처리중,126.4924,35.0057,3390007402,-,Saturday,주말
2025-05-03 17:47,한국도로공사,고속국도,1.0,경부고속도로,서울 방향,기타돌발,차량증가/정체,차량증가/정체,127.4302,36.533,2830042000,-,Saturday,주말
2025-05-03 23:20,한국도로공사,고속국도,35.0,통영대전고속도로,통영 방향,기타돌발,고장,(갓길)승용차고장처리중,127.4745,36.3223,1830186200,-,Saturday,주말
2025-05-03 5:50,한국도로공사,고속국도,600.0,부산외곽선,창원 방향,기타돌발,장애물,"(1,2차로)장애물처리중",129.1763,35.2783,1450594900,-,Saturday,주말
2025-05-04 15:38,한국도로공사,고속국도,25.0,호남고속도로,순천 방향,기타돌발,차량증가/정체,차량증가/정체,127.107,36.0626,3080421900,-,Sunday,주말
2025-05-04 9:14,한국도로공사,고속국도,25.0,호남고속도로,순천 방향,기타돌발,고장,(갓길)고장차처리중,126.8047,35.3301,3420029500,-,Sunday,주말
2025-05-05 21:46,한국도로공사,고속국도,50.0,영동고속도로,인천 방향,교통사고,사고,(진출로1차로)승용차사고처리중,128.5637,37.6528,2600034801,-,Monday,공휴일
2025-05-06 17:50,한국도로공사,고속국도,27.0,순천완주고속도로,순천 방향,교통사고,사고,(1차로)승용차단독사고처리중,127.457,35.1463,3260214300,-,Tuesday,공휴일
2025-05-06 8:33,경찰청,특별광역시도,0.0,천변우대로,,공사,작업,"<공사> 천변우로 학림교 남광주고가차도 4,5차로 주의운전 도로공사 -",126.921677,35.137061,1750066300,2025-05-06 18:03,Tuesday,공휴일
2025-05-07 14:17,한국도로공사,고속국도,1.0,경부고속도로,서울 방향,기타돌발,장애물,"(4,5차로)장애물처리중",127.1738,36.8332,3010330900,-,Wednesday,평일
2025-05-07 18:13,한국도로공사,고속국도,40.0,평택제천고속도로,평택 방향,기타돌발,장애물,(1차로)장애물처리중,127.4534,36.9449,2790038200,-,Wednesday,평일
2025-05-07 22:09,한국도로공사,고속국도,40.0,평택제천고속도로,제천 방향,기타돌발,고장,"(3차로,갓길)고장차처리중",126.9633,37.0385,2140029204,-,Wednesday,평일
2025-05-08 10:57,경찰청,특별광역시도,0.0,목동동대로,,공사,작업,<공사> 목동동로 방송회관앞교차로 스포츠조선 1차로 주의운전 도로도색 -,126.872499,37.526992,1140022400,2025-05-08 12:27,Thursday,평일
2025-05-08 13:18,한국도로공사,고속국도,55.0,중앙고속도로,부산 방향,공사,작업,(1차로)이동노면청소작업중,127.8553,37.6784,2570003401,-,Thursday,평일
2025-05-08 20:06,한국도로공사,고속국도,35.0,중부고속도로,하남 방향,공사,작업,(2차로)노면보수작업중,127.4765,36.9956,2810030902,-,Thursday,평일
2025-05-08 21:06,경찰청,고속국도,110.0,제2경인고속도로,인천 방향,공사,작업,<공사> 제2경인고속도로 안현JC동측 안현JC서측 기점방향 3차로 작업 안현JC동측 → 안현JC서측 제2경인선 기점 ,126.8153,37.4366,2240021700,2025-05-09 0:08,Thursday,평일
2025-05-08 21:33,한국도로공사,고속국도,50.0,영동고속도로,인천 방향,공사,작업,"(2,3차로)시설물철거작업중",126.9569,37.3256,2000003901,-,Thursday,평일
2025-05-08 7:36,경찰청,특별광역시도,0.0,대흥대로,,공사,작업,<공사> 대흥로 대흥동네거리 은하수7080 3차로 주의운전 도로공사 -,127.429084,36.324324,1840041100,2025-05-08 8:06,Thursday,평일
2025-05-08 7:38,경찰청,일반국도,17.0,대전대로,,공사,작업,<공사> 대전로542번길 효천2길시점 대전천둥위드힐삼거리 1차로 주의운전 유지보수 -,127.443795,36.316573,1830123000,2025-05-08 8:08,Thursday,평일
2025-05-08 7:56,한국도로공사,고속국도,27.0,순천완주고속도로,순천 방향,공사,작업,(1차로)터널시설물보수작업중,127.5443,34.9852,3260213100,2025-05-08 15:33,Thursday,평일
2025-05-08 8:45,경찰청,일반국도,37.0,신영일대로,,공사,작업,<공사> 일반국도37호선 금주1교동측 일동터널서측 2차로 주의운전 유지보수 -,127.261972,37.956901,2360626400,2025-05-08 11:15,Thursday,평일
2025-05-08 8:55,한국도로공사,고속국도,12.0,무안광주고속도로,무안 방향,공사,작업,(1차로)터널시설물보수작업중,126.7458,35.1352,1790192900,-,Thursday,평일
2025-05-08 9:14,한국도로공사,고속국도,251.0,호남지선,논산 방향,공사,작업,(갓길)방음벽설치작업중,127.3594,36.4007,1860007303,-,Thursday,평일
2025-05-09 10:28,한국도로공사,고속국도,65.0,동해고속도로,삼척 방향,기상,강우,"빗길""주의""",128.6877,38.0296,2670016200,-,Friday,평일
2025-05-09 11:59,한국도로공사,고속국도,30.0,당진대전선,당진 방향,기타돌발,고장,(진출로갓길)승용차고장처리중,127.1274,36.4944,2860174800,-,Friday,평일
2025-05-09 13:39,한국도로공사,고속국도,20.0,익산장수선,장수 방향,기타돌발,고장,(갓길)소형화물차고장처리중,127.1126,35.9191,3120787400,-,Friday,평일
2025-05-09 7:15,한국도로공사,고속국도,100.0,수도권제1순환고속도로,판교-구리 방향,기타돌발,차량증가/정체,차량증가/정체,126.7974,37.4557,2240031800,-,Friday,평일
2025-05-09 8:15,경찰청,시군도,0.0,무왕대로,,공사,작업,<공사> 무왕로21길 부송동1219 부송동1220 1차로 주의운전 도로공사 -,126.987032,35.965609,3080602400,2025-05-09 8:45,Friday,평일
2025-05-10 0:51,한국도로공사,고속국도,25.0,논산천안고속도로,천안 방향,재난,강풍,강풍주의,127.1026,36.0819,2900000500,2025-05-10 6:00,Saturday,주말
2025-05-10 11:43,한국도로공사,고속국도,251.0,호남지선,논산 방향,기타돌발,차량증가/정체,차량증가/정체,127.3365,36.3829,1860007302,-,Saturday,주말
2025-05-10 15:27,한국도로공사,고속국도,25.0,호남고속도로,논산 방향,기타돌발,차량증가/정체,교통량증가,126.8274,35.2197,1790018400,-,Saturday,주말
2025-05-10 6:49,한국도로공사,고속국도,1.0,경부고속도로,부산 방향,기타돌발,장애물,(1차로)장애물처리중,128.1568,36.131,3530274500,-,Saturday,주말
2025-05-11 17:03,한국도로공사,고속국도,1.0,경부고속도로,부산 방향,기상,강우,"빗길""주의""",129.0398,35.3365,3880009800,-,Sunday,주말
2025-05-12 15:43,한국도로공사,고속국도,50.0,영동고속도로,강릉 방향,공사,작업,(차로교대)노면보수작업작업중,127.2096,37.2568,2430218600,-,Monday,평일
2025-05-12 16:28,한국도로공사,고속국도,29.0,세종포천고속도로,포천 방향,공사,작업,(3차로)차선도색작업중,127.1686,37.5167,-,-,Monday,평일
2025-05-12 19:14,한국도로공사,고속국도,45.0,중부내륙고속도로,창원 방향,공사,작업,(2차로)노면포장보수작업중,128.5089,35.4503,3910007401,-,Monday,평일
2025-05-12 20:02,한국도로공사,고속국도,50.0,영동고속도로,강릉 방향,기타돌발,장애물,(5차로)장애물처리중,127.1612,37.2868,2440174000,-,Monday,평일
2025-05-12 22:11,한국도로공사,고속국도,1.0,경부고속도로,부산 방향,교통사고,사고,"(3,4차로)화물차관련사고처리중",128.3673,36.07,3550146600,-,Monday,평일
2025-05-12 5:06,한국도로공사,고속국도,10.0,남해고속도로,순천 방향,기타돌발,고장,(갓길)화물차고장처리중,127.833,35.0036,3940006601,-,Monday,평일
2025-05-12 6:24,한국도로공사,고속국도,1.0,경부고속도로,부산 방향,기타돌발,차량증가/정체,차량증가/정체,127.1039,37.2462,2440069800,-,Monday,평일
2025-05-12 9:45,한국도로공사,고속국도,141.0,함양울산고속도로,울주JC 방향,공사,작업,(갓길)비탈면보수작업중,129.2353,35.5013,1961195901,-,Monday,평일
2025-05-13 14:01,경찰청,도시고속국도,70.0,강변북대로,,교통사고,사고,<사고>::강변북로::월드컵대교::성산대교::4차로::(화물차-승용차) 후미 지체::교통사고  ,126.891721,37.559596,1130094501,2025-05-13 14:35,Tuesday,평일
2025-05-13 16:35,한국도로공사,고속국도,50.0,영동고속도로,인천 방향,기타돌발,고장,(갓길)고장차처리중,127.412,37.2408,2300019202,-,Tuesday,평일
2025-05-13 7:46,경찰청,시군도,0.0,무왕대로,,공사,작업,<공사> 무왕로21길 부송동1220 부송동1219 1차로 주의운전 도로공사 -,126.987855,35.966244,3080602300,2025-05-13 8:16,Tuesday,평일
2025-05-13 8:15,한국도로공사,고속국도,45.0,중부내륙고속도로,양평 방향,공사,작업,(갓길)표지판설치작업중,128.4708,35.5605,3910429700,-,Tuesday,평일
2025-05-14 20:20,한국도로공사,고속국도,35.0,중부고속도로,남이 방향,공사,작업,(2차로)노면보수작업중,127.4737,36.9379,2810744100,-,Wednesday,평일
2025-05-14 4:17,한국도로공사,고속국도,35.0,통영대전고속도로,대전 방향,기상,안개,"안개""주의""",128.2566,35.0541,3920209700,-,Wednesday,평일
2025-05-15 12:01,경찰청,특별광역시도,0.0,회재대로,,공사,작업,<공사>::회재로1218번길::주월동48722::행복한장로교회::1차로::주의운전::도로공사 ,126.894221,35.133244,1770038102,2025-05-15 18:00,Thursday,평일
2025-05-15 12:59,경찰청,일반국도,26.0,번영대로,차량등록사업소 방향,공사,작업,<공사>::번영로::차량등록사업소앞교차::외솔교::주의운전::공사 - 번영로 삼일아파트에서 차량등록사업소 방향 중부경찰서 앞 맨홀 열고 공사 중.  ,129.354984,35.570512,1950440000,2025-05-15 13:10,Thursday,평일
2025-05-15 14:14,한국도로공사,고속국도,25.0,호남고속도로,순천 방향,공사,작업,(갓길)its시설물성능평가작업중,127.0911,35.9438,3080414400,-,Thursday,평일
2025-05-15 8:16,경찰청,시군도,0.0,부송대로,,공사,작업,<공사>::부평로::기아자동차익산판매점::오공철물::1차로::주의운전::도로공사 ,126.989102,35.966458,3080074200,2025-05-15 8:46,Thursday,평일
2025-05-15 8:56,경찰청,고속국도,15.0,서해안고속도로,무안 방향,공사,작업,<공사>::서해안고속도로::서서울TG::안산JC북측::기점방향::5차로::작업 서서울TG → 안산JC북측 서해안선 기점 ,126.8618,37.3526,2160018102,2025-05-15 9:26,Thursday,평일
2025-05-15 9:10,한국도로공사,고속국도,1.0,경부고속도로,부산 방향,공사,작업,(1차로)노면보수작업중,127.8287,36.2717,2770313000,-,Thursday,평일
2025-05-16 10:36,경찰청,일반국도,30.0,진무대로,,공사,작업,<공사>::진무로::신괴교차로::신괴리9205::1차로::도로유지보수공사중::유지보수 ,127.534966,35.883784,3130028901,2025-05-16 15:30,Friday,평일
2025-05-16 14:21,한국도로공사,고속국도,100.0,수도권제1순환고속도로,판교-일산 방향,기타돌발,차량증가/정체,의정부IC(43K)-사패산터널(47K)4km정체,127.1205,37.6545,2220045700,-,Friday,평일
2025-05-16 14:25,경찰청,지방도,1131.0,대로,서귀포 방향,기상,기상,"<기상>::516로::신례리산21::제주시서귀포시::주의운전::기상 - 516로, 마방목지 -서귀포 방향, 짙은 안개로 부분적으로 가시거리 50m 미만,  비도 많이 옴. 주의운전 바람. 
 ",126.620836,33.38374,4060480700,2025-05-16 14:55,Friday,평일
2025-05-16 15:06,한국도로공사,고속국도,1.0,경부고속도로,서울 방향,기상,강우,"빗길""주의""",128.0025,36.1941,3530272700,-,Friday,평일
2025-05-16 15:13,경찰청,특별광역시도,0.0,함월대로,,교통사고,사고,<사고>::함월7길::카페베네울산성안점::울산시온교회::주의운전::사고 - 종가로 유곡교하부교차로 내부 승용차 2대 추돌사고.  ,129.314033,35.572721,1920049200,2025-05-16 15:16,Friday,평일
2025-05-16 15:21,한국도로공사,고속국도,45.0,중부내륙고속도로,양평 방향,기상,강우,"빗길""주의""",127.592,37.2267,2370602000,-,Friday,평일
2025-05-16 15:59,경찰청,고속국도,35.0,통영대전고속도로,통영 방향,기상,기상,<기상>::통영대전고속도로::비룡JC::세천3교::기점방향::::강우 비룡JC → 세천3교 통영대전선 기점 ,127.4809,36.3346,1830190900,2025-05-16 16:01,Friday,평일
2025-05-16 16:13,한국도로공사,고속국도,50.0,영동고속도로,인천 방향,기타돌발,고장,(갓길)화물차고장처리중,126.7977,37.3525,2170017500,-,Friday,평일
2025-05-16 16:55,한국도로공사,고속국도,251.0,호남지선,대전 방향,기타돌발,차량증가/정체,차량증가/정체,127.3365,36.3829,1860007402,-,Friday,평일
2025-05-16 17:48,한국도로공사,고속국도,12.0,광주대구고속도로,대구 방향,교통사고,사고,"(2차로,갓길)승용차추돌사고처리중",127.1997,35.3699,3170033500,-,Friday,평일
2025-05-16 22:29,경찰청,시군도,0.0,금곡대로,,교통사고,사고,<사고>::돌마로::미금역 사거리::까치마을사거리::3차로::주의운전::도로파손 ,127.113086,37.354727,2060035900,2025-05-16 22:59,Friday,평일
2025-05-16 5:48,한국도로공사,고속국도,600.0,부산외곽선,기장 방향,기상,강우,"빗길""주의""",128.9915,35.2701,3850931303,-,Friday,평일
2025-05-17 16:34,경찰청,고속국도,400.0,수도권제2순환고속도로,서울 방향,공사,작업,"<공사>::수도권제2순환고속도로::동탄영업소::동탄JC::주의운전::공사 - (공사안내) 10월 20일까지 경부고속도로 서울방향, 오산졸음쉼터에서 동탄분기점구간 5차로 차단하고 개량공사를 실시함.
  ",127.095932,37.177578,2334373001,2025-05-17 16:37,Saturday,주말
2025-05-17 19:11,한국도로공사,고속국도,55.0,중앙고속도로,춘천 방향,기상,강우,"빗길""주의""",127.927,37.3271,2510007711,-,Saturday,주말
2025-05-17 20:30,경찰청,고속국도,251.0,호남고속도로지선,대전 방향,기상,기상,<기상>::호남고속도로지선::서대전JC::학하2교::종점방향::::강우 서대전JC → 학하2교 호남지선 종점 ,127.3139,36.2991,1860332500,2025-05-17 21:00,Saturday,주말
2025-05-17 6:23,경찰청,고속국도,55.0,중앙고속도로,춘천 방향,교통사고,사고,<사고>::중앙고속도로::동명교::동명교::종점방향::::고장 동명교 → 동명교 중앙선 종점 ,128.5511,35.9881,3690696000,2025-05-17 6:53,Saturday,주말
2025-05-17 8:51,한국도로공사,고속국도,15.0,서해안고속도로,목포 방향,기타돌발,장애물,(3차로)장애물(타이어조각)처리중,126.6378,36.8599,3000012721,-,Saturday,주말
2025-05-17 9:34,한국도로공사,고속국도,30.0,당진대전선,당진 방향,기타돌발,고장,(갓길)소형화물차고장처리중,127.0961,36.4853,2860174400,-,Saturday,주말
2025-05-18 15:43,한국도로공사,고속국도,55.0,중앙고속도로,춘천 방향,기타돌발,고장,(갓길)승용차고장처리중,128.4072,36.9108,2820425100,-,Sunday,주말
2025-05-18 18:17,한국도로공사,고속국도,50.0,영동고속도로,강릉 방향,기타돌발,고장,(갓길)승용차고장처리중,127.7248,37.2458,2370603500,-,Sunday,주말
2025-05-19 13:57,한국도로공사,고속국도,50.0,영동고속도로,인천 방향,기타돌발,고장,(갓길)고장차처리중,127.0292,37.313,2007022600,-,Monday,평일
2025-05-19 19:58,한국도로공사,고속국도,30.0,당진대전선,대전 방향,공사,작업,(2차로)교면재포장작업중,128.316,36.3754,1860638900,-,Monday,평일
2025-05-19 21:48,한국도로공사,고속국도,120.0,경인고속도로,서울 방향,공사,작업,(1차로)구조물보수작업완료,126.7384,37.5239,2420062100,2025-05-20 2:18,Monday,평일
2025-05-19 8:16,경찰청,시군도,0.0,약촌대로,,공사,작업,"<공사>::약촌로::신흥사거리::신흥동8583::1,2차로::주의운전::지하 시설 작업 ",126.977816,35.939358,3080197801,2025-05-19 8:46,Monday,평일
2025-05-19 8:18,한국도로공사,고속국도,1.0,경부고속도로,부산 방향,기타돌발,고장,(갓길)승용차고장처리중,129.0768,35.8599,3520811800,-,Monday,평일
2025-05-20 10:23,경찰청,일반국도,0.0,경춘대로,,공사,작업,<공사>::경춘로::평내동삼거리::평내지하차도::1차로::주의운전::유지보수 ,127.238717,37.650982,2220019106,2025-05-20 10:53,Tuesday,평일
2025-05-20 10:55,경찰청,고속국도,45.0,중부내륙고속도로,창원 방향,공사,작업,<공사>::중부내륙고속도로::낙동Jct::낙동Jct::주의운전::공사 - 중부내륙고속도로 창원방향 상주(146.3K)-낙동갈림목(139.4K)(2차로)비탈면시설개량공사중[2025-05-20 07:28- ] ,128.239129,36.366094,3580008403,2025-05-20 11:25,Tuesday,평일
2025-05-20 11:13,경찰청,고속국도,110.0,제2경인고속도로,성남 방향,공사,작업,<공사>::제2경인고속도로::광명IC동측::광명터널::종점방향::3차로::작업 광명IC동측 → 광명터널 제2경인선 종점 ,126.8598,37.4367,2130001500,2025-05-20 11:43,Tuesday,평일
2025-05-20 13:38,경찰청,고속국도,251.0,호남고속도로지선,논산 방향,공사,작업,<공사>::호남고속도로지선::학하2교::서대전JC::기점방향::::작업 학하2교 → 서대전JC 호남지선 기점 ,127.3096,36.3243,1860332400,2025-05-20 14:08,Tuesday,평일
2025-05-20 15:20,한국도로공사,고속국도,50.0,영동고속도로,강릉 방향,기타돌발,차량증가/정체,차량증가/정체,127.0025,37.3131,2007022500,-,Tuesday,평일
2025-05-20 15:45,경찰청,고속국도,50.0,영동고속도로,서창 방향,교통사고,사고,<사고>::영동고속도로::수원시장안구수원시영::북수원IC남측::기점방향::1차로::사고 수원시장안구수원시영 → 북수원IC남측 영동선 기점 ,127.0173,37.3116,2007022500,2025-05-20 16:15,Tuesday,평일
2025-05-20 19:48,경찰청,시군도,0.0,길주대로,양 방향,공사,작업,"<공사>::길주로::석남제1고가차도::석남제1고가교::주의운전::공사 -  (공사안내) 5월 22일과 23일 이틀간, 길주로 석남제1고가교 양방향 차로를 부분 차단하고 밤 9시부터 다음날 새벽 6시까지 교면포장 공사를 실시함. ",126.67695,37.506243,1680036100,2025-05-20 19:51,Tuesday,평일
2025-05-20 21:27,한국도로공사,고속국도,120.0,경인고속도로,서울 방향,공사,작업,(갓길)시설물보수작업중,126.7486,37.524,2420062100,-,Tuesday,평일
2025-05-20 7:42,한국도로공사,고속국도,35.0,통영대전고속도로,통영 방향,공사,작업,(2차로)노면보수작업중,128.4172,34.8731,3830110500,-,Tuesday,평일
2025-05-20 8:56,한국도로공사,고속국도,30.0,당진대전선,대전 방향,공사,작업,(2차로)비탈면보완작업중,127.1305,36.4953,2860170402,-,Tuesday,평일
2025-05-20 9:59,경찰청,특별광역시도,0.0,유림대로,기아자동차사거리 방향,공사,작업,<공사>::유림로::유덕초등학교병설유치::상무주공아파트앞교차::주의운전::공사 - 무진대로 상무주공사거리에서 기아자동차사거리방향 기아자동차 남문 1차로 막고 도로청소 작업 ,126.863255,35.162108,1760164800,2025-05-20 10:29,Tuesday,평일
2025-05-21 12:53,경찰청,고속국도,50.0,영동고속도로,서창 방향,공사,작업,<공사>::영동고속도로::마성IC서측::개흥교::기점방향::4차로::작업 마성IC서측 → 개흥교 영동선 기점 ,127.1059,37.2902,2440184900,2025-05-21 13:23,Wednesday,평일
2025-05-21 14:19,경찰청,시군도,0.0,월명대로,,공사,작업,<공사>::월명로::수송동4156::하늘소망교회::3차로::가로수벌목::가로수 벌목 ,126.715732,35.970991,3070151702,2025-05-21 14:49,Wednesday,평일
2025-05-21 14:46,경찰청,도시고속국도,61.0,동부간선도대로,,교통사고,사고,<사고>::동부간선도로::동부간선도로입구::성수JC::1차로::서행::교통사고  서울청,127.030654,37.543405,1030001401,2025-05-21 15:16,Wednesday,평일
2025-05-21 16:49,경찰청,고속국도,40.0,평택제천고속도로,제천 방향,교통사고,사고,<사고>::평택제천고속도로::송탄IC동측::안성JC서측::종점방향::::고장 송탄IC동측 → 안성JC서측 평택제천선 종점 ,127.1311,37.0343,2140032301,2025-05-21 17:19,Wednesday,평일
2025-05-21 19:40,경찰청,도시고속국도,61.0,동부간선도대로,,교통사고,사고,<사고>::동부간선도로::수락고가차도남측::도봉지하차도::2차로::서행::고장 차량  서울청,127.0495,37.671997,1100177201,2025-05-21 20:10,Wednesday,평일
2025-05-21 8:39,경찰청,고속국도,40.0,평택제천고속도로,평택 방향,공사,작업,<공사>::평택제천고속도로::제전JC서측::금성터널동측::기점방향::2차로::작업 제전JC서측 → 금성터널동측 평택제천선 기점 ,128.1419,37.0747,2730297000,2025-05-21 9:09,Wednesday,평일
2025-05-21 8:50,경찰청,고속국도,10.0,남해고속도로,부산 방향,교통사고,사고,<사고>::남해고속도로::대저JC::대저JC::종점방향::3차로::사고 대저JC → 대저JC 남해선(순천-부산) 종점 ,128.9697,35.2193,1410018100,2025-05-21 9:20,Wednesday,평일
2025-05-21 8:52,한국도로공사,고속국도,110.0,제2경인고속도로,성남 방향,기타돌발,차량증가/정체,차량증가/정체,126.6513,37.4369,1630000500,-,Wednesday,평일
2025-05-22 10:19,한국도로공사,고속국도,10.0,남해고속도로,부산 방향,교통사고,사고,"(2,3차로)승용차관련사고처리중",128.8092,35.22,3850012200,-,Thursday,평일
2025-05-22 13:50,경찰청,특별광역시도,0.0,달서대로,,공사,작업,<공사>::달서대로::엔제리너스대구계명대::남부교회::3차로::주의운전::도로공사 ,128.492127,35.855094,1560068800,2025-05-22 14:20,Thursday,평일
2025-05-22 17:13,한국도로공사,고속국도,1.0,경부고속도로,부산 방향,교통사고,사고,(4차로)사고처리중,127.136,37.0553,2310799300,-,Thursday,평일
2025-05-23 16:59,한국도로공사,고속국도,15.0,서해안고속도로,목포 방향,기타돌발,고장,(갓길)중형화물차고장처리중,126.6696,35.4558,3180020701,-,Friday,평일
2025-05-23 20:32,한국도로공사,고속국도,50.0,영동고속도로,인천 방향,재난,노면습기,"노면습기""주의""",126.7397,37.4379,1650004300,-,Friday,평일
2025-05-23 6:45,한국도로공사,고속국도,15.0,서해안고속도로,목포 방향,기타돌발,고장,(갓길)탱크로리고장처리종료,126.7616,36.921,3000028401,2025-05-23 10:31,Friday,평일
2025-05-24 10:01,경찰청,특별광역시도,0.0,산내대로,,공사,작업,<공사>::산내로1305번길::효광원::낭월교::3차로::주의운전::가로수 벌목 ,127.464502,36.279882,1830014600,2025-05-24 18:00,Saturday,주말
2025-05-24 12:04,한국도로공사,고속국도,45.0,중부내륙고속도로,창원 방향,기타돌발,차량증가/정체,차량증가/정체,128.1491,36.5725,3580043901,-,Saturday,주말
2025-05-24 13:08,경찰청,고속국도,600.0,부산외곽순환고속도로,부산 방향,교통사고,사고,<사고>::부산외곽순환고속도로::대감JC동측::운하천교::종점방향::::고장 대감JC동측 → 운하천교 부산외곽선 종점 ,128.9915,35.2701,3850931401,2025-05-24 13:38,Saturday,주말
2025-05-24 13:29,한국도로공사,고속국도,100.0,수도권제1순환고속도로,판교-구리 방향,기타,보행자,(갓길)보행자확인중,127.1789,37.5502,1240225000,-,Saturday,주말
2025-05-24 18:12,경찰청,고속국도,10.0,남해고속도로,영암 방향,기상,기상,<기상>::남해고속도로::제2낙동대교동측::덕천IC::기점방향::::강우 제2낙동대교동측 → 덕천IC 남해선(순천-부산) 기점 ,129.0003,35.2159,1370042400,2025-05-24 18:22,Saturday,주말
2025-05-24 7:10,경찰청,특별광역시도,0.0,백범대로,,기상,기상,<기상>::백범로::봉수대길사거리::염전삼거리::주의운전::기상 - 백범로 봉수대길사거리에서 인천교펌프장입구사거리구간 비가 내리고 있음. ,126.660311,37.485513,1620013800,2025-05-24 7:13,Saturday,주말
2025-05-24 8:33,한국도로공사,고속국도,10.0,남해고속도로,부산 방향,기상,강우,"빗길""주의""",128.387,35.2893,3900018400,-,Saturday,주말
2025-05-25 12:33,한국도로공사,고속국도,60.0,서울양양고속도로,양양 방향,기타돌발,차량증가/정체,차량증가/정체,127.4102,37.6414,2400477600,-,Sunday,주말
2025-05-25 16:56,한국도로공사,고속국도,25.0,호남고속도로,순천 방향,기타돌발,고장,(갓길)고장차처리중,127.0961,35.9486,3080414400,2025-05-25 17:29,Sunday,주말
2025-05-25 18:19,한국도로공사,고속국도,50.0,영동고속도로,강릉 방향,기타돌발,장애물,(5차로)장애물처리중,127.1612,37.2868,2440174000,-,Sunday,주말
2025-05-25 20:01,한국도로공사,고속국도,15.0,서해안고속도로,서울 방향,기타,보행자,(갓길)보행자처리중,126.8698,37.2087,2330025401,-,Sunday,주말
2025-05-25 23:01,한국도로공사,고속국도,15.0,서해안고속도로,목포 방향,기타돌발,고장,(갓길)승합차고장처리중,126.6831,35.5048,3180020702,-,Sunday,주말
2025-05-25 6:43,한국도로공사,고속국도,50.0,영동고속도로,강릉 방향,기타돌발,장애물,(3차로)낙하물처리중,127.0025,37.3131,2007022500,-,Sunday,주말
2025-05-26 11:57,한국도로공사,고속국도,1.0,경부고속도로,부산 방향,공사,작업,(2차로)긴급포장메꿈작업중,127.6237,36.2926,2760281201,-,Monday,평일
2025-05-26 14:13,한국도로공사,고속국도,65.0,부산울산선,부산 방향,기타돌발,장애물,(1차로)장애물조심,129.2733,35.4917,1961197101,-,Monday,평일
2025-05-26 18:50,국도통합센터,일반국도,27.0,국도27호선,군산 방향,공사,시설물보수작업,,127.18268,34.56118,3320050200,-,Monday,평일
2025-05-26 20:55,경찰청,고속국도,10.0,남해고속도로,영암 방향,교통사고,사고,<사고>::남해고속도로::섬진강휴게소::진월IC동측::기점방향::2차로::장애물 섬진강휴게소 → 진월IC동측 남해선(순천-부산) 기점 ,127.748,34.9802,3280026301,2025-05-26 21:25,Monday,평일
2025-05-27 12:58,경찰청,시군도,0.0,새천년대로,두산위브사거리 방향,교통사고,사고,"<사고>::새천년대로::신우비치타운입구교차::장량초교입구교차로::주의운전::사고 - 포항 새천년대로, 장성초사거리에서 두산위브사거리 방향 두산위브사거리 좌회전 차로에 승용차간 추돌사고. 처리전. 포항온천삼거리 방면으로 좌회전하는 차량은 주의. - 1800 애청자 ",129.378869,36.07219,3510110100,2025-05-27 13:03,Tuesday,평일
2025-05-27 21:02,경찰청,고속국도,1.0,경부고속도로,서울 방향,공사,작업,<공사>::경부고속도로::동대구JC::동대구JC::종점방향::4차로::작업 동대구JC → 동대구JC 경부선 종점 ,128.6822,35.8935,1510043900,2025-05-27 21:32,Tuesday,평일
2025-05-27 5:40,한국도로공사,고속국도,120.0,경인고속도로,인천 방향,기타돌발,차량증가/정체,차량증가/정체,126.8105,37.5218,1140278700,-,Tuesday,평일
2025-05-27 8:07,경찰청,고속국도,30.0,당진영덕고속도로,영덕 방향,공사,작업,<공사>::당진영덕고속도로::예산수덕사IC::입침큰말길3031::종점방향::2차로::작업 예산수덕사IC → 입침큰말길3031 당진대전선 종점 ,126.7937,36.6653,2980033000,2025-05-27 8:37,Tuesday,평일
2025-05-27 8:22,한국도로공사,고속국도,10.0,남해고속도로,순천 방향,공사,작업,(갓길)시설물보수작업중,128.0214,35.0754,3840020802,-,Tuesday,평일
2025-05-27 8:46,국도통합센터,일반국도,38.0,국도38호선,파주 방향,공사,시설물보수작업,,127.88747,37.06948,2720061400,2025-05-27 17:34,Tuesday,평일
2025-05-27 9:00,경찰청,시군도,0.0,시민대로,,공사,작업,<공사>::일반국도43호선::306보충대앞교차로::신곡동산4018::3차로::주의운전::도로공사 ,127.076171,37.735276,2070004900,2025-05-27 18:00,Tuesday,평일
2025-05-27 9:24,경찰청,시군도,0.0,익산대로,배산사거리 방향,공사,작업,<공사>::남북로::원대사거리::그린원룸::주의운전::공사 - 익산 익산대로 원광대학교사거리에서 배산사거리 방향 원광대학교사거리 지난지점 2차로에서 공사  ,126.953295,35.96494,3080347200,2025-05-27 9:54,Tuesday,평일
2025-05-28 14:26,경찰청,고속국도,10.0,남해고속도로,부산 방향,교통사고,사고,<사고>::남해고속도로::진영JC서측::진영휴게소::종점방향::::고장 진영JC서측 → 진영휴게소 남해선(순천-부산) 종점 ,128.7223,35.2789,3850040322,2025-05-28 14:56,Wednesday,평일
2025-05-28 16:12,한국도로공사,고속국도,65.0,동해고속도로,속초 방향,기상,강우,"빗길""주의""",128.8153,37.8378,2520034200,-,Wednesday,평일
2025-05-28 16:19,경찰청,고속국도,65.0,동해고속도로,속초 방향,교통사고,사고,<사고>::동해고속도로::낙풍1교::강동1교::종점방향::3차로::고장 낙풍1교 → 강동1교 동해선(삼척-속초) 종점 ,129.02,37.6329,2520006111,2025-05-28 16:49,Wednesday,평일
2025-05-28 22:06,한국도로공사,고속국도,55.0,중앙고속도로,춘천 방향,기타돌발,고장,(갓길)승용차고장처리중,128.5769,36.3782,3620475600,-,Wednesday,평일
2025-05-28 6:37,한국도로공사,고속국도,50.0,영동고속도로,인천 방향,기타돌발,차량증가/정체,차량증가/정체,127.2046,37.2588,2430218700,-,Wednesday,평일
2025-05-29 10:27,경찰청,일반국도,23.0,고인돌대로,,공사,작업,<공사>::일반국도23호선::제하사거리::고창읍::1차로::주의운전::도로공사 ,126.710951,35.521871,3180031200,2025-05-29 17:59,Thursday,평일
2025-05-29 12:11,경찰청,고속국도,1.0,경부고속도로,서울 방향,교통사고,사고,"<사고>::경부고속도로::양재IC::서울만남의광장휴게소::주의운전::사고 - 경부고속도로 서울방향, 서울만남의광장휴게소 부근 5차로에서 사고가 일어났으니 주의요망. ",127.04281,37.460635,1210000702,2025-05-29 12:41,Thursday,평일
2025-05-29 13:11,한국도로공사,고속국도,100.0,수도권제1순환고속도로,판교-일산 방향,공사,작업,(1차로)중분대청소작업중,127.1707,37.5669,1240003502,-,Thursday,평일
2025-05-29 15:43,한국도로공사,고속국도,35.0,통영대전고속도로,통영 방향,기상,강우,"빗길""주의""",128.0971,35.1384,3810006200,-,Thursday,평일
2025-05-29 15:50,한국도로공사,고속국도,35.0,통영대전고속도로,대전 방향,공사,작업,(갓길)시설물보수작업중,128.4221,34.8714,3830110400,-,Thursday,평일
2025-05-29 21:11,한국도로공사,고속국도,50.0,영동고속도로,인천 방향,공사,작업,"(2,3차로)배수시설설치작업중",126.7987,37.3522,2170017500,-,Thursday,평일
2025-05-29 8:14,경찰청,고속국도,35.0,통영대전고속도로,대전 방향,공사,작업,<공사>::통영대전고속도로::진주JC::진주대교::종점방향::1차로::작업 진주JC → 진주대교 통영대전선 종점 ,128.0656,35.1613,3810007611,2025-05-29 8:44,Thursday,평일
2025-05-29 9:04,한국도로공사,고속국도,25.0,호남고속도로,논산 방향,공사,작업,"(2차로,갓길)이동오물수거작업중",127.0754,35.9214,3120786600,-,Thursday,평일
2025-05-29 9:06,한국도로공사,고속국도,27.0,순천완주고속도로,완주 방향,공사,작업,(갓길)이동오물수거작업중,127.1749,35.8766,3120785600,-,Thursday,평일
2025-05-30 10:25,국도통합센터,일반국도,5.0,국도5호선,남해 방향,공사,시설물보수작업,,127.73542,37.96742,2500250200,-,Friday,평일
2025-05-30 11:15,한국도로공사,고속국도,100.0,수도권제1순환고속도로,판교-일산 방향,기타돌발,차량증가/정체,차량증가/정체,127.1432,37.5024,1230434100,-,Friday,평일
2025-05-30 17:56,한국도로공사,고속국도,40.0,평택제천고속도로,제천 방향,교통사고,사고,(1차로)승용차관련사고처리중,127.4277,36.9513,2790038300,-,Friday,평일
2025-05-30 5:39,한국도로공사,고속국도,100.0,수도권제1순환고속도로,판교-일산 방향,기타돌발,차량증가/정체,차량증가/정체,126.7487,37.5442,1670004000,-,Friday,평일
2025-05-30 5:39,한국도로공사,고속국도,100.0,수도권제1순환고속도로,판교-일산 방향,기타돌발,차량증가/정체,차량증가/정체,126.7532,37.5704,1670221900,-,Friday,평일
2025-05-30 7:36,한국도로공사,고속국도,100.0,수도권제1순환고속도로,판교-구리 방향,기타돌발,차량증가/정체,차량증가/정체,126.7974,37.4557,2240031800,-,Friday,평일
2025-05-30 8:38,경찰청,고속국도,15.0,서해안고속도로,서울 방향,교통사고,사고,<사고>::서해안고속도로::매송IC북측::안산시상록구화성시::종점방향::::고장 매송IC북측 → 안산시상록구화성시 서해안선 종점 ,126.9005,37.2853,2334291800,2025-05-30 9:08,Friday,평일
2025-05-30 9:00,국도통합센터,일반국도,15.0,국도15호선,서울 방향,공사,시설물보수작업,,127.31788,34.87254,3330075600,2025-05-30 20:31,Friday,평일
2025-05-31 10:47,경찰청,고속국도,40.0,평택제천고속도로,평택 방향,교통사고,사고,<사고>::평택제천고속도로::청북IC서측::서평택JC::기점방향::::고장 청북IC서측 → 서평택JC 평택제천선 기점 ,126.9015,37.0511,2140040100,2025-05-31 11:17,Saturday,주말
2025-06-01 12:43,한국도로공사,고속국도,45.0,중부내륙고속도로,창원 방향,교통사고,사고,(1차로)승용차관련추돌사고처리중,127.6307,37.1662,2370601900,-,Sunday,주말
2025-06-01 21:32,한국도로공사,고속국도,1.0,경부고속도로,부산 방향,기타돌발,고장,(갓길)승용차고장처리중,128.4292,35.9819,3690160800,-,Sunday,주말
2025-06-01 22:00,경찰청,특별광역시도,0.0,녹사평대로,양 방향,공사,작업,<공사>::녹사평대로58길::남산2호터널북측::중구용산구::양방향 전체차로::[공사/전면통제] 시설물세척작업 / 장소 : 남산2호터널 양방향 / 전면통제::유지보수 서울청,127.000939,37.555136,1010020700,2025-06-02 6:00,Sunday,주말
2025-06-02 11:11,경찰청,고속국도,12.0,광주대구고속도로,광주 방향,기상,기상,<기상>::광주대구고속도로::거창IC북측::거창IC남측::기점방향::::강우 거창IC북측 → 거창IC남측 광주대구선 기점 ,127.9345,35.6785,3970010900,2025-06-02 11:41,Monday,평일
2025-06-02 15:12,한국도로공사,고속국도,15.0,서해안고속도로,목포 방향,기타돌발,차량증가/정체,차량증가/정체,126.8837,37.1197,2330014500,-,Monday,평일
2025-06-02 18:27,한국도로공사,고속국도,1.0,경부고속도로,부산 방향,기타돌발,차량증가/정체,차량증가/정체,127.1057,37.2286,2440069800,-,Monday,평일
2025-06-02 21:17,경찰청,고속국도,1.0,경부고속도로,부산 방향,교통사고,사고,<사고>::경부고속도로::서화천교동측::옥천IC북측::기점방향::::고장 서화천교동측 → 옥천IC북측 경부선 기점 ,127.5479,36.3235,2760277400,2025-06-02 21:47,Monday,평일
2025-06-02 9:48,경찰청,고속국도,30.0,당진영덕고속도로,영덕 방향,공사,작업,<공사>::당진영덕고속도로::금강교::북유성IC::종점방향::::작업 금강교 → 북유성IC 당진대전선 종점 ,128.2959,36.3759,4130093800,2025-06-02 10:18,Monday,평일
2025-06-03 0:48,국도통합센터,일반국도,29.0,국도29호선,서산 방향,공사,시설물보수작업,,126.94488,35.51141,3090437500,-,Tuesday,공휴일
2025-06-04 10:46,한국도로공사,고속국도,35.0,통영대전고속도로,대전 방향,기타돌발,고장,(갓길)중형화물차고장(시동꺼짐)처리중,127.6535,35.8766,3140003311,-,Wednesday,평일
2025-06-04 10:51,한국도로공사,고속국도,35.0,통영대전고속도로,통영 방향,기타돌발,고장,(갓길)화물차고장처리중,127.7724,35.5917,3960024401,-,Wednesday,평일
2025-06-04 13:32,한국도로공사,고속국도,55.0,중앙고속도로,부산 방향,공사,작업,(2차로)차선도색공사작업종료,128.6219,36.4726,3540957300,2025-06-04 17:06,Wednesday,평일
2025-06-04 15:43,한국도로공사,고속국도,12.0,광주대구고속도로,광주 방향,재난,강풍,"강풍""주의""",127.7494,35.5329,3960015200,-,Wednesday,평일
2025-06-04 15:45,경찰청,고속국도,37.0,제2중부고속도로,하남 방향,교통사고,사고,<사고>::제2중부고속도로::경기광주JC::하남시광주시::종점방향::::고장 경기광주JC → 하남시광주시 제2중부선 종점 ,127.2528,37.469,2340606500,2025-06-04 16:15,Wednesday,평일
2025-06-05 10:20,경찰청,시군도,0.0,무진대로,,공사,작업,<공사>::임방울대로::상무교차로::어등대교::3차로::주의운전::도로공사 ,126.820264,35.160589,1790692701,2025-06-05 18:00,Thursday,평일
2025-06-05 10:37,한국도로공사,고속국도,37.0,제2중부고속도로,이천 방향,기타돌발,장애물,(1차로)낙하물처리중,127.2973,37.4278,2340606500,-,Thursday,평일
2025-06-05 10:52,경찰청,일반국도,32.0,계룡대로,,공사,작업,"<공사>::일반국도4호선::예술가의집네거리::서대전네거리::3,4차로::주의운전::도로공사 ",127.412422,36.32224,1840006100,2025-06-05 11:22,Thursday,평일
2025-06-05 10:57,한국도로공사,고속국도,15.0,서해안고속도로,서울 방향,기타돌발,고장,(갓길)소형화물차고장처리중,126.8841,37.3171,2160389200,-,Thursday,평일
2025-06-05 14:35,경찰청,고속국도,45.0,중부내륙고속도로,양평 방향,교통사고,사고,<사고>::중부내륙고속도로::북충주IC::충주분기점::종점방향::1차로::사고 북충주IC → 충주분기점 중부내륙선 종점 ,127.7623,37.0407,2720964500,2025-06-05 15:05,Thursday,평일
2025-06-05 14:46,경찰청,일반국도,47.0,양재대로,과천 방향,공사,작업,"<공사>::일반국도47호선::구룡사앞교차로::구룡지하차도동측::주의운전::공사 - (공사안내) 6월 16일까지 서울시 양재대로 구룡지하차도 과천방향을 전면 통제하고 밤 10시부터 다음날 오전 6시까지 포장 및 신축이음 보수공사를 실시함.
  ",127.051453,37.471655,1220319600,2025-06-05 15:16,Thursday,평일
2025-06-05 16:05,한국도로공사,고속국도,12.0,광주대구고속도로,대구 방향,기타돌발,고장,(갓길)승용차고장처리중,127.0236,35.3241,3290028831,-,Thursday,평일
2025-06-05 6:54,한국도로공사,고속국도,50.0,영동고속도로,인천 방향,기타돌발,차량증가/정체,차량증가/정체,127.2046,37.2588,2430218700,-,Thursday,평일
2025-06-05 8:13,한국도로공사,고속국도,35.0,중부고속도로,하남 방향,공사,작업,(갓길)교량보수작업중,127.4201,36.6489,2710002601,-,Thursday,평일
2025-06-05 8:30,한국도로공사,고속국도,1.0,경부고속도로,부산 방향,기타돌발,고장,(갓길)트레이러고장처리중,127.5272,36.3371,2760275600,-,Thursday,평일
2025-06-06 10:15,한국도로공사,고속국도,10.0,남해고속도로,부산 방향,기타돌발,차량증가/정체,차량증가/정체,128.4997,35.2817,3900006901,-,Friday,공휴일
2025-06-06 17:21,경찰청,고속국도,55.0,중앙고속도로,춘천 방향,기상,기상,<기상>::중앙고속도로::삼락IC::삼락IC::종점방향::::강우 삼락IC → 삼락IC 중앙선 종점 ,128.9824,35.1932,1440054400,2025-06-06 17:25,Friday,공휴일
2025-06-06 18:14,경찰청,고속국도,35.0,중부고속도로,하남 방향,교통사고,사고,<사고>::중부고속도로::호법JC북측::표교리산3810::종점방향::::고장 호법JC북측 → 표교리산3810 중부선 종점 ,127.4214,37.249,2300026200,2025-06-06 18:44,Friday,공휴일
2025-06-06 3:39,경찰청,고속국도,100.0,서울외곽순환고속도로,서울 방향,교통사고,사고,<사고>::서울외곽순환고속도로::수암터널::조남JC::기점방향::::고장 수암터널 → 조남JC 수도권제1순환선 기점 ,126.8821,37.3694,2160390600,2025-06-06 4:09,Friday,공휴일
2025-06-07 13:38,경찰청,특별광역시도,0.0,달서대로,대영학원네거리 방향,교통사고,사고,"<사고>::달서로::새길시장입구::GS25달서로::주의운전::사고 - <사고최초>달서로 반고개네거리에서 옛, 대영학원네거리방향 옛, 대영학원네거리 못간 지점 2,3차로 승용차, 택시 측면 추돌사고.  ",128.571027,35.866232,1520029200,2025-06-07 13:42,Saturday,주말
2025-06-07 14:02,경찰청,도시고속국도,70.0,강변북대로,일산 방향,교통사고,사고,"<사고>::강변북로::서빙고동주민센터::한강공원이촌지구서빙::주의운전::사고 - 서울시 강변북로 일산방향, 반포대교에서 동작대교구간 2차로에서 승용차관련 사고가 일어났음.  ",126.989794,37.517221,1020000304,2025-06-07 14:05,Saturday,주말
2025-06-07 17:14,경찰청,고속국도,55.0,중앙고속도로,대구 방향,교통사고,사고,"<사고>::중앙고속도로::금시교::밀양IC::주의운전::사고 - 대구부산고속도로, 대구 방향, 밀양나들목 부근 45km 지점 1차로에 승용차, 화물차 추돌 사고, 뒤로 3km 정체. ",128.788264,35.499386,3860040003,2025-06-07 17:44,Saturday,주말
2025-06-07 17:55,한국도로공사,고속국도,10.0,남해고속도로,부산 방향,기타돌발,고장,(갓길)승용차고장처리중,127.986,35.0637,3840020701,-,Saturday,주말
2025-06-07 22:27,한국도로공사,고속국도,55.0,중앙고속도로,부산 방향,기타돌발,고장,(갓길)승용차고장처리중,128.4638,36.8919,3560028802,-,Saturday,주말
2025-06-08 12:04,경찰청,특별광역시도,0.0,용정공원대로,서울 방향,교통사고,사고,"<사고>::용정공원로83번길::용현동674::용현동674::주의운전::사고 - 서해안고속도로 서울방향, 당진나들목 부근 1차로에서 승용차 관련 사고처리 중. ",126.648766,37.447128,1630165600,2025-06-08 12:13,Sunday,주말
2025-06-08 14:40,한국도로공사,고속국도,60.0,서울양양고속도로,양양 방향,기타돌발,고장,(갓길)고창차처리중,128.4013,37.9712,2650167400,-,Sunday,주말
2025-06-08 16:08,경찰청,고속국도,65.0,울산포항고속도로,포항 방향,교통사고,사고,<사고>::동해고속도로::동부산IC북측::해운대TG::종점방향::::사고 동부산IC북측 → 해운대TG 부산울산선 종점 ,129.2043,35.2103,1451153600,2025-06-08 16:38,Sunday,주말
2025-06-08 16:55,경찰청,고속국도,40.0,평택제천고속도로,평택 방향,교통사고,사고,<사고>::평택제천고속도로::금왕꽃동네IC::대소분기점::기점방향::::고장 금왕꽃동네IC → 대소분기점 평택제천선 기점 ,127.5401,36.9518,2810053100,2025-06-08 17:25,Sunday,주말
2025-06-09 14:38,경찰청,고속국도,12.0,광주대구고속도로,대구 방향,교통사고,사고,<사고>::광주대구고속도로::강천산휴게소::순창IC서측::종점방향::::고장 강천산휴게소 → 순창IC서측 광주대구선 종점 ,127.1296,35.3647,3170032700,2025-06-09 15:08,Monday,평일
2025-06-09 16:07,한국도로공사,고속국도,35.0,통영대전고속도로,통영 방향,기타돌발,고장,(갓길)승용차고장처리중,127.6007,35.7358,3150036600,-,Monday,평일
2025-06-09 19:41,경찰청,시군도,0.0,송내대로,봉오고가교사거리 방향,공사,작업,"<공사>::송내대로::삼정동1414::봉오고가교사거리::주의운전::공사 - 부천 송내대로 삼정고가삼거리에서 봉오고가교사거리방향, 삼정고가교를 150m 정도 지난 지점 버스정류장 부근 하위차로가 공사관계로 차단되어 있음.	 ",126.760996,37.530202,2420041702,2025-06-09 19:45,Monday,평일
2025-06-09 21:03,경찰청,고속국도,1.0,경부고속도로,부산 방향,공사,작업,<공사>::경부고속도로::안성시천안시서북구::북천안IC::기점방향::4차로::작업 안성시천안시서북구 → 북천안IC 경부선 기점 ,127.188,36.948,3020534200,2025-06-09 21:33,Monday,평일
2025-06-09 7:56,한국도로공사,고속국도,1.0,경부고속도로,부산 방향,교통사고,사고,(5차로)단독사고처리중,127.1036,37.3047,2440200500,-,Monday,평일
2025-06-09 8:38,한국도로공사,고속국도,25.0,호남고속도로,논산 방향,공사,작업,(갓길)가드레일사고복구작업,127.1053,36.0537,3080422100,-,Monday,평일
2025-06-10 10:02,경찰청,시군도,0.0,주성대로,새터초등학교 방향,공사,작업,"<공사>::주성로::주성로시점::새터초등학교::주의운전::공사 - 주성로, 무심천에서 새터초등학교 방향 , 새터초등학교 부근에 횡단보도 긋는 작업 중임  ",127.470603,36.665625,2840107800,2025-06-10 10:19,Tuesday,평일
2025-06-10 13:22,한국도로공사,고속국도,1.0,경부고속도로,부산 방향,기타돌발,고장,(3차로)장애물처리중,127.4468,36.3681,1870203400,-,Tuesday,평일
2025-06-10 14:06,한국도로공사,고속국도,20.0,대구포항선,대구 방향,기타돌발,고장,(진입로갓길)승용차고장처리중,128.6619,35.9124,1510047400,-,Tuesday,평일
2025-06-10 15:32,경찰청,특별광역시도,0.0,비류대로,,공사,작업,<공사>::비류대로::청학사거리::청학사거리::주의운전::공사 - 미추홀대로 청량터널에서 청학사거리구간 청학사거리 내 2차로 막고 신호등관련 공사 중. ,126.66942,37.425416,1640047700,2025-06-10 15:39,Tuesday,평일
2025-06-10 18:33,경찰청,고속국도,1.0,경부고속도로,부산 방향,교통사고,사고,<사고>::경부고속도로::청주IC::청주시흥덕구청주시서::기점방향::::고장 청주IC → 청주시흥덕구청주시서 경부선 기점 ,127.3889,36.6175,2710586100,2025-06-10 19:03,Tuesday,평일
2025-06-10 8:07,경찰청,시군도,0.0,무왕대로,,공사,작업,<공사>::무왕로21길::부송동1220::부송동1219::1차로::주의운전::도로공사 ,126.98714,35.965932,3080602300,2025-06-10 8:37,Tuesday,평일
2025-06-10 8:44,경찰청,특별광역시도,0.0,신천동대로,양 방향,교통사고,사고,<사고>::신천동로::동신교남편교차로::대구동교회::주의운전::사고 - <사고중복>국채보상로 청구네거리에서 동신교방향 동신교교차로 직전 사고차량 이동중. -양방향 정체.  ,128.614785,35.868184,1500044500,2025-06-10 8:47,Tuesday,평일
2025-06-10 9:58,경찰청,고속국도,35.0,통영대전고속도로,대전 방향,공사,작업,<공사>::통영대전고속도로::진주JC::진주JC::종점방향::::작업 진주JC → 진주JC 통영대전선 종점 ,128.0971,35.1384,3810006200,2025-06-10 10:28,Tuesday,평일
2025-06-12 13:19,한국도로공사,고속국도,25.0,호남고속도로,논산 방향,공사,작업,(갓길)고장차처리중,127.1053,36.0537,3080422100,-,Thursday,평일
2025-06-12 19:05,한국도로공사,고속국도,55.0,중앙고속도로,춘천 방향,교통사고,사고,(1차로)승용차관련사고처리완료,128.5247,36.034,3690697200,2025-06-12 19:19,Thursday,평일
2025-06-12 5:12,한국도로공사,고속국도,45.0,중부내륙고속도로,창원 방향,공사,작업,(2차로)계단식옹벽설치작업중,128.2364,36.2862,3550033702,-,Thursday,평일
2025-06-13 10:54,경찰청,일반국도,0.0,산업대로,태화강역삼거리 방향,공사,작업,<공사>::산업로::태화강역앞교차로::주연자동차박물관::주의운전::공사 - 산업로 명촌교북단-태화강역삼거리방향 태화강역삼거리 150m못간 3차로 차량동원한 차선긋는작업중. ,129.352545,35.54065,1930004300,2025-06-13 10:59,Friday,평일
2025-06-13 11:39,경찰청,고속국도,16.0,울산고속도로,울산 방향,기상,기상,<기상>::울산고속도로::언양JC::울산TG::종점방향::::강우 언양JC → 울산TG 울산선 종점 ,129.1341,35.5646,1960019301,2025-06-13 12:09,Friday,평일
2025-06-13 14:03,한국도로공사,고속국도,35.0,통영대전고속도로,대전 방향,공사,작업,(1차로)노면보수작업중,127.5964,35.7616,3150026701,2025-06-13 14:09,Friday,평일
2025-06-13 14:41,한국도로공사,고속국도,10.0,남해고속도로,부산 방향,기타돌발,고장,(갓길)승용차고장처리중,128.91,35.2247,3850594000,-,Friday,평일
2025-06-13 14:52,경찰청,고속국도,16.0,울산고속도로,울산 방향,기상,기상,<기상>::울산고속도로::신복고가차도::울산JC::기점방향::::강우 신복고가차도 → 울산JC 울산선 기점 ,129.2607,35.5521,1960027823,2025-06-13 15:00,Friday,평일
2025-06-13 16:29,경찰청,고속국도,45.0,중부내륙고속도로,창원 방향,기상,기상,<기상>::중부내륙고속도로::여주JC남측::여주시음성군::기점방향::::강우 여주JC남측 → 여주시음성군 중부내륙선 기점 ,127.592,37.2267,2370602000,2025-06-13 16:35,Friday,평일
2025-06-13 17:57,한국도로공사,고속국도,120.0,경인고속도로,인천 방향,기상,강우,"빗길""주의""",126.6777,37.5181,1663132600,-,Friday,평일
2025-06-13 19:07,한국도로공사,고속국도,50.0,영동고속도로,인천 방향,기타돌발,고장,(갓길)고장차처리중,128.1283,37.4655,2580005402,-,Friday,평일
2025-06-13 19:30,경찰청,고속국도,15.0,서해안고속도로,무안 방향,교통사고,사고,<사고>::서해안고속도로::고창군부안군::선운산IC북측::기점방향::::고장 고창군부안군 → 선운산IC북측 서해안선 기점 ,126.693,35.5618,3180253200,2025-06-13 20:00,Friday,평일
2025-06-13 6:54,한국도로공사,고속국도,10.0,남해고속도로,부산 방향,기타돌발,고장,(갓길)화물차고장처리중,128.7223,35.2789,3850040441,-,Friday,평일
2025-06-13 8:29,경찰청,특별광역시도,0.0,동서대로,,공사,작업,<공사>::대전천서로::현암교::현암교::4차로::지체.정체 우려::도로공사 ,127.419101,36.338875,1840057100,2025-06-13 18:00,Friday,평일
2025-06-13 9:24,경찰청,일반국도,22.0,대남대로,,공사,작업,<공사>::대남대로::원어린이집::푸른길교회::1차로::주의운전::도로공사 ,126.912838,35.13427,1770071500,2025-06-13 18:00,Friday,평일
2025-06-14 0:21,한국도로공사,고속국도,1.0,경부고속도로,부산 방향,기타돌발,고장,(갓길)대형화물차고장처리중,128.5402,35.8954,1540003531,-,Saturday,주말
2025-06-14 13:41,경찰청,특별광역시도,0.0,매소홀대로,판교 방향,교통사고,사고,"<사고>::매소홀로::교통방송사거리::매소홀로167::주의운전::사고 - 수도권제1순환고속도로 구리에서 판교방향, 서하남나들목 3,4차차로에서 사고처리 중. ",126.646788,37.444654,1630055600,2025-06-14 13:44,Saturday,주말
2025-06-14 20:15,경찰청,고속국도,10.0,남해고속도로,부산 방향,교통사고,사고,<사고>::남해고속도로::용강리2152::동창원IC::종점방향::::사고 용강리2152 → 동창원IC 남해선(순천-부산) 종점 ,128.6897,35.2766,4140158800,2025-06-14 20:20,Saturday,주말
2025-06-14 4:29,한국도로공사,고속국도,50.0,영동고속도로,인천 방향,기타돌발,고장,(갓길)고장차처리중,127.0025,37.3131,2007022600,-,Saturday,주말
2025-06-14 6:11,한국도로공사,고속국도,45.0,중부내륙고속도로,창원 방향,기타돌발,고장,(2차로)승용차고장처리중,128.2538,35.9994,3680450500,-,Saturday,주말
2025-06-14 9:29,한국도로공사,고속국도,100.0,수도권제1순환고속도로,판교-구리 방향,기타돌발,차량증가/정체,차량증가/정체,126.7646,37.4612,1650314900,-,Saturday,주말
2025-06-15 13:49,경찰청,특별광역시도,0.0,국회대로,서울 방향,교통사고,사고,"<사고>::국회대로::신월IC::국회대로9::주의운전::사고 - 경인고속도로 서울방향, 신월나들목 4차로에서 화물차관련 사고처리 하고 있어 1Km구간 정체. ",126.834268,37.525201,1140000203,2025-06-15 13:52,Sunday,주말
2025-06-15 14:26,한국도로공사,고속국도,60.0,서울양양고속도로,양양 방향,기타돌발,차량증가/정체,차량증가/정체,127.3903,37.633,2400477600,-,Sunday,주말
2025-06-15 15:03,한국도로공사,고속국도,35.0,중부고속도로,남이 방향,기타돌발,차량증가/정체,차량증가/정체,127.4408,37.1721,2300698000,2025-06-15 16:38,Sunday,주말
2025-06-15 16:17,한국도로공사,고속국도,1.0,경부고속도로,서울 방향,기타돌발,차량증가/정체,차량증가/정체,127.3085,36.7264,3010086800,-,Sunday,주말
2025-06-15 17:33,경찰청,고속국도,20.0,익산포항고속도로,포항 방향,교통사고,사고,<사고>::새만금포항고속도로::곰티터널동측::마이산휴게소::종점방향::1차로::장애물 곰티터널동측 → 마이산휴게소 익산장수선 종점 ,127.3198,35.789,3130038900,2025-06-15 18:03,Sunday,주말
2025-06-15 19:16,한국도로공사,고속국도,25.0,호남고속도로,순천 방향,기상,강우,"빗길""주의""",127.0011,35.2321,3290198600,-,Sunday,주말
2025-06-15 20:05,한국도로공사,고속국도,10.0,남해고속도로,부산 방향,기상,강우,"빗길""주의""",127.782,34.9887,3940391700,-,Sunday,주말
2025-06-15 9:42,경찰청,일반국도,0.0,달구벌대로,,공사,작업,<공사>::달구벌대로::수성구청::범어동835::5차로::주의운전::고가 시설 작업 ,128.633226,35.858669,1550007307,2025-06-15 10:12,Sunday,주말
2025-06-16 15:06,경찰청,고속국도,10.0,남해고속도로,영암 방향,공사,작업,<공사>::남해고속도로::동창원IC::용강리2152::기점방향::1차로::작업 동창원IC → 용강리2152 남해선(순천-부산) 기점 ,128.6688,35.2717,4140158900,2025-06-16 15:36,Monday,평일
2025-06-16 16:54,한국도로공사,고속국도,65.0,동해고속도로,속초 방향,공사,작업,(진출로1차로)시설물설치작업중,128.8341,37.7777,2520029300,-,Monday,평일
2025-06-16 17:56,한국도로공사,고속국도,1.0,경부고속도로,서울 방향,기타돌발,차량증가/정체,차량증가/정체,127.1738,36.8332,3010330900,-,Monday,평일
2025-06-16 18:55,한국도로공사,고속국도,25.0,호남고속도로,순천 방향,기타,보행자,(갓길)보행자확인중,126.8502,35.5942,3090027801,-,Monday,평일
2025-06-16 1:26,한국도로공사,고속국도,15.0,서해안고속도로,서울 방향,기타돌발,고장,(갓길)승용차고장처리중,126.8857,37.3158,2160389200,-,Monday,평일
2025-06-16 6:52,한국도로공사,고속국도,35.0,중부고속도로,남이 방향,기타돌발,차량증가/정체,차량증가/정체,127.4201,36.6489,2710002501,-,Monday,평일
2025-06-17 16:26,경찰청,고속국도,15.0,서해안고속도로,무안 방향,교통사고,사고,<사고>::서해안고속도로::고잔3교::서평택IC북측::기점방향::::고장 고잔3교 → 서평택IC북측 서해안선 기점 ,126.882,37.0409,2140027301,2025-06-17 16:56,Tuesday,평일
2025-06-17 19:59,한국도로공사,고속국도,35.0,중부고속도로,하남 방향,공사,작업,(1차로)노면보수작업중,127.419,36.6454,2710002601,-,Tuesday,평일
2025-06-17 7:10,한국도로공사,고속국도,100.0,수도권제1순환고속도로,판교-구리 방향,기타돌발,차량증가/정체,차량증가/정체,127.1551,37.5994,2210002801,-,Tuesday,평일
2025-06-17 8:12,한국도로공사,고속국도,50.0,영동고속도로,인천 방향,공사,작업,(1차로)시설물보수작업중,128.245,37.5115,2580547000,2025-06-17 10:08,Tuesday,평일
2025-06-17 8:17,경찰청,고속국도,60.0,서울양양고속도로,서울 방향,공사,작업,<공사>::서울양양고속도로::화촌3터널북측::화촌3터널남측::기점방향::2차로::작업 화촌3터널북측 → 화촌3터널남측 서울양양선 기점 ,127.9977,37.76,2570228700,2025-06-17 8:47,Tuesday,평일
2025-06-17 8:25,한국도로공사,고속국도,25.0,호남고속도로,논산 방향,공사,작업,(1차로)시설물보수이동작업중,126.8274,35.2197,1790018400,-,Tuesday,평일
2025-06-18 10:22,한국도로공사,고속국도,1.0,경부고속도로,부산 방향,공사,작업,(진출로1차로)사고복구작업중,127.0846,37.1421,2230344200,-,Wednesday,평일
2025-06-18 15:58,한국도로공사,고속국도,102.0,남해고속도로제1지선,함안 방향,교통사고,사고,(2차로)승용차단독사고처리중,128.614,35.266,4140144500,-,Wednesday,평일
2025-06-18 21:01,경찰청,도시고속국도,70.0,강변북대로,,교통사고,사고,<사고>::강변북로::원효대교::마포대교::4차로::::교통사고  서울청,126.946467,37.534288,1020001403,2025-06-18 21:31,Wednesday,평일
2025-06-18 21:40,한국도로공사,고속국도,50.0,영동고속도로,인천 방향,공사,작업,"(2,3차로)시설물설치작업중",126.9637,37.3224,2000003901,-,Wednesday,평일
2025-06-18 23:04,경찰청,고속국도,102.0,남해고속도로제1지선,함안 방향,교통사고,사고,<사고>::남해고속도로제1지선::서마산IC::광려천1교::기점방향::::고장 서마산IC → 광려천1교 남해1지선 기점 ,128.5568,35.2346,4170062400,2025-06-18 23:34,Wednesday,평일
2025-06-18 7:17,경찰청,시군도,0.0,한동대로,,공사,작업,<공사>::한동로::두산농원::곡강리산1502::2차로::주의운전::도로공사 ,129.399539,36.104727,3510907501,2025-06-18 7:47,Wednesday,평일
2025-06-18 8:24,한국도로공사,고속국도,50.0,영동고속도로,강릉 방향,공사,작업,(2차로)노면보수작업중,128.5608,37.6514,2600034701,-,Wednesday,평일
2025-06-19 10:01,경찰청,고속국도,50.0,영동고속도로,서창 방향,공사,작업,<공사>::영동고속도로::둔대JC::안산시상록구군포시::기점방향::2차로::작업 둔대JC → 안산시상록구군포시 영동선 기점 ,126.879,37.3347,2250273100,2025-06-19 10:05,Thursday,평일
2025-06-19 10:04,경찰청,특별광역시도,0.0,배재대로,,공사,작업,<공사>::한밭도서관길::불티구름다리::예사랑교회::1차로::주의운전::도로공사 ,127.370845,36.315454,1850043900,2025-06-19 10:34,Thursday,평일
2025-06-19 14:02,경찰청,특별광역시도,0.0,성안대로,경찰청후문 방향,교통사고,사고,"<사고>::성안로::교량북측::경찰청후문사거리::주의운전::사고 - 성안로 백양사-경찰청후문방향 경찰청후문 앞 승용차2대추돌사고.
 ",129.314698,35.571311,1920038904,2025-06-19 14:05,Thursday,평일
2025-06-19 15:31,한국도로공사,고속국도,35.0,중부고속도로,하남 방향,기타돌발,차량증가/정체,차량증가/정체,127.491,36.8174,2790616400,-,Thursday,평일
2025-06-19 16:18,한국도로공사,고속국도,50.0,영동고속도로,강릉 방향,기타돌발,차량증가/정체,차량증가/정체,127.4253,37.2367,2300019301,-,Thursday,평일
2025-06-19 18:00,경찰청,특별광역시도,0.0,청계천대로,,기타,행사,<행사>::청계천로::삼일교::흥국빌딩::1차로::[집회] 장소: 한화본사 / 행진: 한화본사→을지로1가→한국은행→세종호텔 (1개차로)::집회  서울청,126.98649,37.568028,1000002902,2025-06-19 21:00,Thursday,평일
2025-06-19 20:59,한국도로공사,고속국도,50.0,영동고속도로,강릉 방향,기타돌발,고장,(갓길)고장차처리중,127.2056,37.2584,2430218600,-,Thursday,평일
2025-06-19 22:28,한국도로공사,고속국도,600.0,부산외곽선,창원 방향,공사,작업,(2차로)터널시설물보수작업중,129.184,35.2785,1450595200,-,Thursday,평일
2025-06-19 23:54,경찰청,고속국도,15.0,서해안고속도로,무안 방향,기상,기상,<기상>::서해안고속도로::서평택JC북측::고잔3교::기점방향::::강우 서평택JC북측 → 고잔3교 서해안선 기점 ,126.8858,37.0484,2140043000,2025-06-20 0:24,Thursday,평일
2025-06-19 23:57,한국도로공사,고속국도,15.0,서해안고속도로,목포 방향,기상,강우,"빗길""주의""",126.5643,35.3101,3410130700,-,Thursday,평일
2025-06-19 8:03,한국도로공사,고속국도,1.0,경부고속도로,부산 방향,공사,작업,(갓길)가드레일보수작업중,127.8893,36.2171,2770317400,-,Thursday,평일
2025-06-19 8:08,국도통합센터,일반국도,29.0,국도29호선,보성 방향,공사,시설물보수작업,,126.43929,36.88658,2890028603,2025-06-19 8:52,Thursday,평일
2025-06-19 8:42,경찰청,고속국도,37.0,제2중부고속도로,이천 방향,공사,작업,<공사>::제2중부고속도로::하남시광주시::경기광주JC::기점방향::::작업 하남시광주시 → 경기광주JC 제2중부선 기점 ,127.254,37.4665,2340608000,2025-06-19 9:12,Thursday,평일
2025-06-19 9:36,한국도로공사,고속국도,37.0,제2중부고속도로,하남 방향,공사,작업,(2차로)터널청소작업중,127.2466,37.4765,2340608000,-,Thursday,평일
2025-06-20 10:02,한국도로공사,고속국도,253.0,고창담양고속도로,고창 방향,기상,강우,"빗길""주의""",126.6532,35.4172,3180039001,-,Friday,평일
2025-06-20 10:27,경찰청,일반국도,7.0,웅상대로,울산 방향,공사,작업,"<공사>::웅상대로::임기교차로::법기IC교::주의운전::공사 - 국도 7호선 울산 방향, 창기마을 못 간 지점 2,3차로 막고 공사중임.  ",129.122161,35.332493,3880010803,2025-06-20 10:57,Friday,평일
2025-06-20 11:03,한국도로공사,고속국도,12.0,광주대구고속도로,대구 방향,기타돌발,고장,(갓길)승용고장차처리중,127.6226,35.5252,3100037301,-,Friday,평일
2025-06-20 15:48,경찰청,도시고속국도,30.0,내부순환도대로,,교통사고,사고,<사고>::내부순환도로::길음IC::하월곡분기점교차로::3차로::주의운전::교통사고  서울청,127.031969,37.603303,1070000500,2025-06-20 16:18,Friday,평일
2025-06-20 16:28,경찰청,특별광역시도,0.0,성안대로,,기타,행사,<행사>::성안2길::울산지방경찰청::CU성안마루점::주의운전::행사 - <집회>일시: 6월20일(금) 오후12:00~19:30 / 장소: 울산시 남구 태화강역광장/ 만명이상 인원이 동원된 집회. ,129.315788,35.572011,1920048100,2025-06-20 16:32,Friday,평일
2025-06-20 16:43,경찰청,고속국도,50.0,영동고속도로,서창 방향,교통사고,사고,<사고>::영동고속도로::수원시장안구수원시영::북수원IC남측::기점방향::2차로::고장 수원시장안구수원시영 → 북수원IC남측 영동선 기점 ,127.0096,37.3106,2007022500,2025-06-20 16:45,Friday,평일
2025-06-20 17:40,경찰청,일반국도,22.0,남문대로,광주 방향,교통사고,사고,<사고>::일반국도29호선::주남BS앞::녹동BS앞::주의운전::사고 - 남문로 화순에서 광주방향 월남호반베르디움1차 2차로 승용차간 사고 ,126.939391,35.102752,1750000705,2025-06-20 18:10,Friday,평일
2025-06-20 23:11,한국도로공사,고속국도,1.0,경부고속도로,부산 방향,기타돌발,고장,(갓길)승용차고장처리중,127.5838,36.3041,2760281203,-,Friday,평일
2025-06-20 6:52,한국도로공사,고속국도,1.0,경부고속도로,부산 방향,기타돌발,차량증가/정체,차량증가/정체,127.0727,37.4275,2040412000,-,Friday,평일
2025-06-20 7:39,경찰청,일반국도,15.0,우주항공대로,벌교 방향,공사,작업,<공사>::일반국도27호선::상림1교상림2교::상림리195::주의운전::공사 - 국도27호선 고흥에서 벌교방향 상림교차로 1차로 막고 도로포장 공사  ,127.259844,34.585955,3320044200,2025-06-20 7:43,Friday,평일
2025-06-20 8:26,경찰청,특별광역시도,0.0,천변우대로,,공사,작업,"<공사>::천변우로::학림교::남광주고가차도::4,5차로::주의운전::도로공사 ",126.921831,35.136894,1750066300,2025-06-20 18:00,Friday,평일
2025-06-20 8:50,한국도로공사,고속국도,50.0,영동고속도로,강릉 방향,기타돌발,고장,(갓길)화물차고장처리중,128.7746,37.6789,2520013902,-,Friday,평일
2025-06-20 9:15,한국도로공사,고속국도,50.0,영동고속도로,인천 방향,공사,작업,(갓길)배수로정비작업중,126.7397,37.4379,1650004300,-,Friday,평일
2025-06-21 10:01,경찰청,특별광역시도,0.0,구봉대로,,공사,작업,<공사>::구봉로::늘사랑교회::정림동우체국::1차로::주의운전::도로공사 ,127.365109,36.299098,1850159400,2025-06-21 18:00,Saturday,주말
2025-06-21 10:30,한국도로공사,고속국도,15.0,서해안고속도로,서울 방향,기타돌발,차량증가/정체,차량증가/정체,126.8837,37.2521,2330060200,-,Saturday,주말
2025-06-21 12:16,한국도로공사,고속국도,55.0,중앙고속도로,춘천 방향,기타돌발,고장,(2차로)승용차고장처리중,128.6192,36.4279,3540957000,-,Saturday,주말
2025-06-21 14:28,한국도로공사,고속국도,1.0,경부고속도로,서울 방향,기타돌발,장애물,(4차로)장애물(동물사체)처리중,127.4275,36.5794,2830056600,-,Saturday,주말
2025-06-21 15:08,한국도로공사,고속국도,1.0,경부고속도로,부산 방향,기타돌발,차량증가/정체,차량증가/정체,127.1385,37.0374,2310798700,-,Saturday,주말
2025-06-21 21:48,경찰청,고속국도,45.0,중부내륙고속도로,창원 방향,교통사고,사고,<사고>::중부내륙고속도로::남성주IC::고령군성주군::기점방향::::장애물 남성주IC → 고령군성주군 중부내륙선 기점 ,128.3296,35.832,3680450000,2025-06-21 22:18,Saturday,주말
2025-06-21 7:32,경찰청,도시고속국도,61.0,동부간선도대로,,교통사고,사고,<사고>::동부간선도로::월릉교::동부간선로 진입램프::1차로::::교통사고  서울청,127.072001,37.619787,1100000202,2025-06-21 8:02,Saturday,주말
2025-06-21 7:33,경찰청,고속국도,10.0,남해고속도로,영암 방향,교통사고,사고,<사고>::남해고속도로::산인JC::함안IC::기점방향::::고장 산인JC → 함안IC 남해선(순천-부산) 기점 ,128.4169,35.2835,3900006101,2025-06-21 8:03,Saturday,주말
2025-06-22 14:59,경찰청,도시고속국도,30.0,내부순환도대로,성산 방향,교통사고,사고,<사고>::내부순환도로::길음역10번출구::정릉IC::2차로::고장차량 내부순환로 길음램프→정릉램프 성산 방향 ,127.018991,37.602567,1070000400,2025-06-22 15:29,Sunday,주말
2025-06-22 15:03,한국도로공사,고속국도,100.0,수도권제1순환고속도로,판교-구리 방향,기타돌발,고장,(4차로)고장차처리중,126.7522,37.4765,1660000500,-,Sunday,주말
2025-06-23 12:36,한국도로공사,고속국도,100.0,수도권제1순환고속도로,판교-일산 방향,기타돌발,고장,"(5차로,갓길)화물고장차처리중",126.8113,37.4428,2240029502,-,Monday,평일
2025-06-23 15:04,경찰청,고속국도,50.0,영동고속도로,강릉 방향,교통사고,사고,<사고>::영동고속도로::여주시원주시::문막IC::종점방향::2차로::장애물 여주시원주시 → 문막IC 영동선 종점 ,127.7359,37.2442,2511021700,2025-06-23 15:34,Monday,평일
2025-06-23 16:47,한국도로공사,고속국도,55.0,중앙고속도로,춘천 방향,기타돌발,차량증가/정체,차량증가/정체,128.9742,35.2181,1410018900,-,Monday,평일
2025-06-23 21:27,한국도로공사,고속국도,40.0,평택제천고속도로,평택 방향,공사,작업,(1차로)노면보수작업중,127.3773,36.9752,2310237201,-,Monday,평일
2025-06-23 4:14,한국도로공사,고속국도,35.0,통영대전고속도로,대전 방향,기상,안개,"안개""주의""",128.1074,35.1355,3810403600,-,Monday,평일
2025-06-23 8:02,경찰청,고속국도,30.0,당진영덕고속도로,당진 방향,공사,작업,<공사>::당진영덕고속도로::산수골길2919::해월교::기점방향::2차로::작업 산수골길2919 → 해월교 당진대전선 기점 ,127.0121,36.505,2860171501,2025-06-23 8:32,Monday,평일
2025-06-23 8:38,한국도로공사,고속국도,27.0,순천완주고속도로,순천 방향,공사,작업,(1차로)시설물보수작업중,127.2657,35.6908,3160030700,-,Monday,평일
2025-06-23 8:45,한국도로공사,고속국도,45.0,중부내륙고속도로,양평 방향,공사,작업,(2차로)노면청소이동작업중,128.2391,36.3662,3580008302,-,Monday,평일
2025-06-23 9:07,경찰청,고속국도,15.0,서해안고속도로,무안 방향,공사,작업,<공사>::서해안고속도로::안산JC북측::안산JC남측::기점방향::::작업 안산JC북측 → 안산JC남측 서해안선 기점 ,126.8605,37.344,2160016300,2025-06-23 9:13,Monday,평일
2025-06-24 11:13,국도통합센터,일반국도,4.0,국도4호선,부안 방향,공사,시설물보수작업,,127.55654,36.31411,2760278001,2025-06-24 11:20,Tuesday,평일
2025-06-24 12:06,경찰청,일반국도,1.0,경수대로,,공사,작업,<공사>::일반국도1호선::고운어린이집::부흥고삼거리::1차로::주의운전::도로공사 ,126.944659,37.391907,2090007400,2025-06-24 12:36,Tuesday,평일
2025-06-24 13:41,경찰청,시군도,0.0,신평화대로,,교통사고,사고,<사고>::신평화로::양주터널북측::만송동산1075::1차로::주의운전::고장 차량 ,127.078438,37.773813,2350242700,2025-06-24 14:11,Tuesday,평일
2025-06-24 14:02,한국도로공사,고속국도,30.0,청주영덕선,청주 방향,기타돌발,고장,(갓길)승용차고장처리중,129.2373,36.4388,3650217000,-,Tuesday,평일
2025-06-24 15:03,한국도로공사,고속국도,35.0,통영대전고속도로,통영 방향,기타돌발,고장,(갓길)화물고장차처리중,127.6434,35.9804,3140288200,-,Tuesday,평일
2025-06-24 20:10,한국도로공사,고속국도,110.0,제2경인고속도로,인천 방향,기상,강우,"빗길""주의""",126.6322,37.4463,1630000600,-,Tuesday,평일
2025-06-24 21:00,한국도로공사,고속국도,130.0,인천공항선,공항 방향,기상,강우,"빗길""주의""",126.6666,37.5697,1680008501,-,Tuesday,평일
2025-06-24 22:51,경찰청,고속국도,10.0,남해고속도로,부산 방향,교통사고,사고,<사고>::남해고속도로::진례JC::냉정JC::종점방향::::고장 진례JC → 냉정JC 남해선(순천-부산) 종점 ,128.7777,35.2286,3850025901,2025-06-24 23:21,Tuesday,평일
2025-06-24 5:28,한국도로공사,고속국도,100.0,수도권제1순환고속도로,판교-일산 방향,기타돌발,차량증가/정체,차량증가/정체,126.7686,37.5935,2320001900,-,Tuesday,평일
2025-06-24 6:21,한국도로공사,고속국도,100.0,수도권제1순환고속도로,판교-일산 방향,기타,보행자,(진입로갓길)보행자확인완료,126.7472,37.4874,2420007500,2025-06-24 6:55,Tuesday,평일
2025-06-24 6:35,경찰청,고속국도,50.0,영동고속도로,강릉 방향,교통사고,사고,<사고>::영동고속도로::수원시영통구용인시기::신갈JC::종점방향::::고장 수원시영통구용인시기 → 신갈JC 영동선 종점 ,127.086,37.2916,2440188200,2025-06-24 7:05,Tuesday,평일
2025-06-24 8:20,경찰청,고속국도,1.0,경부고속도로,서울 방향,교통사고,사고,<사고>::경부고속도로::증약터널서측::신상2교::종점방향::3차로::고장 증약터널서측 → 신상2교 경부선 종점 ,127.492,36.3478,1830192500,2025-06-24 8:50,Tuesday,평일
2025-06-24 8:53,한국도로공사,고속국도,55.0,중앙고속도로,부산 방향,공사,작업,(2차로)노면보수작업중,127.7712,37.7986,2500001606,-,Tuesday,평일
2025-06-24 9:11,한국도로공사,고속국도,100.0,수도권제1순환고속도로,판교-구리 방향,공사,작업,(차로교대)노면보수작업중,127.0944,37.4057,2060010900,-,Tuesday,평일
2025-06-25 13:16,경찰청,시군도,0.0,1순환로,분평사거리 방향,공사,작업,"<공사>::1순환로::한사랑교회::분평사거리::주의운전::공사 - 1순환로, 산남2사거리에서 분평사거리 방향 , 분평사거리 우회전 차로에 배수로 공사 중임.  ",127.481397,36.607243,2830077400,2025-06-25 13:19,Wednesday,평일
2025-06-25 22:58,한국도로공사,고속국도,100.0,수도권제1순환고속도로,판교-일산 방향,공사,작업,"양주TG(57.1K)-통일로IC(59.2K)(1,2차로)팽창줄눈보수작업중",126.9849,37.7203,2350631300,-,Wednesday,평일
2025-06-25 5:17,한국도로공사,고속국도,30.0,당진대전선,당진 방향,기상,강우,"빗길""주의""",126.972,36.5675,2860170600,-,Wednesday,평일
2025-06-25 5:47,경찰청,고속국도,50.0,영동고속도로,강릉 방향,기상,기상,<기상>::영동고속도로::안산JC::안산시상록구군포시::종점방향::::강우 안산JC → 안산시상록구군포시 영동선 종점 ,126.8607,37.3441,2160389600,2025-06-25 6:17,Wednesday,평일
2025-06-25 6:11,한국도로공사,고속국도,1.0,경부고속도로,서울 방향,기타돌발,고장,(갓길)화물차고장처리중,128.2662,36.1597,3530038400,-,Wednesday,평일
2025-06-25 8:14,한국도로공사,고속국도,30.0,청주영덕선,청주 방향,공사,작업,(갓길)화재수목제거작업중,128.7894,36.4144,3620146900,-,Wednesday,평일
2025-06-25 9:28,경찰청,고속국도,55.0,중앙고속도로,부산 방향,기상,기상,<기상>::중앙고속도로::단양IC::죽령터널::기점방향::::강우 단양IC → 죽령터널 중앙선 기점 ,128.3754,36.918,2820003301,2025-06-25 9:35,Wednesday,평일
2025-06-26 11:28,경찰청,일반국도,0.0,달구벌대로,,공사,작업,<공사>::달구벌대로::죽전동338::죽전네거리::5차로::주의운전::유지보수 ,128.535621,35.850046,1560004504,2025-06-26 14:58,Thursday,평일
2025-06-26 12:06,한국도로공사,고속국도,35.0,중부고속도로,하남 방향,공사,작업,(갓길)이동통신장비점검작업중,127.2697,37.4479,2340034400,-,Thursday,평일
2025-06-26 14:50,한국도로공사,고속국도,1.0,경부고속도로,서울 방향,공사,작업,(갓길)신축이음장치커버설치작업중,127.2173,36.7603,3010146900,-,Thursday,평일
2025-06-26 15:54,경찰청,고속국도,1.0,경부고속도로,부산 방향,교통사고,사고,<사고>::경부고속도로::안성IC북측::안성IC남측::기점방향::2차로::사고 안성IC북측 → 안성IC남측 경부선 기점 ,127.1555,36.9909,2310007300,2025-06-26 16:24,Thursday,평일
2025-06-26 18:05,한국도로공사,고속국도,100.0,수도권제1순환고속도로,판교-구리 방향,기타돌발,차량증가/정체,차량증가/정체,127.1233,37.4349,2050006301,-,Thursday,평일
2025-06-26 19:56,한국도로공사,고속국도,35.0,중부고속도로,하남 방향,공사,작업,(갓길)리모델링포장작업중,127.4218,36.6541,2710656700,-,Thursday,평일
2025-06-26 20:51,한국도로공사,고속국도,10.0,남해고속도로,순천 방향,기타돌발,고장,(갓길)승용차고장처리중,128.6645,35.2708,4140158800,-,Thursday,평일
2025-06-26 21:56,경찰청,도시고속국도,61.0,동부간선도대로,성수JC 방향,공사,작업,<공사>::동부간선도로::도봉지하차도::하나로클럽마트::3차로::시설물보수 동부간선로 도봉T입구→도봉T중간 성수JC 방향 ,127.049877,37.668109,1090048001,2025-06-26 22:26,Thursday,평일
2025-06-26 8:26,경찰청,고속국도,65.0,울산포항고속도로,울산 방향,공사,작업,<공사>::동해고속도로::갈평3교남측::갈평2교북측::기점방향::2차로::작업 갈평3교남측 → 갈평2교북측 동해선(부산-포항) 기점 ,129.3958,35.9194,3500281500,2025-06-26 8:56,Thursday,평일
2025-06-26 8:34,경찰청,특별광역시도,0.0,동촌대로,,공사,작업,<공사>::동촌로::동촌네거리::동촌초등학교::3차로::주의운전::도로공사 ,128.654377,35.88611,1510006902,2025-06-26 12:04,Thursday,평일
2025-06-26 8:35,경찰청,고속국도,65.0,동해고속도로,속초 방향,교통사고,사고,<사고>::동해고속도로::강릉4터널::강릉제5터널::종점방향::::고장 강릉4터널 → 강릉제5터널 동해선(삼척-속초) 종점 ,128.9639,37.6882,2520011701,2025-06-26 9:05,Thursday,평일
2025-06-27 12:22,국도통합센터,일반국도,19.0,국도19호선,홍천 방향,공사,시설물보수작업,,127.44259,35.33882,3310018200,2025-06-27 19:33,Friday,평일
2025-06-27 16:28,한국도로공사,고속국도,40.0,평택제천고속도로,제천 방향,기타돌발,고장,(갓길)대형화물차고장처리중,127.8971,37.068,2720337000,-,Friday,평일
2025-06-27 7:16,한국도로공사,고속국도,27.0,순천완주고속도로,완주 방향,기타돌발,장애물,"(1,2차로)장애물(타이어)처리중",127.298,35.6665,3160029900,-,Friday,평일
2025-06-27 7:22,한국도로공사,고속국도,20.0,익산장수선,장수 방향,공사,작업,(1차로)터널시설물교체작업중,127.5949,35.7179,3150038900,-,Friday,평일
2025-06-27 8:59,한국도로공사,고속국도,35.0,중부고속도로,남이 방향,공사,작업,"(진입,진출로갓길)풀베기작업중",127.3922,37.2763,2300036100,-,Friday,평일
2025-06-27 9:00,한국도로공사,고속국도,15.0,서해안고속도로,서울 방향,공사,작업,(2차로)터널내시설물보수작업중,126.4963,34.9744,3390007402,-,Friday,평일
2025-06-28 10:15,한국도로공사,고속국도,55.0,중앙고속도로,부산 방향,기타돌발,차량증가/정체,차량증가/정체,128.5507,35.9989,3690696200,-,Saturday,주말
2025-06-28 10:52,한국도로공사,고속국도,100.0,수도권제1순환고속도로,판교-구리 방향,기타돌발,차량증가/정체,차량증가/정체,126.7543,37.4744,1660000500,-,Saturday,주말
2025-06-28 13:17,한국도로공사,고속국도,55.0,중앙고속도로,부산 방향,기타돌발,고장,(갓길)대형화물고장처리중,128.6191,36.5132,3540015312,-,Saturday,주말
2025-06-28 14:00,경찰청,일반국도,6.0,종대로,,기타,행사,"<행사>::종로::종로1가::합동청사::2,3차로::[집회]장소: 보신각/행진: 보신각→안국동사거리→광화문교차로→정부서울청사교차로(2개차로)::집회  서울청",126.983445,37.570127,1000023700,2025-06-28 16:00,Saturday,주말
2025-06-28 14:36,한국도로공사,고속국도,40.0,평택제천고속도로,제천 방향,기타돌발,고장,(갓길)승용차고장처리중,127.31,36.9756,2310237700,-,Saturday,주말
2025-06-28 9:16,경찰청,고속국도,50.0,영동고속도로,서창 방향,교통사고,사고,<사고>::영동고속도로::용인IC서측::마성IC::기점방향::3차로::장애물 용인IC서측 → 마성IC 영동선 기점 ,127.1951,37.2637,2430219800,2025-06-28 9:20,Saturday,주말
2025-06-29 12:59,한국도로공사,고속국도,30.0,청주영덕선,청주 방향,기타돌발,장애물,"(1,2차로)장애물(철재류)처리중",127.6396,36.4744,2750370200,-,Sunday,주말
2025-06-30 10:47,경찰청,고속국도,30.0,당진영덕고속도로,영덕 방향,교통사고,사고,<사고>::당진영덕고속도로::화서IC::내서2교::종점방향::1차로::고장 화서IC → 내서2교 청주영덕선 종점 ,128.0077,36.4382,3580455500,2025-06-30 11:17,Monday,평일
2025-06-30 12:02,경찰청,특별광역시도,0.0,돋질대로,중리사거리 방향,교통사고,사고,"<사고>::돗질로::예술회관사거리::남구청사거리::주의운전::사고 - 돋질로 시청에서 예술회관사거리 예술회관 못 간 승용차 화물차 추돌 사고, 정체 / 같은도로 예술회관사거리에서 중리사거리 방향 남구청 지난 지점 택시 승용차 추돌 사고. ",129.328865,35.542366,1930146900,2025-06-30 12:07,Monday,평일
2025-06-30 12:29,경찰청,고속국도,15.0,서해안고속도로,서울 방향,교통사고,사고,<사고>::서해안고속도로::평택시화성시::발안IC남측::종점방향::::고장 평택시화성시 → 발안IC남측 서해안선 종점 ,126.8875,37.0934,2334281900,2025-06-30 12:59,Monday,평일
2025-06-30 14:24,한국도로공사,고속국도,50.0,영동고속도로,강릉 방향,기타돌발,차량증가/정체,차량증가/정체,127.0237,37.3134,2007022500,-,Monday,평일
2025-06-30 6:45,한국도로공사,고속국도,55.0,중앙고속도로,춘천 방향,기타돌발,고장,(갓길)화물차고장처리완료,128.5247,35.8965,-,2025-06-30 8:02,Monday,평일
2025-06-30 7:21,한국도로공사,고속국도,55.0,중앙고속도로,춘천 방향,공사,작업,(1차로)노면보수작업중,128.4659,36.8897,3560028902,-,Monday,평일
2025-06-30 7:51,한국도로공사,고속국도,45.0,중부내륙고속도로,양평 방향,공사,작업,(2차로)응력완화줄눈설치작업중,128.2666,36.0212,3680451200,-,Monday,평일
2025-06-30 9:05,한국도로공사,고속국도,130.0,인천공항선,서울 방향,공사,작업,"(3,4차로)한상IC교통시설물설치",126.4857,37.4715,1610003000,-,Monday,평일
2025-07-01 10:37,경찰청,시군도,0.0,용두방천대로,,공사,작업,<공사>::용두방천3길::봉덕동87814::희망교지하차도::1차로::주의운전::유지보수 ,128.606799,35.843804,1530035401,2025-07-01 12:07,Tuesday,평일
2025-07-01 11:52,경찰청,도시고속국도,44.0,북부간선도대로,구리 방향,교통사고,사고,<사고>::북부간선도로::하월곡분기점::하월곡IC::1차로::추돌사고 북부간선로 종암JC→하월곡 구리 방향 ,127.049933,37.607081,1070000200,2025-07-01 12:22,Tuesday,평일
2025-07-01 13:49,한국도로공사,고속국도,1.0,경부고속도로,부산 방향,공사,작업,(1차로)이동노면청소작업중,127.1681,36.8254,3010233800,-,Tuesday,평일
2025-07-01 14:46,한국도로공사,고속국도,45.0,중부내륙고속도로,양평 방향,기타돌발,고장,(갓길)승용차고장처리중,127.6122,37.1966,2370602000,-,Tuesday,평일
2025-07-01 16:14,경찰청,고속국도,15.0,서해안고속도로,서울 방향,교통사고,사고,<사고>::서해안고속도로::서천휴게소::춘장대IC::종점방향::::고장 서천휴게소 → 춘장대IC 서해안선 종점 ,126.6157,36.1537,2950015901,2025-07-01 16:44,Tuesday,평일
2025-07-01 17:35,한국도로공사,고속국도,25.0,호남고속도로,논산 방향,기타돌발,차량증가/정체,교통량증가,126.8274,35.2197,1790018400,-,Tuesday,평일
2025-07-01 20:29,한국도로공사,고속국도,50.0,영동고속도로,강릉 방향,기상,강우,"빗길""주의""",128.2053,37.4926,2580024524,-,Tuesday,평일
2025-07-01 5:38,한국도로공사,고속국도,50.0,영동고속도로,강릉 방향,재난,노면습기,"노면습기""주의""",127.0514,37.2991,2030327500,-,Tuesday,평일
2025-07-01 6:53,경찰청,고속국도,1.0,경부고속도로,부산 방향,교통사고,사고,<사고>::경부고속도로::천안IC::천안JC::기점방향::5차로::장애물 천안IC → 천안JC 경부선 기점 ,127.1748,36.7821,3010331400,2025-07-01 7:23,Tuesday,평일
2025-07-01 8:10,한국도로공사,고속국도,15.0,서해안고속도로,서울 방향,기타돌발,차량증가/정체,차량증가/정체,126.8605,37.344,2160016300,-,Tuesday,평일
2025-07-02 10:56,한국도로공사,고속국도,55.0,중앙고속도로,부산 방향,기타돌발,차량증가/정체,차량증가/정체,128.5287,36.0297,3690696500,2025-07-02 11:35,Wednesday,평일
2025-07-02 14:59,경찰청,일반국도,4.0,옥천대로,,공사,작업,<공사>::일반국도4호선::대전신학교앞::비룡삼거리::4차로::주의운전::유지보수 ,127.475309,36.33006,1830007311,2025-07-02 15:29,Wednesday,평일
2025-07-02 16:22,한국도로공사,고속국도,102.0,남해고속도로제1지선,함안 방향,교통사고,사고,"(2,3차로)화물차단독사고처리중",128.6005,35.2556,4170097800,-,Wednesday,평일
2025-07-02 16:44,한국도로공사,고속국도,120.0,경인고속도로,인천 방향,교통사고,사고,"(1,2차로)승용차사고처리중",126.709,37.5237,1660003702,-,Wednesday,평일
2025-07-02 19:56,경찰청,고속국도,10.0,남해고속도로,부산 방향,공사,작업,<공사>::남해고속도로::칠원JC::칠원대교::종점방향::1차로::작업 칠원JC → 칠원대교 남해선(순천-부산) 종점 ,128.5127,35.2835,3900014701,2025-07-02 20:26,Wednesday,평일
2025-07-02 8:50,경찰청,특별광역시도,0.0,문수대로,법원 방향,교통사고,사고,"<사고>::문수로::여여선원::공업탑로터리::주의운전::사고 - 공업탑로터리 내부, 달동사거리에서 법원 방향, 가차로 화물차 승용차 접촉 사고, 원활.  ",129.307322,35.532153,1930064301,2025-07-02 9:20,Wednesday,평일
2025-07-03 10:11,경찰청,도시고속국도,88.0,올림픽대로,김포 방향,교통사고,사고,<사고>::올림픽대로::한남대교분기점::미니스톱반포1점::1차로::고장차량 올림픽대로 한남대교남단→반포대교남단 김포 방향 ,127.006413,37.51528,1210005301,2025-07-03 10:41,Thursday,평일
2025-07-03 12:14,한국도로공사,고속국도,40.0,평택제천고속도로,평택 방향,기타돌발,고장,(갓길)고장차처리중,126.9191,37.0487,2140039200,-,Thursday,평일
2025-07-03 18:15,경찰청,고속국도,35.0,통영대전고속도로,통영 방향,교통사고,사고,<사고>::통영대전고속도로::금산군무주군::잠두교::기점방향::::고장 금산군무주군 → 잠두교 통영대전선 기점 ,127.5794,36.0208,3140288700,2025-07-03 18:45,Thursday,평일
2025-07-03 5:06,경찰청,고속국도,45.0,중부내륙고속도로,양평 방향,교통사고,사고,<사고>::중부내륙고속도로::칠서IC::칠서휴게소::종점방향::2차로::장애물 칠서IC → 칠서휴게소 중부내륙선 종점 ,128.4961,35.3625,3900037901,2025-07-03 5:36,Thursday,평일
2025-07-03 7:58,한국도로공사,고속국도,10.0,남해고속도로,부산 방향,기타돌발,장애물,(갓길)화물차고장처리중,127.887,35.0401,3940006501,-,Thursday,평일
2025-07-04 12:26,경찰청,국가지원지방도,58.0,거가대로,거제 방향,교통사고,사고,"<사고>::거가대로::가덕해저터널::가덕해저터널::주의운전::사고 - 거가대로, 거제 방향, 가덕해저터널 내 2차로에 트레일러 단독 사고, 연기가 나고 있음. ",128.797417,35.020125,1410193200,2025-07-04 12:56,Friday,평일
2025-07-04 20:13,경찰청,고속국도,60.0,서울양양고속도로,서울 방향,교통사고,사고,<사고>::서울양양고속도로::가평군양평군::서종IC동측::기점방향::3차로::고장 가평군양평군 → 서종IC동측 서울양양선 기점 ,127.4449,37.6489,2400477600,2025-07-04 20:43,Friday,평일
2025-07-04 8:04,경찰청,일반국도,43.0,호국대로,,교통사고,사고,<사고>::일반국도43호선::송우교::하송우삼거리::1차로::주의운전::교통사고 ,127.154162,37.83546,2360005804,2025-07-04 8:34,Friday,평일
2025-07-04 9:19,한국도로공사,고속국도,100.0,수도권제1순환고속도로,판교-구리 방향,기타돌발,차량증가/정체,차량증가/정체,127.1907,37.5212,2270002301,-,Friday,평일
2025-07-05 12:09,한국도로공사,고속국도,20.0,대구포항선,포항 방향,기타돌발,고장,(갓길)승용차고장처리중,129.1515,36.0688,3570028401,-,Saturday,주말
2025-07-05 12:47,한국도로공사,고속국도,15.0,서해안고속도로,목포 방향,기타돌발,고장,(갓길)중형화물차고장처리중,126.6185,36.8511,3000012300,-,Saturday,주말
2025-07-05 15:31,한국도로공사,고속국도,551.0,중앙선지선,양산 방향,교통사고,사고,(4차로)승용차관련사고처리중,128.9931,35.2847,3851177000,-,Saturday,주말
2025-07-05 16:14,한국도로공사,고속국도,15.0,서해안고속도로,서울 방향,기타돌발,고장,"(갓길)승용차,화물고장차처리중",126.8837,37.2521,2330060200,-,Saturday,주말
2025-07-05 17:31,한국도로공사,고속국도,102.0,남해고속도로제1지선,창원 방향,기타돌발,고장,(갓길)화물차고장처리중,128.4799,35.2714,3900005501,-,Saturday,주말
2025-07-05 6:40,경찰청,고속국도,60.0,서울양양고속도로,서울 방향,기상,기상,<기상>::서울양양고속도로::서면7터널북측::서면7터널남측::기점방향::::강풍 서면7터널북측 → 서면7터널남측 서울양양선 기점 ,128.5926,38.0594,2670227600,2025-07-05 7:10,Saturday,주말
2025-07-05 8:17,한국도로공사,고속국도,50.0,영동고속도로,인천 방향,기타돌발,차량증가/정체,차량증가/정체,127.9295,37.383,2510051211,-,Saturday,주말
2025-07-05 8:29,경찰청,특별광역시도,0.0,대청대로,부산우체국사거리 방향,공사,작업,"<공사>::대청로::대청동2가143::중앙역7번출구::주의운전::공사 - 대청로, 대청사거리에서 부산우체국사거리 방향 부산우체국사거리 못 간 제일은행 맞은편 가장자리 차로에 공사중임. ",129.034851,35.102811,1300005200,2025-07-05 8:36,Saturday,주말
2025-07-05 9:26,경찰청,특별광역시도,0.0,용산대로,,공사,작업,<공사>::용두산길::두호119안전센터::청구하이츠아파트앞교::1차로::서행 ::고가 시설 작업 ,129.381654,36.065525,3510103000,2025-07-05 9:56,Saturday,주말
2025-07-05 9:54,한국도로공사,고속국도,100.0,수도권제1순환고속도로,판교-구리 방향,기타돌발,차량증가/정체,차량증가/정체,126.7488,37.5531,1670004100,-,Saturday,주말
2025-07-06 14:15,한국도로공사,고속국도,10.0,남해고속도로,순천 방향,기타돌발,고장,(갓길)승용차고장처리중,128.2809,35.268,3900764700,-,Sunday,주말
2025-07-06 9:00,경찰청,시군도,0.0,동탄오산대로,,공사,작업,<공사>::동탄오산로::동탄우남퍼스트빌주출::오산동산8895::1차로::주의운전::도로공사 ,127.095946,37.199923,2333809606,2025-07-06 18:00,Sunday,주말
2025-07-06 9:56,한국도로공사,고속국도,15.0,서해안고속도로,목포 방향,기타돌발,차량증가/정체,차량증가/정체,126.8951,37.4246,2130000700,-,Sunday,주말
2025-07-07 13:46,경찰청,고속국도,65.0,울산포항고속도로,울산 방향,교통사고,사고,<사고>::동해고속도로::포항시남구경주시::양북5터널남측::기점방향::2차로::사고 포항시남구경주시 → 양북5터널남측 동해선(부산-포항) 기점 ,129.4074,35.854,3521194700,2025-07-07 14:16,Monday,평일
2025-07-07 16:09,한국도로공사,고속국도,65.0,부산울산선,부산 방향,기타돌발,고장,"(2차로,갓길)화물차고장처리중",129.2635,35.4159,1960217001,-,Monday,평일
2025-07-07 17:46,경찰청,고속국도,15.0,서해안고속도로,서울 방향,교통사고,사고,<사고>::서해안고속도로::매송IC남측::매송IC북측::종점방향::4차로::고장 매송IC남측 → 매송IC북측 서해안선 종점 ,126.8969,37.2767,2330061400,2025-07-07 18:16,Monday,평일
2025-07-07 6:30,한국도로공사,고속국도,55.0,중앙고속도로,부산 방향,기타돌발,차량증가/정체,차량증가/정체,128.5287,36.0297,3690696500,-,Monday,평일
2025-07-07 7:22,한국도로공사,고속국도,15.0,서해안고속도로,서울 방향,기타돌발,고장,(갓길)화물고장차처리완료,126.8875,37.0773,2334282000,2025-07-07 9:13,Monday,평일
2025-07-08 12:56,경찰청,고속국도,55.0,중앙고속도로,춘천 방향,교통사고,사고,<사고>::중앙고속도로::원주휴게소::원주시횡성군::종점방향::::고장 원주휴게소 → 원주시횡성군 중앙선 종점 ,127.9365,37.4568,2511023300,2025-07-08 13:26,Tuesday,평일
2025-07-08 16:15,경찰청,일반국도,14.0,기장대로,기장군청 방향,교통사고,사고,"<사고>::국가지원지방도31호선::청강사거리::한국외식업중앙회부산::주의운전::사고 - 기장대로 청강사거리에서 기장군청방향, 청강사거리 지난 지점 2차로에 승용차 추돌 사고 처리 중이며 뒤로 지체. ",129.218381,35.236734,1450002700,2025-07-08 16:20,Tuesday,평일
2025-07-08 16:52,경찰청,고속국도,45.0,중부내륙고속도로,양평 방향,기상,기상,<기상>::중부내륙고속도로::북상주IC::점촌함창IC::종점방향::::강우 북상주IC → 점촌함창IC 중부내륙선 종점 ,128.1573,36.5882,3580043901,2025-07-08 17:22,Tuesday,평일
2025-07-08 19:59,경찰청,고속국도,35.0,중부고속도로,하남 방향,공사,작업,<공사>::중부고속도로::송대리1715::장대2교::종점방향::1차로::작업 송대리1715 → 장대2교 중부선 종점 ,127.4491,36.7242,2840243000,2025-07-08 20:29,Tuesday,평일
2025-07-08 7:00,경찰청,고속국도,1.0,경부고속도로,양재IC 방향,교통사고,사고,<사고>::경부고속도로::서초IC::양재IC::1차로::0km(양재IC방향)::주의운전::교통사고 ,127.037336,37.465926,1210003000,2025-07-08 7:30,Tuesday,평일
2025-07-08 7:14,한국도로공사,고속국도,55.0,중앙고속도로,부산 방향,공사,작업,(2차로)노면보수작업중,127.9658,37.5017,2580546800,2025-07-08 14:59,Tuesday,평일
2025-07-08 7:49,경찰청,고속국도,12.0,광주대구고속도로,광주 방향,공사,작업,<공사>::광주대구고속도로::남원IC서측::대산2교::기점방향::2차로::작업 남원IC서측 → 대산2교 광주대구선 기점 ,127.338,35.4152,3100010811,2025-07-08 8:19,Tuesday,평일
2025-07-08 8:01,한국도로공사,고속국도,15.0,서해안고속도로,서울 방향,공사,작업,(2차로)노면보수작업중,126.6159,36.8494,3000012400,-,Tuesday,평일
2025-07-08 8:06,한국도로공사,고속국도,50.0,영동고속도로,강릉 방향,공사,작업,(2차로)교량점검작업중,128.5608,37.6514,2600034701,-,Tuesday,평일
2025-07-08 9:00,한국도로공사,고속국도,15.0,서해안고속도로,서울 방향,공사,작업,(갓길)이동차선도색작업중,126.5635,36.2341,2870216900,-,Tuesday,평일
2025-07-08 9:11,한국도로공사,고속국도,35.0,통영대전고속도로,통영 방향,기타돌발,고장,(갓길)화물차고장처리중,128.0971,35.1384,3810006200,-,Tuesday,평일
2025-07-09 10:55,한국도로공사,고속국도,1.0,경부고속도로,부산 방향,공사,작업,(3차로)차선도색작업중,128.27,36.1579,3530038300,-,Wednesday,평일
2025-07-09 13:05,경찰청,고속국도,37.0,제2중부고속도로,하남 방향,공사,작업,<공사>::제2중부고속도로::이천시광주시::경기광주JC::종점방향::::작업 이천시광주시 → 경기광주JC 제2중부선 종점 ,127.3398,37.322,2340606200,2025-07-09 13:35,Wednesday,평일
2025-07-09 19:05,한국도로공사,고속국도,151.0,서천공주고속도로,공주 방향,공사,작업,(2차로)노면보수작업중,127.0021,36.4083,2960230500,-,Wednesday,평일
2025-07-09 1:03,한국도로공사,고속국도,45.0,중부내륙고속도로,양평 방향,기타돌발,고장,(갓길)대형화물차고장처리중,128.0813,36.7391,3590028011,-,Wednesday,평일
2025-07-09 20:01,한국도로공사,고속국도,100.0,수도권제1순환고속도로,판교-일산 방향,공사,작업,"불암산요금소(34.2K)-별내(35.3)(1,2차로)신축이음부보수작업중",127.1331,37.6396,2210010100,-,Wednesday,평일
2025-07-09 6:00,경찰청,도시고속국도,88.0,올림픽대로,,공사,작업,<공사>::올림픽대로::노량대교::노량대교::1차로::[공사] 노량대교 보수공사/ 장소: 올림픽대로 노량대교/ 부분통제::도로공사  서울청,126.966182,37.50931,1190000101,2025-07-15 0:00,Wednesday,평일
2025-07-09 7:08,경찰청,고속국도,20.0,익산포항고속도로,포항 방향,교통사고,사고,<사고>::새만금포항고속도로::북영천IC::화남터널서측::종점방향::::고장 북영천IC → 화남터널서측 대구포항선 종점 ,128.9586,36.0522,3570437800,2025-07-09 7:38,Wednesday,평일
2025-07-09 8:04,경찰청,고속국도,15.0,서해안고속도로,서울 방향,공사,작업,<공사>::서해안고속도로::천수만교::광천IC::종점방향::2차로::작업 천수만교 → 광천IC 서해안선 종점 ,126.5859,36.4829,2870019431,2025-07-09 8:34,Wednesday,평일
2025-07-09 9:31,한국도로공사,고속국도,12.0,광주대구고속도로,광주 방향,공사,작업,(2차로)차선도색작업일시정지,128.3578,35.7527,3670014000,-,Wednesday,평일
2025-07-10 10:14,한국도로공사,고속국도,45.0,중부내륙고속도로,양평 방향,공사,작업,(2차로)차선도색작업중,128.3661,35.7741,3670018500,-,Thursday,평일
2025-07-10 11:23,경찰청,일반국도,27.0,모악대로,,공사,작업,<공사>::일반국도27호선::운종리18314::운암대교남측::주의운전::공사 - 국도27호선 전주에서 운암 방면 운종교차로 부근 2차로 막고 공사.  ,127.117578,35.611781,3160157800,2025-07-10 11:35,Thursday,평일
2025-07-10 13:15,경찰청,고속국도,50.0,영동고속도로,강릉 방향,공사,작업,<공사>::영동고속도로::문막IC::문막휴게소::종점방향::1차로::작업 문막IC → 문막휴게소 영동선 종점 ,127.8234,37.3091,2510030501,2025-07-10 13:45,Thursday,평일
2025-07-10 13:15,경찰청,특별광역시도,0.0,목동동대로,,공사,작업,<공사>::목동동로::목동중교앞교차로::현대투자신탁::1차로::주의운전::유지보수 ,126.869122,37.521272,1140014000,2025-07-10 13:45,Thursday,평일
2025-07-10 16:15,경찰청,도시고속국도,88.0,올림픽대로,,교통사고,사고,<사고>::올림픽대로::반포대교::동작대교::3차로::::고장 차량  서울청,126.992094,37.507234,1210004901,2025-07-10 16:45,Thursday,평일
2025-07-10 18:17,한국도로공사,고속국도,40.0,평택제천고속도로,제천 방향,기타돌발,고장,(갓길)소형화물차고장처리중,127.7369,37.0363,2720331200,-,Thursday,평일
2025-07-10 19:10,한국도로공사,고속국도,55.0,중앙고속도로,부산 방향,공사,작업,(1차로)중분대개량작업완료,128.5551,36.2254,3610460500,2025-07-11 5:22,Thursday,평일
2025-07-10 19:35,경찰청,고속국도,10.0,남해고속도로,부산 방향,공사,작업,<공사>::남해고속도로::산인JC::칠원JC::종점방향::::작업 산인JC → 칠원JC 남해선(순천-부산) 종점 ,128.4997,35.2817,3900007001,2025-07-10 20:05,Thursday,평일
2025-07-10 21:11,한국도로공사,고속국도,100.0,수도권제1순환고속도로,판교-일산 방향,공사,작업,의정부(43.1K)-의정부(43.5K)(1차로)사고시설물보수공사중,127.1205,37.6545,2220045700,-,Thursday,평일
2025-07-10 6:45,경찰청,고속국도,55.0,중앙고속도로,춘천 방향,교통사고,사고,<사고>::중앙고속도로::영주시예천군::영주IC::종점방향::2차로::장애물 영주시예천군 → 영주IC 중앙선 종점 ,128.5709,36.7712,3560576300,2025-07-10 7:15,Thursday,평일
2025-07-10 8:01,한국도로공사,고속국도,10.0,남해고속도로,순천 방향,공사,작업,(갓길)포장보수작업중,128.529,35.2841,3900014901,-,Thursday,평일
2025-07-10 8:10,경찰청,고속국도,45.0,중부내륙고속도로,양평 방향,교통사고,사고,<사고>::중부내륙고속도로::문주3교::문주3교::종점방향::::고장 문주3교 → 문주3교 중부내륙선 종점 ,127.8842,36.9176,2720963500,2025-07-10 8:40,Thursday,평일
2025-07-10 8:16,한국도로공사,고속국도,120.0,경인고속도로,인천 방향,기타돌발,고장,(4차로)고장차처리중,126.7701,37.5242,2420269300,-,Thursday,평일
2025-07-10 8:58,한국도로공사,고속국도,30.0,청주영덕선,영덕 방향,공사,작업,"(2차로)제트팬,피난연락갱문정밀점검작업종료",129.2354,36.4397,3650217100,2025-07-10 11:31,Thursday,평일
2025-07-10 9:14,경찰청,고속국도,15.0,서해안고속도로,서울 방향,공사,작업,<공사>::서해안고속도로::당진교::당진IC::종점방향::3차로::작업 당진교 → 당진IC 서해안선 종점 ,126.6949,36.8844,3000012731,2025-07-10 9:44,Thursday,평일
2025-07-10 9:59,한국도로공사,고속국도,30.0,당진대전선,당진 방향,기타돌발,고장,(갓길)승용차고장처리중,127.1072,36.4852,2860174600,-,Thursday,평일
2025-07-11 10:43,한국도로공사,고속국도,50.0,영동고속도로,강릉 방향,공사,작업,(1차로)배수로정비작업중,126.9928,37.3178,2007022500,-,Friday,평일
2025-07-11 11:33,한국도로공사,고속국도,1.0,경부고속도로,서울 방향,교통사고,사고,"(1,2차로)승용차관련사고처리중",128.4281,35.9881,3690159900,-,Friday,평일
2025-07-11 11:59,경찰청,일반국도,17.0,엑스포대로,순천 방향,공사,작업,"<공사>::일반국도17호선::율촌1터널종점::대포터널::주의운전::공사 - 국도 17호선 여수에서 순천방향 대포터널 지난 지점 2차로 공사, 그 여파로 길게 밀림 ",127.604397,34.830433,3250186800,2025-07-11 12:07,Friday,평일
2025-07-11 16:55,한국도로공사,고속국도,1.0,경부고속도로,서울 방향,교통사고,사고,(갓길)승용차관련사고처리중,129.077,35.3047,3880841800,-,Friday,평일
2025-07-11 17:47,경찰청,고속국도,1.0,경부고속도로,부산 방향,교통사고,사고,<사고>::경부고속도로::양산JC::양산분기점::기점방향::1차로::사고 양산JC → 양산분기점 경부선 기점 ,129.0415,35.3332,3880009700,2025-07-11 18:17,Friday,평일
2025-07-11 19:48,한국도로공사,고속국도,30.0,당진대전선,대전 방향,기타돌발,고장,(갓길)승용차고장처리중,127.0828,36.4863,2860174300,-,Friday,평일
2025-07-11 20:44,한국도로공사,고속국도,55.0,중앙고속도로,부산 방향,기타돌발,고장,(갓길)승용차고장처리완료,128.561,36.2045,3610484100,2025-07-11 21:05,Friday,평일
2025-07-11 9:41,한국도로공사,고속국도,10.0,남해고속도로,순천 방향,기타돌발,장애물,(1차로)장애물조심,128.3848,35.2896,3900018300,-,Friday,평일
2025-07-12 12:38,한국도로공사,고속국도,50.0,영동고속도로,강릉 방향,기타돌발,차량증가/정체,차량증가/정체,126.9071,37.3226,2250001400,-,Saturday,주말
2025-07-12 9:46,한국도로공사,고속국도,60.0,서울양양고속도로,서울 방향,기타돌발,고장,(3차로)승용차고장처리중,127.7692,37.76,2500180600,-,Saturday,주말
2025-07-13 10:28,한국도로공사,고속국도,50.0,영동고속도로,강릉 방향,기타돌발,장애물,"(1,2차로)낙하물확인중",127.013,37.3106,2007022500,-,Sunday,주말
2025-07-13 14:46,한국도로공사,고속국도,10.0,남해고속도로,순천 방향,기타돌발,차량증가/정체,차량증가/정체,128.5522,35.2914,3900014901,-,Sunday,주말
2025-07-13 16:55,한국도로공사,고속국도,25.0,호남고속도로,논산 방향,교통사고,사고,(1차로)승용차단독사고처리중,127.1869,35.2425,3300014401,-,Sunday,주말
2025-07-14 11:07,한국도로공사,고속국도,15.0,서해안고속도로,서울 방향,기타돌발,장애물,(3차로)장애물(타이어)처리중,126.8766,37.332,2250272900,-,Monday,평일
2025-07-14 15:26,경찰청,시군도,0.0,서라벌대로,금성삼거리 방향,공사,작업,"<공사>::서라벌대로::나정교삼거리::금성삼거리::주의운전::공사 - 경주 서라벌대로, 경주요금소에서 금성삼거리 방향 금성삼거리 가기전 가장자리차로 차단하고, 도로 보수 공사중이니 주의. ",129.204449,35.816617,3520119000,2025-07-14 15:33,Monday,평일
2025-07-14 16:05,경찰청,고속국도,30.0,당진영덕고속도로,당진 방향,교통사고,사고,<사고>::당진영덕고속도로::공주분기점::서공주분기점::기점방향::::고장 공주분기점 → 서공주분기점 당진대전선 기점 ,127.0805,36.4864,2860174300,2025-07-14 16:35,Monday,평일
2025-07-14 18:43,한국도로공사,고속국도,1.0,경부고속도로,부산 방향,기타,보행자,(갓길)보행자주의,127.0958,37.2126,2333346500,-,Monday,평일
2025-07-14 7:36,경찰청,고속국도,600.0,부산외곽순환고속도로,부산 방향,교통사고,사고,<사고>::부산외곽순환고속도로::노포IC::금정산터널::기점방향::1차로::사고 노포IC → 금정산터널 부산외곽선 기점 ,129.0994,35.2884,1400198400,2025-07-14 8:06,Monday,평일
2025-07-14 7:57,한국도로공사,고속국도,100.0,수도권제1순환고속도로,판교-일산 방향,기타돌발,차량증가/정체,차량증가/정체,126.7974,37.4557,2240031900,-,Monday,평일
2025-07-14 8:12,경찰청,고속국도,65.0,울산포항고속도로,포항 방향,공사,작업,<공사>::동해고속도로::기장군울주군::온양IC남측::종점방향::::작업 기장군울주군 → 온양IC남측 부산울산선 종점 ,129.2544,35.4049,1961174000,2025-07-14 8:42,Monday,평일
2025-07-14 8:43,경찰청,고속국도,15.0,서해안고속도로,서울 방향,교통사고,사고,<사고>::서해안고속도로::일직JC::금천고가교::종점방향::1차로::사고 일직JC → 금천고가교 서해안선 종점 ,126.8963,37.4299,2130001401,2025-07-14 9:13,Monday,평일
2025-07-15 14:05,경찰청,고속국도,1.0,경부고속도로,서울 방향,공사,작업,<공사>::경부고속도로::기흥IC북측::수원신갈IC남측::종점방향::5차로::작업 기흥IC북측 → 수원신갈IC남측 경부선 종점 ,127.1038,37.2642,2440069800,2025-07-15 14:35,Tuesday,평일
2025-07-15 19:30,한국도로공사,고속국도,55.0,중앙고속도로,춘천 방향,기상,강우,"빗길""주의""",128.3754,36.918,2820003301,-,Tuesday,평일
2025-07-15 23:11,한국도로공사,고속국도,50.0,영동고속도로,인천 방향,기타돌발,고장,(4차로)고장차처리중,126.879,37.3347,2250273200,-,Tuesday,평일
2025-07-16 10:09,한국도로공사,고속국도,102.0,남해고속도로제1지선,창원 방향,기상,강우,"빗길""주의""",128.6374,35.2736,4140144600,-,Wednesday,평일
2025-07-16 10:21,경찰청,일반국도,2.0,무평대로,,기상,기상,<기상>::무평로::상비교차로::동순천IC::주의운전::기상 - 순천 백강로 순천나들목에서 팔마오거리 구간 비 ,127.54909,34.95191,3260926601,2025-07-16 10:24,Wednesday,평일
2025-07-16 11:04,경찰청,고속국도,50.0,영동고속도로,강릉 방향,교통사고,사고,<사고>::영동고속도로::북수원IC남측::수원시장안구수원시영::종점방향::5차로::고장 북수원IC남측 → 수원시장안구수원시영 영동선 종점 ,127.013,37.3106,2007022600,2025-07-16 11:34,Wednesday,평일
2025-07-16 13:52,한국도로공사,고속국도,50.0,영동고속도로,강릉 방향,기상,강우,"빗길""주의""",128.3942,37.5739,2600015611,-,Wednesday,평일
2025-07-16 18:19,경찰청,고속국도,50.0,영동고속도로,서창 방향,교통사고,사고,<사고>::영동고속도로::강릉대관령휴게소::대관령5터널북측::기점방향::3차로::고장 강릉대관령휴게소 → 대관령5터널북측 영동선 기점 ,128.7815,37.7289,2520013902,2025-07-16 18:49,Wednesday,평일
2025-07-16 22:58,한국도로공사,고속국도,20.0,익산장수선,익산 방향,기타돌발,고장,(진출로갓길)화물차고장처리중,127.1532,35.8979,3120050801,-,Wednesday,평일
2025-07-16 23:43,한국도로공사,고속국도,1.0,경부고속도로,부산 방향,기타돌발,고장,(갓길)승용차고장처리중,127.3733,36.677,2710659900,-,Wednesday,평일
2025-07-16 8:53,한국도로공사,고속국도,30.0,당진대전선,당진 방향,재난,노면습기,"노면습기""주의""",126.6184,36.8509,3000011700,-,Wednesday,평일
2025-07-16 9:15,한국도로공사,고속국도,10.0,남해고속도로,순천 방향,기상,강우,"빗길""주의""",127.2985,34.8349,3330054800,-,Wednesday,평일
2025-07-17 18:40,한국도로공사,고속국도,35.0,통영대전고속도로,통영 방향,기타돌발,고장,(갓길)고장차처리중,127.4758,36.2615,1830187800,-,Thursday,평일
2025-07-17 5:39,한국도로공사,고속국도,100.0,수도권제1순환고속도로,판교-일산 방향,기타돌발,차량증가/정체,차량증가/정체,126.7463,37.4909,2420007500,-,Thursday,평일
2025-07-17 6:25,한국도로공사,고속국도,15.0,서해안고속도로,서울 방향,기타돌발,고장,(갓길)고장차처리중,126.6659,35.4445,3180013300,-,Thursday,평일
2025-07-17 6:48,한국도로공사,고속국도,15.0,서해안고속도로,서울 방향,기타돌발,차량증가/정체,차량증가/정체,126.8763,37.3328,2250272900,-,Thursday,평일
2025-07-17 9:41,한국도로공사,고속국도,10.0,남해고속도로,부산 방향,공사,작업,(3차로)긴급포장메꿈작업중,128.8524,35.2201,3850589000,-,Thursday,평일
2025-07-18 12:25,경찰청,일반국도,0.0,중앙대로,범내골교차로 방향,교통사고,사고,"<사고>::중앙대로::범천동9484::범내골교차로::주의운전::사고 - 중앙대로, 서면교차로에서 범내골교차로 방향 범내골교차로 못 간 지점 1,2차로에 버스 관련 3중 추돌사고가 났음. ",129.059179,35.148355,1340000202,2025-07-18 12:33,Friday,평일
2025-07-18 13:35,경찰청,특별광역시도,0.0,장제대로,,공사,작업,<공사>::장제로::장제로116::부흥오거리::3차로::주의운전::유지보수 ,126.730418,37.497738,1660021600,2025-07-18 14:05,Friday,평일
2025-07-18 13:50,한국도로공사,고속국도,1.0,경부고속도로,부산 방향,공사,작업,(5차로)시설물점검보수작업중,127.1408,37.0286,2140956500,-,Friday,평일
2025-07-18 16:10,한국도로공사,고속국도,100.0,수도권제1순환고속도로,판교-구리 방향,기타돌발,차량증가/정체,차량증가/정체,127.0944,37.4057,2060010900,-,Friday,평일
2025-07-18 18:02,한국도로공사,고속국도,25.0,호남고속도로,논산 방향,교통사고,사고,(진출로갓길)화물차단독사고처리중,126.8302,35.5741,3090007802,-,Friday,평일
2025-07-18 18:20,한국도로공사,고속국도,55.0,중앙고속도로,부산 방향,교통사고,사고,(진출로갓길)승용차사고처리중,128.6216,36.4708,3540957300,-,Friday,평일
2025-07-18 19:10,한국도로공사,고속국도,10.0,남해고속도로,순천 방향,교통사고,사고,(갓길)승용차단독사고처리중,127.5582,34.9885,3280603300,-,Friday,평일
2025-07-18 7:58,경찰청,고속국도,100.0,서울외곽순환고속도로,서울 방향,교통사고,사고,<사고>::서울외곽순환고속도로::토평IC남측::강일IC::기점방향::4차로::고장 토평IC남측 → 강일IC 수도권제1순환선 기점 ,127.1568,37.5843,2210114900,2025-07-18 8:28,Friday,평일
2025-07-18 9:39,한국도로공사,고속국도,45.0,중부내륙고속도로,창원 방향,공사,작업,(2차로)포장메꿈이동작업중,128.4765,35.5431,3910020701,-,Friday,평일
2025-07-19 10:52,경찰청,고속국도,55.0,중앙고속도로,춘천 방향,교통사고,사고,<사고>::중앙고속도로::동명휴게소::다부터널::종점방향::::고장 동명휴게소 → 다부터널 중앙선 종점 ,128.5345,36.0242,3690696500,2025-07-19 11:22,Saturday,주말
2025-07-19 12:51,경찰청,특별광역시도,0.0,아산대로,부산 방향,교통사고,사고,"<사고>::월아산로::은성가구백화점앞::소문리2813::주의운전::사고 - 남해고속도로 부산 방향 문산나들목 부근 1차로, 갓길에 걸쳐 승용차 추돌사고는 처리중임. ",128.161408,35.170862,3810022610,2025-07-19 12:57,Saturday,주말
2025-07-19 14:11,경찰청,고속국도,10.0,남해고속도로,부산 방향,교통사고,사고,<사고>::남해고속도로::냉정JC::서김해IC::종점방향::1차로::사고 냉정JC → 서김해IC 남해선(순천-부산) 종점 ,128.8092,35.22,3850012100,2025-07-19 14:41,Saturday,주말
2025-07-19 14:42,경찰청,고속국도,110.0,제2경인고속도로,인천 방향,공사,작업,<공사>::제2경인고속도로::광명시시흥시::안현JC동측::기점방향::::작업 광명시시흥시 → 안현JC동측 제2경인선 기점 ,126.8267,37.4401,2240024100,2025-07-19 15:12,Saturday,주말
2025-07-19 15:00,한국도로공사,고속국도,10.0,남해고속도로,부산 방향,교통사고,사고,"(3,4차로)화물차관련사고처리중",128.7329,35.2772,3850040431,-,Saturday,주말
2025-07-19 18:34,한국도로공사,고속국도,45.0,중부내륙고속도로,양평 방향,기타돌발,고장,(갓길)고장차처리중,127.5813,37.2953,2370182400,-,Saturday,주말
2025-07-19 22:50,경찰청,도시고속국도,88.0,올림픽대로,하남 방향,기상,기상,<기상>::올림픽대로::염창JC::성산대교분기점::1차로::물고임 올림픽대로 월드컵대교남단→성산대교남단 하남 방향 ,126.885092,37.550021,1180005000,2025-07-19 23:20,Saturday,주말
2025-07-20 15:31,한국도로공사,고속국도,25.0,호남고속도로,순천 방향,기타돌발,고장,(2차로)승용차고장처리중,126.9171,35.1825,1780003511,-,Sunday,주말
2025-07-20 19:36,한국도로공사,고속국도,30.0,당진대전선,대전 방향,기타돌발,고장,(갓길)승용차고장처리중,127.1393,36.4959,2860170401,-,Sunday,주말
2025-07-20 8:45,경찰청,지방도,318.0,전곡항대로,,공사,작업,<공사>::지방도318호선::구봉터널::전곡교차로::1차로::주의운전::도로공사 ,126.697715,37.191335,2333349200,2025-07-20 9:15,Sunday,주말
2025-07-21 10:25,경찰청,도시고속국도,88.0,올림픽대로,김포 방향,공사,작업,<공사>::올림픽대로::동작구서초구::동작대교JC::1차로::시설물보수 올림픽대로 동작대교남단→한강대교남단 김포 방향 ,126.978297,37.505061,1190028900,2025-07-21 10:55,Monday,평일
2025-07-21 12:00,경찰청,고속국도,27.0,순천완주고속도로,완주 방향,교통사고,사고,<사고>::순천완주고속도로::성미터널::관촌휴게소::종점방향::::고장 성미터널 → 관촌휴게소 순천완주선 종점 ,127.2623,35.6942,3160030700,2025-07-21 12:30,Monday,평일
2025-07-21 12:22,경찰청,도시고속국도,61.0,동부간선도대로,성수JC 방향,교통사고,사고,<사고>::동부간선도로::일성운수::수락고가차도남측::1차로::고장차량 동부간선로 수락지하차도→노원교 성수JC 방향 ,127.051818,37.679672,1100006712,2025-07-21 12:52,Monday,평일
2025-07-21 12:56,한국도로공사,고속국도,253.0,고창담양고속도로,고창 방향,기상,강우,"빗길""주의""",126.6532,35.4172,3180039001,-,Monday,평일
2025-07-21 17:41,한국도로공사,고속국도,451.0,중부내륙지선,창원 방향,기타돌발,고장,(갓길)승용차고장처리중,128.4675,35.7849,1570010500,-,Monday,평일
2025-07-21 5:49,한국도로공사,고속국도,110.0,제2경인고속도로,인천 방향,기타돌발,차량증가/정체,차량증가/정체,126.7066,37.4337,1640320300,-,Monday,평일
2025-07-21 9:34,경찰청,일반국도,0.0,달구벌대로,,공사,작업,"<공사>::공평로::공평네거리::봉산육거리::2,3차로::주의운전::하수도/배수로 작업 ",128.605621,35.862454,1500026500,2025-07-21 18:04,Monday,평일
2025-07-21 9:59,한국도로공사,고속국도,10.0,남해고속도로,부산 방향,공사,작업,(진입로갓길)IC램프도색작업중,128.387,35.2893,3900018400,-,Monday,평일
2025-07-22 10:31,국도통합센터,일반국도,42.0,국도42호선,인천 방향,공사,시설물보수작업,,127.83143,37.32002,2510029001,2025-07-22 10:31,Tuesday,평일
2025-07-22 10:57,경찰청,특별광역시도,0.0,수영대로,수영교차로 방향,교통사고,사고,"<사고>::수영로::광안사거리::수영교차로::주의운전::사고 - 수영로, 광안사거리 - 수영교차로 방향, 기업은행 못 간 지점 가장자리 차로에 승용차, 승합차 추돌 사고, 뒤로 서행. ",129.114736,35.165056,1430020700,2025-07-22 11:06,Tuesday,평일
2025-07-22 12:09,경찰청,고속국도,15.0,서해안고속도로,무안 방향,교통사고,사고,<사고>::서해안고속도로::목감IC북측::목감IC::기점방향::::고장 목감IC북측 → 목감IC 서해안선 기점 ,126.8731,37.4004,2240013000,2025-07-22 12:39,Tuesday,평일
2025-07-22 13:26,경찰청,고속국도,15.0,서해안고속도로,무안 방향,교통사고,사고,<사고>::서해안고속도로::서산IC::서산휴게소::기점방향::::고장 서산IC → 서산휴게소 서해안선 기점 ,126.5662,36.7763,2890006801,2025-07-22 13:56,Tuesday,평일
2025-07-22 13:30,경찰청,고속국도,130.0,인천국제공항고속도로,인천 방향,공사,작업,<공사>::인천국제공항고속도로::공항신도시IC남측::신불IC북측::기점방향::1차로::작업 공항신도시IC남측 → 신불IC북측 인천공항선 기점 ,126.4857,37.4715,1610003000,2025-07-22 14:00,Tuesday,평일
2025-07-22 15:51,경찰청,일반국도,0.0,산업대로,용강사거리 방향,공사,작업,"<공사>::구황로::백율사사거리::부경빌라::주의운전::공사 - 경주 산업로, 구황교사거리에서 용강사거리방향 백률사사거리 조금 지난 지점 2차로 약 100m 구간 차단하고 도로포장 공사 중. 소통좋으나 주의 바람. ",129.228641,35.856875,3520186400,2025-07-22 16:21,Tuesday,평일
2025-07-22 16:09,경찰청,고속국도,1.0,경부고속도로,서울 방향,교통사고,사고,<사고>::경부고속도로::언양휴게소::전읍교남측::종점방향::::고장 언양휴게소 → 전읍교남측 경부선 종점 ,129.1633,35.6417,1960037505,2025-07-22 16:39,Tuesday,평일
2025-07-22 18:24,한국도로공사,고속국도,551.0,중앙선지선,양산 방향,기타돌발,고장,(갓길)승용차고장처리중,129.0074,35.2944,3880841100,-,Tuesday,평일
2025-07-22 21:07,한국도로공사,고속국도,15.0,서해안고속도로,서울 방향,공사,작업,(2차로)응력완화줄눈설치작업중,126.5767,36.8142,2890279900,-,Tuesday,평일
2025-07-22 7:27,한국도로공사,고속국도,25.0,호남고속도로,순천 방향,교통사고,사고,(2차로)승용차추돌사고처리중,126.8886,35.1847,1780003551,-,Tuesday,평일
2025-07-22 8:39,한국도로공사,고속국도,10.0,남해고속도로,영암 방향,공사,작업,(2차로)노면보수작업중,126.6952,34.6962,3360036700,-,Tuesday,평일
2025-07-22 9:23,한국도로공사,고속국도,50.0,영동고속도로,강릉 방향,공사,작업,(3차로)시설물설치작업중,126.9986,37.315,2007022500,-,Tuesday,평일
2025-07-23 14:56,한국도로공사,고속국도,100.0,수도권제1순환고속도로,판교-구리 방향,교통사고,사고,(3차로)승용차사고처리중,126.7549,37.4718,1660000500,-,Wednesday,평일
2025-07-23 16:07,한국도로공사,고속국도,1.0,경부고속도로,서울 방향,기타돌발,장애물,(1차로)장애물처리완료,129.1456,35.8177,3520031101,2025-07-23 16:31,Wednesday,평일
2025-07-23 21:11,한국도로공사,고속국도,37.0,제2중부고속도로,이천 방향,기타돌발,차량증가/정체,(갓길)안전간판설치작업중,127.2637,37.452,2340606500,-,Wednesday,평일
2025-07-23 23:30,한국도로공사,고속국도,55.0,중앙고속도로,춘천 방향,기타돌발,고장,(갓길)승용차고장처리중,128.6203,36.4371,3540957200,-,Wednesday,평일
2025-07-23 23:36,경찰청,고속국도,35.0,통영대전고속도로,대전 방향,교통사고,사고,<사고>::통영대전고속도로::금산군무주군::양곡교::종점방향::1차로::사고 금산군무주군 → 양곡교 통영대전선 종점 ,127.5749,36.029,2920491700,2025-07-24 0:06,Wednesday,평일
2025-07-23 5:47,한국도로공사,고속국도,100.0,수도권제1순환고속도로,판교-일산 방향,기타돌발,차량증가/정체,차량증가/정체,126.7503,37.5176,1660002701,-,Wednesday,평일
2025-07-23 6:13,한국도로공사,고속국도,100.0,수도권제1순환고속도로,판교-일산 방향,교통사고,사고,"(5,6차로)승용차관련사고처리중",126.8626,37.371,2240014601,-,Wednesday,평일
2025-07-23 8:30,경찰청,고속국도,35.0,통영대전고속도로,대전 방향,공사,작업,<공사>::통영대전고속도로::함양터널::서상IC::종점방향::::작업 함양터널 → 서상IC 통영대전선 종점 ,127.7478,35.6186,3960026001,2025-07-23 9:00,Wednesday,평일
2025-07-23 8:47,경찰청,고속국도,100.0,서울외곽순환고속도로,서울 방향,공사,작업,<공사>::서울외곽순환고속도로::성남시수정구성남시분::성남시분당구의왕시::기점방향::4차로::작업 성남시수정구성남시분 → 성남시분당구의왕시 수도권제1순환선 기점 ,127.0536,37.3964,2060358600,2025-07-23 9:17,Wednesday,평일
2025-07-23 8:54,한국도로공사,고속국도,15.0,서해안고속도로,서울 방향,공사,작업,(갓길)이동유지보수및노면보수작업중,126.6973,35.5902,3190280700,-,Wednesday,평일
2025-07-24 12:53,경찰청,고속국도,12.0,무안광주고속도로,광주 방향,교통사고,사고,<사고>::무안광주고속도로::마산교::고막원천교::종점방향::::고장 마산교 → 고막원천교 무안광주선 종점 ,126.5491,35.0533,3400129800,2025-07-24 13:23,Thursday,평일
2025-07-24 15:18,경찰청,고속국도,1.0,경부고속도로,서울 방향,교통사고,사고,<사고>::경부고속도로::영천IC::영천시경산시::종점방향::::고장 영천IC → 영천시경산시 경부선 종점 ,128.8778,35.8894,3570481000,2025-07-24 15:48,Thursday,평일
2025-07-24 17:34,경찰청,고속국도,55.0,중앙고속도로,부산 방향,교통사고,사고,<사고>::중앙고속도로::원주시횡성군::원주휴게소::기점방향::::고장 원주시횡성군 → 원주휴게소 중앙선 기점 ,127.9303,37.4463,2511023400,2025-07-24 18:04,Thursday,평일
2025-07-24 17:37,한국도로공사,고속국도,100.0,수도권제1순환고속도로,판교-일산 방향,기타돌발,차량증가/정체,차량증가/정체,126.7998,37.6189,2180005800,-,Thursday,평일
2025-07-24 7:54,경찰청,고속국도,1.0,경부고속도로,서울 방향,공사,작업,<공사>::중앙고속도로지선::양산분기점::양산JC::종점방향::::작업 양산분기점 → 양산JC 중앙선지선 종점 ,129.0356,35.3312,3880011100,2025-07-24 8:24,Thursday,평일
2025-07-25 10:05,경찰청,시군도,0.0,직지대로,봉명사거리 방향,공사,작업,"<공사>::흥덕로::청주시재향군인회관::우리은행서청주지점::주의운전::공사 - 직지대로, 봉정사거리에서 봉명사거리 방향 , 봉명동우체국 버스정류장 부근 4차로에 도로 공사   ",127.460287,36.643081,2710153800,2025-07-25 10:35,Friday,평일
2025-07-25 12:47,경찰청,고속국도,50.0,영동고속도로,양지IC 방향,교통사고,사고,<사고>::영동고속도로::이천시용인시처인구::양지IC동측::4차로::0km(양지IC방향)::주의운전::고장 차량 ,127.325444,37.250209,2430202800,2025-07-25 13:17,Friday,평일
2025-07-25 22:56,경찰청,고속국도,15.0,서해안고속도로,무안 방향,교통사고,사고,<사고>::서해안고속도로::안산JC남측::안산시상록구군포시::기점방향::::고장 안산JC남측 → 안산시상록구군포시 서해안선 기점 ,126.8719,37.3388,2160389400,2025-07-25 23:26,Friday,평일
2025-07-25 7:20,한국도로공사,고속국도,35.0,통영대전고속도로,통영 방향,공사,작업,(1차로)중분대인상작업중,127.6499,35.9731,3140003403,-,Friday,평일
2025-07-25 8:56,한국도로공사,고속국도,30.0,당진대전선,당진 방향,공사,작업,(2차로)터널라디오케이블보수작업중,126.8268,36.6456,2980033500,-,Friday,평일
2025-07-25 9:47,한국도로공사,고속국도,50.0,영동고속도로,강릉 방향,기타돌발,차량증가/정체,차량증가/정체,127.013,37.3106,2007022500,-,Friday,평일
2025-07-26 0:22,한국도로공사,고속국도,27.0,순천완주고속도로,순천 방향,기타돌발,장애물,(갓길)동물(닭)처리중,127.3207,35.5528,3160031600,-,Saturday,주말
2025-07-26 12:16,경찰청,고속국도,50.0,영동고속도로,강릉 방향,교통사고,사고,<사고>::영동고속도로::횡성군평창군::둔내터널::종점방향::1차로::사고 횡성군평창군 → 둔내터널 영동선 종점 ,128.2916,37.5326,2600929300,2025-07-26 12:46,Saturday,주말
2025-07-26 15:31,한국도로공사,고속국도,30.0,당진대전선,대전 방향,기타돌발,고장,(갓길)화물차고장처리중,128.3484,36.3793,1860168000,-,Saturday,주말
2025-07-26 21:48,경찰청,고속국도,35.0,중부고속도로,하남 방향,교통사고,사고,<사고>::중부고속도로::일죽IC남측::일죽IC북측::종점방향::::사고 일죽IC남측 → 일죽IC북측 중부선 종점 ,127.4484,37.0937,2310051000,2025-07-26 22:18,Saturday,주말
2025-07-26 9:35,경찰청,특별광역시도,0.0,오토밸리대로,중산교차로 방향,공사,작업,"<공사>::오토밸리로::농소2IC교차로::호계IC교차로::주의운전::공사 - 오토밸리로 매곡교차로-중산교차로방향 매곡교차로 지난3차로 차량동원한 교통시설물공사중.
 ",129.365494,35.639453,1950313900,2025-07-26 9:40,Saturday,주말
2025-07-27 0:54,한국도로공사,고속국도,1.0,경부고속도로,부산 방향,기타돌발,고장,(갓길)승용차고장처리중,128.2521,36.1612,3530025802,-,Sunday,주말
2025-07-27 13:21,한국도로공사,고속국도,50.0,영동고속도로,강릉 방향,기타돌발,차량증가/정체,차량증가/정체,127.013,37.3106,2007022500,-,Sunday,주말
2025-07-27 15:35,경찰청,고속국도,100.0,서울외곽순환고속도로,서울 방향,교통사고,사고,<사고>::서울외곽순환고속도로::대장천교::김포대교북측::종점방향::::고장 대장천교 → 김포대교북측 수도권제1순환선 종점 ,126.8011,37.6203,2180005800,2025-07-27 16:05,Sunday,주말
2025-07-27 16:59,한국도로공사,고속국도,30.0,청주영덕선,영덕 방향,교통사고,사고,(1차로)승용차관련추돌사고처리중,127.6104,36.4852,2750370700,-,Sunday,주말
2025-07-27 17:17,한국도로공사,고속국도,120.0,경인고속도로,인천 방향,기타돌발,차량증가/정체,차량증가/정체,126.8105,37.5218,1140278700,-,Sunday,주말
2025-07-27 17:24,한국도로공사,고속국도,12.0,광주대구고속도로,광주 방향,교통사고,사고,(1차로)승용차관련사고처리완료,128.302,35.7306,3670036000,2025-07-27 17:26,Sunday,주말
2025-07-27 19:36,경찰청,고속국도,35.0,통영대전고속도로,대전 방향,교통사고,사고,<사고>::통영대전고속도로::함양터널::서상IC::종점방향::::고장 함양터널 → 서상IC 통영대전선 종점 ,127.677,35.6623,3960026001,2025-07-27 20:06,Sunday,주말
2025-07-27 20:48,한국도로공사,고속국도,45.0,중부내륙고속도로,창원 방향,기타돌발,고장,(2차로)대형화물차고장처리중,128.1852,36.5047,3580030931,-,Sunday,주말
2025-07-28 10:32,국도통합센터,일반국도,2.0,국도2호선,부산 방향,공사,시설물보수작업,,126.28737,34.86115,3450031208,-,Monday,평일
2025-07-28 10:54,한국도로공사,고속국도,15.0,서해안고속도로,목포 방향,기타돌발,고장,(갓길)승용차고장처리완료,126.5544,36.6707,2890279000,2025-07-28 11:19,Monday,평일
2025-07-28 11:08,한국도로공사,고속국도,20.0,대구포항선,대구 방향,기타돌발,고장,(갓길)승용차고장처리완료,129.0595,36.0442,3570028302,2025-07-28 12:18,Monday,평일
2025-07-28 15:37,한국도로공사,고속국도,55.0,중앙고속도로,부산 방향,기타돌발,고장,(갓길)승용차고장처리중,128.5668,36.7146,3700347900,-,Monday,평일
2025-07-28 15:49,한국도로공사,고속국도,100.0,수도권제1순환고속도로,판교-구리 방향,교통사고,사고,(1차로)승용차관련사고처리중,127.1191,37.4122,2040410500,-,Monday,평일
2025-07-28 17:05,한국도로공사,고속국도,50.0,영동고속도로,강릉 방향,기타돌발,고장,(갓길)승용차고장처리중,127.8984,37.3611,2510051121,-,Monday,평일
2025-07-28 20:16,한국도로공사,고속국도,1.0,경부고속도로,서울 방향,공사,작업,"(2,3차로)노면보수작업중",129.0736,35.4394,3880025102,-,Monday,평일
2025-07-28 8:53,경찰청,고속국도,45.0,중부내륙고속도로,양평 방향,교통사고,사고,<사고>::중부내륙고속도로::칠서IC::칠서휴게소::종점방향::::고장 칠서IC → 칠서휴게소 중부내륙선 종점 ,128.4923,35.3562,3900037901,2025-07-28 9:23,Monday,평일
2025-07-29 10:01,경찰청,고속국도,25.0,호남고속도로,논산 방향,공사,작업,<공사>::호남고속도로::백양사IC::원덕터널남측::종점방향::2차로::작업 백양사IC → 원덕터널남측 호남선 종점 ,126.808,35.4397,3420162100,2025-07-29 10:31,Tuesday,평일
2025-07-29 14:43,한국도로공사,고속국도,50.0,영동고속도로,인천 방향,기타돌발,고장,(갓길)승용차고장처리중,128.1091,37.4727,2580005401,-,Tuesday,평일
2025-07-29 15:20,한국도로공사,고속국도,1.0,경부고속도로,부산 방향,교통사고,사고,(2차로)승용차관련사고처리중,127.1635,36.9781,2310797600,-,Tuesday,평일
2025-07-29 17:14,한국도로공사,고속국도,55.0,중앙고속도로,부산 방향,기타돌발,차량증가/정체,차량증가/정체,128.9806,35.2353,3851176100,-,Tuesday,평일
2025-07-29 21:54,한국도로공사,고속국도,50.0,영동고속도로,강릉 방향,기타돌발,고장,(갓길)화물차고장처리중,128.7285,37.6698,2600036101,-,Tuesday,평일
2025-07-29 9:38,한국도로공사,고속국도,30.0,당진대전선,대전 방향,기타돌발,장애물,"(1,2차로)장애물처리중",126.8299,36.6419,2980028800,-,Tuesday,평일
2025-07-30 13:42,경찰청,고속국도,100.0,서울외곽순환고속도로,서울 방향,교통사고,사고,<사고>::서울외곽순환고속도로::성남IC남측::성남시수정구성남시중::기점방향::1차로::사고 성남IC남측 → 성남시수정구성남시중 수도권제1순환선 기점 ,127.1224,37.4169,2050210900,2025-07-30 14:12,Wednesday,평일
2025-07-30 7:13,경찰청,고속국도,35.0,중부고속도로,청주 방향,교통사고,사고,<사고>::중부고속도로::대소분기점::진천IC::기점방향::::고장 대소분기점 → 진천IC 중부선 기점 ,127.4762,36.903,2790015523,2025-07-30 7:43,Wednesday,평일
2025-07-30 9:12,한국도로공사,고속국도,100.0,수도권제1순환고속도로,판교-일산 방향,공사,작업,(갓길)응력완화줄눈조사중,126.9786,37.3797,2260139800,-,Wednesday,평일
2025-07-31 10:50,경찰청,고속국도,60.0,서울양양고속도로,양양 방향,공사,작업,<공사>::서울양양고속도로::화촌8터널서측::화촌8터널동측::종점방향::::작업 화촌8터널서측 → 화촌8터널동측 서울양양선 종점 ,128.0703,37.759,2570231000,2025-07-31 10:53,Thursday,평일
2025-07-31 12:35,한국도로공사,고속국도,27.0,순천완주고속도로,순천 방향,기타돌발,고장,(갓길)대형화물고장차처리중,127.1916,35.8164,3060121300,2025-07-31 13:01,Thursday,평일
2025-07-31 13:26,한국도로공사,고속국도,60.0,서울양양고속도로,서울 방향,기타돌발,장애물,(1차로)장애물처리중,127.4924,37.6607,2390305400,-,Thursday,평일
2025-07-31 15:39,한국도로공사,고속국도,100.0,수도권제1순환고속도로,판교-일산 방향,기타돌발,차량증가/정체,별내(36K)-불암산터널(38K)2km정체,127.1205,37.6545,2220045700,-,Thursday,평일
2025-07-31 17:10,한국도로공사,고속국도,65.0,동해고속도로,속초 방향,기타돌발,고장,(갓길)승용차고장처리중,128.9414,37.6898,2520011801,-,Thursday,평일
2025-07-31 17:35,경찰청,고속국도,20.0,익산포항고속도로,포항 방향,교통사고,사고,<사고>::새만금포항고속도로::소양IC::곰티터널::종점방향::::고장 소양IC → 곰티터널 익산장수선 종점 ,127.2807,35.7982,3120050500,2025-07-31 18:05,Thursday,평일
2025-07-31 7:27,한국도로공사,고속국도,15.0,서해안고속도로,목포 방향,기타돌발,차량증가/정체,진출로,126.8692,37.3696,2240008000,-,Thursday,평일
2025-07-31 9:09,한국도로공사,고속국도,30.0,당진대전선,당진 방향,공사,작업,(차로교대)긴급노면보수작업중,126.8618,36.602,2980028604,-,Thursday,평일
2025-07-31 9:24,경찰청,고속국도,50.0,영동고속도로,서창 방향,공사,작업,<공사>::영동고속도로::대관령1터널서측::대관령IC::기점방향::::작업 대관령1터널서측 → 대관령IC 영동선 기점 ,128.6982,37.679,2600036601,2025-07-31 9:54,Thursday,평일
2025-08-01 0:02,한국도로공사,고속국도,65.0,동해고속도로,삼척 방향,기타돌발,장애물,"(1,2차로)요철주의",128.5247,38.1998,-,-,Friday,평일
2025-08-01 10:33,한국도로공사,고속국도,35.0,중부고속도로,하남 방향,기타돌발,차량증가/정체,차량증가/정체,127.3158,37.3803,2340007711,-,Friday,평일
2025-08-01 14:27,경찰청,고속국도,12.0,광주대구고속도로,광주 방향,교통사고,사고,<사고>::광주대구고속도로::담양1터널동측::담양1터널서측::기점방향::::고장 담양1터널동측 → 담양1터널서측 광주대구선 기점 ,127.0173,35.3224,3290054500,2025-08-01 14:57,Friday,평일
2025-08-01 6:47,경찰청,고속국도,100.0,서울외곽순환고속도로,서울 방향,교통사고,사고,<사고>::서울외곽순환고속도로::김포대교북측::대장천교::기점방향::::고장 김포대교북측 → 대장천교 수도권제1순환선 기점 ,126.8024,37.6218,2180005700,2025-08-01 7:17,Friday,평일
2025-08-01 7:16,한국도로공사,고속국도,1.0,경부고속도로,서울 방향,기타돌발,고장,(갓길)화물차고장처리중,129.058,35.3985,3880025102,-,Friday,평일
2025-08-01 7:37,경찰청,고속국도,1.0,경부고속도로,서울 방향,교통사고,사고,<사고>::경부고속도로::청주JC::남이JC::종점방향::::고장 청주JC → 남이JC 경부선 종점 ,127.4232,36.5947,2830056500,2025-08-01 8:07,Friday,평일
2025-08-02 10:58,한국도로공사,고속국도,50.0,영동고속도로,인천 방향,기타돌발,차량증가/정체,차량증가/정체,126.9283,37.3282,2250003102,-,Saturday,주말
2025-08-02 11:31,경찰청,시군도,0.0,조촌대로,,공사,작업,<공사>::조촌로::군산엔마트::군산경찰서::1차로::주의운전::하수도/배수로 작업 ,126.738038,35.981404,3070186100,2025-08-02 12:01,Saturday,주말
2025-08-02 12:27,경찰청,일반국도,43.0,호국대로,국우터널 방향,교통사고,사고,<사고>::호국로::서변IC::서변IC::주의운전::사고 - <사고최초> 호국로 도곡네거리에서 국우터널방향 중간 지점 가장자리차로 승용차 화재사고. -정차중인 차량에서 하얀 연기 나고있음.  ,128.598489,35.931545,1540446901,2025-08-02 12:32,Saturday,주말
2025-08-02 14:09,경찰청,시군도,0.0,동부대로,,공사,작업,<공사>::일반국도28호선::오로삼거리::비봉리951::1차로::주의운전::하수도/배수로 작업 ,128.700973,36.313733,3620012300,2025-08-02 14:39,Saturday,주말
2025-08-02 16:04,한국도로공사,고속국도,15.0,서해안고속도로,목포 방향,기타돌발,차량증가/정체,차량증가/정체,126.8894,37.0576,2140042900,-,Saturday,주말
2025-08-02 18:51,한국도로공사,고속국도,551.0,중앙선지선,김해 방향,공사,작업,(갓길)남양산TG출구4차로작업중,129.0283,35.3272,3880008601,-,Saturday,주말
2025-08-02 22:14,한국도로공사,고속국도,1.0,경부고속도로,서울 방향,기타돌발,고장,(갓길)승용차고장처리중,127.4264,36.3831,1870203300,-,Saturday,주말
2025-08-03 11:07,한국도로공사,고속국도,15.0,서해안고속도로,목포 방향,기타돌발,차량증가/정체,차량증가/정체,126.8878,37.0755,2334281900,-,Sunday,주말
2025-08-03 16:28,한국도로공사,고속국도,35.0,중부고속도로,하남 방향,기상,강우,"빗길""주의""",127.428,37.2319,2300019500,-,Sunday,주말
2025-08-03 18:56,경찰청,고속국도,60.0,서울양양고속도로,서울 방향,기상,기상,<기상>::서울양양고속도로::홍천강교::홍천강교::기점방향::::강우 홍천강교 → 홍천강교 서울양양선 기점 ,127.9602,37.7586,2570054902,2025-08-03 19:02,Sunday,주말
2025-08-03 9:59,한국도로공사,고속국도,50.0,영동고속도로,강릉 방향,기타돌발,차량증가/정체,차량증가/정체,128.1067,37.4651,2580005301,-,Sunday,주말
2025-08-04 15:51,경찰청,특별광역시도,0.0,계족대로,,공사,작업,<공사>::샘실길::법동네거리::법1동행정복지센터::1차로::주의운전::유지보수 ,127.427256,36.370685,1870049200,2025-08-04 16:21,Monday,평일
2025-08-04 18:35,한국도로공사,고속국도,45.0,중부내륙고속도로,양평 방향,기상,강우,"빗길""주의""",128.4356,35.6719,1570887900,-,Monday,평일
2025-08-04 19:26,한국도로공사,고속국도,55.0,중앙고속도로,춘천 방향,기타돌발,고장,(갓길)화물차고장처리중,128.5557,36.6216,3540958400,-,Monday,평일
2025-08-04 21:00,경찰청,고속국도,15.0,서해안고속도로,서울 방향,공사,작업,<공사>::서해안고속도로::팔곡JC남측::안산시상록구군포시::종점방향::2차로::작업 팔곡JC남측 → 안산시상록구군포시 서해안선 종점 ,126.8865,37.3152,2160389100,2025-08-04 21:30,Monday,평일
2025-08-04 22:03,한국도로공사,고속국도,100.0,수도권제1순환고속도로,판교-일산 방향,공사,작업,"(3,4차로)시설물점검작업중",126.7547,37.47,1660000600,-,Monday,평일
2025-08-04 23:59,한국도로공사,고속국도,25.0,호남고속도로,순천 방향,공사,작업,(2차로)터널시설물설치작업중,126.8091,35.2512,3420362200,-,Monday,평일
2025-08-04 6:36,한국도로공사,고속국도,15.0,서해안고속도로,목포 방향,기타돌발,차량증가/정체,차량증가/정체,126.8997,37.4419,1170000300,-,Monday,평일
2025-08-04 6:36,한국도로공사,고속국도,15.0,서해안고속도로,목포 방향,기타돌발,차량증가/정체,차량증가/정체,126.8869,37.4079,2080001901,-,Monday,평일
2025-08-04 8:13,한국도로공사,고속국도,35.0,중부고속도로,하남 방향,기타돌발,고장,(갓길)화물차고장처리중,127.2328,37.5,2270001002,-,Monday,평일
2025-08-05 18:09,경찰청,지방도,1139.0,도령대로,노형오거리 방향,교통사고,사고,"<사고>::지방도1139호선::제주감협::롯데시티호텔::주의운전::사고 - 도령로, 신광사거리 -노형오거리 방향, 롯데시티호텔 앞 1차로, 승용차와 이륜차 간 충돌사고, 후미로 지체, 주의 운전 바람. ",126.486772,33.490264,4050015700,2025-08-05 18:16,Tuesday,평일
2025-08-05 19:10,한국도로공사,고속국도,10.0,남해고속도로,부산 방향,교통사고,사고,(진출로갓길)승합차단독사고처리중,128.1213,35.1609,3810016300,-,Tuesday,평일
2025-08-05 23:58,한국도로공사,고속국도,50.0,영동고속도로,강릉 방향,기타돌발,장애물,(4차로)장애물확인중,127.197,37.2626,2430219800,-,Tuesday,평일
2025-08-05 7:37,한국도로공사,고속국도,15.0,서해안고속도로,서울 방향,기타돌발,차량증가/정체,차량증가/정체,126.8605,37.344,2160016300,-,Tuesday,평일
2025-08-05 7:37,경찰청,도시고속국도,88.0,올림픽대로,하남 방향,교통사고,사고,<사고>::올림픽대로::여의도동875::동작대교남측::3차로::추돌사고 올림픽대로 여의상류→한강대교남단 하남 방향 ,126.947311,37.517313,1190000101,2025-08-05 8:07,Tuesday,평일
2025-08-06 10:14,한국도로공사,고속국도,251.0,호남지선,논산 방향,기상,강우,"빗길""주의""",127.1026,36.0819,2900000400,-,Wednesday,평일
2025-08-06 5:41,경찰청,고속국도,100.0,서울외곽순환고속도로,서울 방향,교통사고,사고,<사고>::서울외곽순환고속도로::삼산동106111::서운JC남측::기점방향::::고장 삼산동106111 → 서운JC남측 수도권제1순환선 기점 ,126.7494,37.5132,1660002801,2025-08-06 6:11,Wednesday,평일
2025-08-06 6:10,한국도로공사,고속국도,10.0,남해고속도로,부산 방향,기상,강우,"빗길""주의""",128.9378,35.221,1410203401,-,Wednesday,평일
2025-08-06 8:05,한국도로공사,고속국도,55.0,중앙고속도로,부산 방향,기상,강우,"빗길""주의""",128.1426,37.1331,2730018703,-,Wednesday,평일
2025-08-06 9:31,경찰청,특별광역시도,0.0,범어대로,,공사,작업,<공사>::명랑길::대경교회::성화중학교정문::1차로::주의운전::도로공사 ,128.634234,35.864309,1550049400,2025-08-06 17:01,Wednesday,평일
2025-08-07 10:35,경찰청,고속국도,60.0,서울양양고속도로,서울 방향,교통사고,사고,<사고>::서울양양고속도로::화도IC서측::월문1터널::기점방향::::고장 화도IC서측 → 월문1터널 서울양양선 기점 ,127.2908,37.6298,2220221301,2025-08-07 11:05,Thursday,평일
2025-08-07 16:42,경찰청,도시고속국도,44.0,북부간선도대로,,교통사고,사고,<사고>::북부간선도로::하월곡IC::월릉JC::1차로::(승용차-승용차) 후미 지체::교통사고  서울청,127.049638,37.606793,1070076000,2025-08-07 17:16,Thursday,평일
2025-08-07 19:02,한국도로공사,고속국도,45.0,중부내륙고속도로,창원 방향,공사,작업,(1차로)노면보수작업중,128.4584,35.6063,3910429600,-,Thursday,평일
2025-08-07 7:51,경찰청,특별광역시도,0.0,오문대로,,공사,작업,"<공사>::오문로::동문로사거리::문흥육교::3,4차로::주의운전::도로공사 ",126.930842,35.189858,1780082900,2025-08-07 18:00,Thursday,평일
2025-08-07 8:09,한국도로공사,고속국도,55.0,중앙고속도로,부산 방향,공사,작업,(1차로)죽령터널노후조명개선작업중,128.4693,36.8861,3560028802,-,Thursday,평일
2025-08-07 8:27,경찰청,일반국도,37.0,구천동대로,구천동 방향,공사,작업,<공사>::일반국도37호선::배방교차로::라제통문삼거리::주의운전::공사 - 국도37호선 무주 설천에서 구천동 방향 라제통문회전교차로 지난지점에서 공사. 중앙선 넘어 소통되고 있음.  ,127.79418,35.995159,3140018700,2025-08-07 8:31,Thursday,평일
2025-08-08 14:33,경찰청,특별광역시도,0.0,법원대로,포항 방향,공사,작업,"<공사>::죽전마을7길::포항한동교회앞교차로::장원초교서측교차로::주의운전::공사 - 부산포항고속도로, 포항방향 오천5터널(93K)-남포항부근(99K)(1차로)차선도색작업중[2025-08-08 13:45- ] ",129.38453,36.079922,3510140800,2025-08-08 14:36,Friday,평일
2025-08-08 18:01,한국도로공사,고속국도,1.0,경부고속도로,서울 방향,기타,이륜차,"(2,3차로)오토바이진행처리중",127.1844,36.8586,3020411100,-,Friday,평일
2025-08-08 8:56,한국도로공사,고속국도,50.0,영동고속도로,강릉 방향,공사,작업,(진출입로차로교대)차선도색및청소작업중,126.8607,37.3441,2160389500,-,Friday,평일
2025-08-09 11:14,한국도로공사,고속국도,25.0,호남고속도로,논산 방향,기상,강우,"빗길""주의""",127.2247,35.2254,3300003401,-,Saturday,주말
2025-08-09 16:19,경찰청,고속국도,50.0,영동고속도로,서창 방향,교통사고,사고,<사고>::영동고속도로::강릉대관령휴게소::대관령5터널북측::기점방향::::고장 강릉대관령휴게소 → 대관령5터널북측 영동선 기점 ,128.7812,37.7325,2520013902,2025-08-09 16:49,Saturday,주말
2025-08-09 7:03,한국도로공사,고속국도,15.0,서해안고속도로,목포 방향,기상,강우,"빗길""주의""",126.8034,36.0036,3070052600,-,Saturday,주말
2025-08-09 8:05,경찰청,고속국도,253.0,고창담양고속도로,고창 방향,교통사고,사고,<사고>::고창담양고속도로::대덕JC::담양JC::기점방향::::고장 대덕JC → 담양JC 고창담양선 기점 ,127.0075,35.2518,3290066800,2025-08-09 8:08,Saturday,주말
2025-08-10 10:04,경찰청,일반국도,0.0,경춘대로,,공사,작업,<공사>::경춘로::마석우리261::마석윗삼거리::1차로::주의운전::도로공사 ,127.313825,37.651609,2220023102,2025-08-10 10:34,Sunday,주말
2025-08-10 13:11,한국도로공사,고속국도,15.0,서해안고속도로,목포 방향,기타돌발,차량증가/정체,차량증가/정체,126.8929,37.2683,2330060300,-,Sunday,주말
2025-08-10 16:02,한국도로공사,고속국도,12.0,광주대구고속도로,광주 방향,교통사고,사고,(1차로)승용차추돌사고처리중,126.9735,35.2688,3290008103,-,Sunday,주말
2025-08-10 9:41,경찰청,특별광역시도,0.0,한나루대로,,공사,작업,<공사>::한나루로::학익사거리::장승백이사거리::1차로::주의운전::유지보수 ,126.665813,37.444899,1630019900,2025-08-10 10:11,Sunday,주말
2025-08-10 9:48,경찰청,시군도,0.0,센트럴타운대로,,공사,작업,<공사>::센트럴타운로::다산공원삼거리::산의초교사거리::1차로::맨홀 내 전기작업::유지보수 ,127.055271,37.289791,2030054600,2025-08-10 10:18,Sunday,주말
2025-08-11 10:15,경찰청,특별광역시도,0.0,가양대로,,공사,작업,<공사>::가양로::가양동5661::평화횟집::1차로::주의운전::유지보수 ,127.441473,36.340162,1830031104,2025-08-11 10:45,Monday,평일
2025-08-11 10:58,경찰청,고속국도,1.0,경부고속도로,부산 방향,교통사고,사고,<사고>::경부고속도로::이언천교북측::이언천교남측::기점방향::4차로::장애물 이언천교북측 → 이언천교남측 경부선 기점 ,128.4966,35.8969,3690694900,2025-08-11 11:28,Monday,평일
2025-08-11 11:58,한국도로공사,고속국도,10.0,남해고속도로,부산 방향,기타돌발,고장,(갓길)화물차고장처리중,128.066,35.0955,3840030000,-,Monday,평일
2025-08-11 4:37,한국도로공사,고속국도,10.0,남해고속도로,부산 방향,기타돌발,고장,(갓길)승용차고장처리중,128.7555,35.2608,3850037900,-,Monday,평일
2025-08-12 10:41,한국도로공사,고속국도,60.0,서울양양고속도로,서울 방향,기타돌발,차량증가/정체,차량증가/정체,127.3345,37.6349,2220751400,-,Tuesday,평일
2025-08-12 18:00,경찰청,특별광역시도,0.0,이태원대로,,기타,행사,<행사>::이태원로::녹사평역4번출구::삼각지역13번출구::1차로::[집회] 장소: 전쟁기념관 앞::집회  서울청,126.975957,37.534775,1020011402,2025-08-12 19:00,Tuesday,평일
2025-08-12 20:20,경찰청,도시고속국도,88.0,올림픽대로,김포 방향,교통사고,사고,<사고>::올림픽대로::성수대교남측::동호대교JC::5차로::고장차량 올림픽대로 성수대교남단→동호대교남단 김포 방향 ,127.028987,37.534414,1220005601,2025-08-12 20:50,Tuesday,평일
2025-08-12 20:33,한국도로공사,고속국도,35.0,중부고속도로,남이 방향,공사,작업,(1차로)노면보수작업중,127.2134,37.5311,2270005500,-,Tuesday,평일
2025-08-12 8:07,한국도로공사,고속국도,50.0,영동고속도로,강릉 방향,기타돌발,차량증가/정체,차량증가/정체,127.013,37.3106,2007022500,-,Tuesday,평일
2025-08-13 14:54,경찰청,시군도,0.0,구이대로,,공사,작업,<공사>::구이로::구이로1526::구이카센타::1차로::주의운전::유지보수 ,127.119979,35.732319,3120007800,2025-08-13 15:24,Wednesday,평일
2025-08-13 16:31,경찰청,특별광역시도,0.0,국회대로,,교통사고,사고,<사고>::국회대로::화곡고가사거리::신월JC::2차로::::교통사고  서울청,126.83844,37.526441,1140281601,2025-08-13 17:01,Wednesday,평일
2025-08-13 23:32,경찰청,도시고속국도,30.0,내부순환도대로,성산 방향,교통사고,사고,<사고>::내부순환도로::성수동1가6741::사근IC::1차로::추돌사고 내부순환로 성동JC→사근램프 성산 방향 ,127.050847,37.552507,1030002500,2025-08-14 0:02,Wednesday,평일
2025-08-13 2:27,한국도로공사,고속국도,45.0,중부내륙고속도로,창원 방향,기상,강우,"빗길""주의""",127.4512,37.5164,2400218500,-,Wednesday,평일
2025-08-13 4:33,한국도로공사,고속국도,45.0,중부내륙고속도로,양평 방향,기타돌발,고장,(갓길)화물차고장처리？,128.5071,35.5103,3910020801,-,Wednesday,평일
2025-08-13 8:53,경찰청,고속국도,15.0,서해안고속도로,서울 방향,교통사고,사고,<사고>::서해안고속도로::비봉IC::매송IC남측::종점방향::::사고 비봉IC → 매송IC남측 서해안선 종점 ,126.8929,37.2683,2330060300,2025-08-13 9:23,Wednesday,평일
2025-08-14 15:29,경찰청,고속국도,65.0,동해고속도로,속초 방향,교통사고,사고,<사고>::동해고속도로::현북터널::광정천교::종점방향::2차로::장애물 현북터널 → 광정천교 동해선(삼척-속초) 종점 ,128.7115,38.0104,2670014401,2025-08-14 15:59,Thursday,평일
2025-08-14 22:19,한국도로공사,고속국도,30.0,청주영덕선,영덕 방향,기타돌발,고장,(갓길)대형화물차고장처리중,127.9106,36.4459,3580476400,-,Thursday,평일
2025-08-14 8:02,한국도로공사,고속국도,27.0,순천완주고속도로,순천 방향,공사,작업,(2차로)교량안전점검작업중,127.5502,34.9776,3260218600,2025-08-14 14:51,Thursday,평일
2025-08-14 9:13,한국도로공사,고속국도,20.0,익산장수선,익산 방향,공사,작업,(갓길)이동일상유지보수작업중,127.0898,35.943,3120787500,-,Thursday,평일
2025-08-15 10:50,한국도로공사,고속국도,50.0,영동고속도로,인천 방향,기타돌발,차량증가/정체,차량증가/정체,128.1742,37.485,2580005402,-,Friday,공휴일
2025-08-15 11:26,한국도로공사,고속국도,10.0,남해고속도로,부산 방향,교통사고,사고,(갓길)승용차관련사고처리중,128.4626,35.2713,3900006101,-,Friday,공휴일
2025-08-15 13:03,한국도로공사,고속국도,50.0,영동고속도로,인천 방향,기타돌발,차량증가/정체,차량증가/정체,128.482,37.6286,2600031101,-,Friday,공휴일
2025-08-15 13:52,한국도로공사,고속국도,10.0,남해고속도로,부산 방향,교통사고,사고,(1차로)승용차관련사고처리완료,128.5894,35.2883,4140171400,2025-08-15 14:30,Friday,공휴일
2025-08-15 16:59,경찰청,고속국도,50.0,영동고속도로,서창 방향,교통사고,사고,<사고>::영동고속도로::용인IC서측::마성IC::기점방향::5차로::사고 용인IC서측 → 마성IC 영동선 기점 ,127.1897,37.2669,2430219800,2025-08-15 17:29,Friday,공휴일
2025-08-15 17:39,한국도로공사,고속국도,50.0,영동고속도로,인천 방향,기타돌발,차량증가/정체,차량증가/정체,128.5939,37.6647,2600034801,-,Friday,공휴일
2025-08-15 7:45,경찰청,고속국도,1.0,경부고속도로,부산 방향,교통사고,사고,<사고>::경부고속도로::비룡IC::비룡JCT교::기점방향::4차로::사고 비룡IC → 비룡JCT교 경부선 기점 ,127.4772,36.3457,1830189400,2025-08-15 8:15,Friday,공휴일
2025-08-15 7:50,한국도로공사,고속국도,10.0,남해고속도로,부산 방향,기타돌발,장애물,"(2,3차로)장애물조심",128.4085,35.2859,3900006101,-,Friday,공휴일
2025-08-16 13:18,경찰청,특별광역시도,0.0,목동동대로,목동교 방향,교통사고,사고,<사고>::안양천길::목동교방향::광명::1차로::주의운전::교통사고 ,126.880166,37.529047,1140065300,2025-08-16 13:48,Saturday,주말
2025-08-16 17:23,한국도로공사,고속국도,1.0,경부고속도로,서울 방향,기타돌발,차량증가/정체,차량증가/정체,129.0438,35.3447,3880407700,-,Saturday,주말
2025-08-16 17:40,한국도로공사,고속국도,35.0,중부고속도로,남이 방향,기타돌발,차량증가/정체,차량증가/정체,127.4201,36.6489,2710002501,-,Saturday,주말
2025-08-16 19:43,경찰청,고속국도,45.0,중부내륙고속도로,양평 방향,교통사고,사고,<사고>::중부내륙고속도로::노은JC::북충주IC::종점방향::2차로::사고 노은JC → 북충주IC 중부내륙선 종점 ,127.7843,37.0375,2720034603,2025-08-16 20:13,Saturday,주말
2025-08-16 23:09,경찰청,고속국도,35.0,통영대전고속도로,대전 방향,교통사고,사고,<사고>::통영대전고속도로::서진주IC::진주시산청군::종점방향::::고장 서진주IC → 진주시산청군 통영대전선 종점 ,127.9758,35.2539,3810777000,2025-08-16 23:39,Saturday,주말
2025-08-16 5:41,경찰청,고속국도,40.0,평택제천고속도로,제천 방향,교통사고,사고,<사고>::평택제천고속도로::평택고덕IC::평택터널서측::종점방향::::고장 평택고덕IC → 평택터널서측 평택제천선 종점 ,127.0464,37.0246,2140685400,2025-08-16 6:11,Saturday,주말
2025-08-16 9:36,한국도로공사,고속국도,100.0,수도권제1순환고속도로,판교-일산 방향,기타돌발,차량증가/정체,차량증가/정체,126.7532,37.5704,1670221900,-,Saturday,주말
2025-08-16 9:37,경찰청,고속국도,45.0,중부내륙고속도로,창원 방향,교통사고,사고,<사고>::중부내륙고속도로::칠원JC::칠원TG::기점방향::::고장 칠원JC → 칠원TG 중부내륙선 기점 ,128.4998,35.2939,3900011701,2025-08-16 10:07,Saturday,주말
2025-08-17 10:55,한국도로공사,고속국도,15.0,서해안고속도로,목포 방향,기타돌발,고장,(갓길)승용차고장처리중,126.6275,36.8565,3000012711,-,Sunday,주말
2025-08-17 14:02,한국도로공사,고속국도,251.0,호남지선,논산 방향,교통사고,사고,(1차로)승용차사고처리중,127.309,36.3226,1860332500,-,Sunday,주말
2025-08-17 14:58,경찰청,고속국도,45.0,중부내륙고속도로,창원 방향,교통사고,사고,<사고>::중부내륙고속도로::달성군창녕군::창녕IC::기점방향::1차로::사고 달성군창녕군 → 창녕IC 중부내륙선 기점 ,128.4684,35.5736,3910429700,2025-08-17 15:28,Sunday,주말
2025-08-17 16:00,한국도로공사,고속국도,50.0,영동고속도로,강릉 방향,기타돌발,장애물,(2차로)장애물처리중,128.4177,37.5929,2600023902,-,Sunday,주말
2025-08-18 12:17,경찰청,고속국도,1.0,경부고속도로,부산 방향,교통사고,사고,<사고>::경부고속도로::김천IC동측::김천교서측::기점방향::::고장 김천IC동측 → 김천교서측 경부선 기점 ,128.1242,36.128,3530025702,2025-08-18 12:47,Monday,평일
2025-08-18 13:28,한국도로공사,고속국도,50.0,영동고속도로,강릉 방향,공사,작업,(2차로)이동노면보수작업중,128.3183,37.552,2600929600,-,Monday,평일
2025-08-18 13:31,한국도로공사,고속국도,35.0,통영대전고속도로,대전 방향,기타돌발,고장,(갓길)승용차고장처리중,127.6623,35.9216,3140003303,-,Monday,평일
2025-08-18 20:11,한국도로공사,고속국도,1.0,경부고속도로,부산 방향,기타돌발,고장,(갓길)승용차고장처리중,129.0698,35.3115,3880841400,-,Monday,평일
2025-08-18 22:48,경찰청,고속국도,45.0,중부내륙고속도로,양평 방향,교통사고,사고,<사고>::중부내륙고속도로::달성군창녕군::현풍JC::종점방향::::고장 달성군창녕군 → 현풍JC 중부내륙선 종점 ,128.4359,35.6675,1570887800,2025-08-18 23:18,Monday,평일
2025-08-18 3:30,한국도로공사,고속국도,29.0,세종포천고속도로,구리 방향,기상,강우,"빗길""주의""",127.1716,37.4991,-,-,Monday,평일
2025-08-19 11:19,한국도로공사,고속국도,10.0,남해고속도로,부산 방향,기타돌발,고장,(갓길)승용차고장처리중,128.5949,35.2878,4140171400,-,Tuesday,평일
2025-08-19 13:15,경찰청,고속국도,20.0,익산포항고속도로,포항 방향,교통사고,사고,<사고>::새만금포항고속도로::화남터널동측::임고하이패스IC서측::종점방향::2차로::장애물 화남터널동측 → 임고하이패스IC서측 대구포항선 종점 ,128.9827,36.0544,3570438200,2025-08-19 13:45,Tuesday,평일
2025-08-19 20:04,한국도로공사,고속국도,50.0,영동고속도로,강릉 방향,기타돌발,차량증가/정체,차량증가/정체,126.7529,37.3876,2240011400,-,Tuesday,평일
2025-08-19 5:26,한국도로공사,고속국도,50.0,영동고속도로,인천 방향,기타돌발,장애물,(5차로)장애물(덮개)처리중,127.1505,37.2894,2440174100,-,Tuesday,평일
2025-08-19 9:58,경찰청,고속국도,1.0,경부고속도로,부산 방향,교통사고,사고,<사고>::경부고속도로::대림육교::동구경산시::기점방향::::고장 대림육교 → 동구경산시 경부선 기점 ,128.7461,35.8704,1510596700,2025-08-19 10:28,Tuesday,평일
2025-08-20 14:14,경찰청,고속국도,10.0,남해고속도로,영암 방향,교통사고,사고,<사고>::남해고속도로::동광양IC서측::억만교::기점방향::::고장 동광양IC서측 → 억만교 남해선(순천-부산) 기점 ,127.6446,34.9657,3280013011,2025-08-20 14:44,Wednesday,평일
2025-08-20 17:28,국도통합센터,일반국도,1.0,국도1호선,목포 방향,공사,시설물보수작업,,126.44155,34.94358,3390014602,-,Wednesday,평일
2025-08-20 7:33,경찰청,시군도,0.0,백제대로,꽃밭정이사거리 방향,교통사고,사고,<사고>::백제대로::평화동1가산1132::꽃밭정이네거리::주의운전::사고 - 백제대로 곰솔나무사거리에서 꽃밭정이사거리 방향 꽃밭정이사거리 부근 1.2차로에서 승용차간의 사고. 사고처리 안되고 있음. ,127.132059,35.796046,3050035700,2025-08-20 7:49,Wednesday,평일
2025-08-20 8:19,경찰청,시군도,0.0,송도대로,입구 방향,교통사고,사고,<사고>::송도로::송정2교::송정2교종점::주의운전::사고 - 송도로 공군부대 후문에서 평동산단 입구방향 송정2교 2차로 승용차간 사고 ,126.783666,35.122416,1790678900,2025-08-20 8:23,Wednesday,평일
2025-08-21 11:51,경찰청,고속국도,251.0,호남고속도로지선,논산 방향,교통사고,사고,<사고>::호남고속도로지선::벌곡휴게소::양촌하이패스IC::기점방향::2차로::장애물 벌곡휴게소 → 양촌하이패스IC 호남지선 기점 ,127.2425,36.1728,2900004212,2025-08-21 12:21,Thursday,평일
2025-08-21 13:43,경찰청,고속국도,10.0,남해고속도로,영암 방향,교통사고,사고,<사고>::남해고속도로::김해터널북측::진영JC동측::기점방향::::고장 김해터널북측 → 진영JC동측 남해선(순천-부산) 기점 ,128.7329,35.2772,3850040431,2025-08-21 14:13,Thursday,평일
2025-08-21 17:07,한국도로공사,고속국도,120.0,경인고속도로,인천 방향,기타돌발,차량증가/정체,차량증가/정체,126.6777,37.5181,1663132600,-,Thursday,평일
2025-08-21 8:24,한국도로공사,고속국도,1.0,경부고속도로,서울 방향,기타돌발,고장,(갓길)소형화물차고장처리중,127.5096,36.3506,1830192600,-,Thursday,평일
2025-08-21 9:17,경찰청,일반국도,22.0,상무대로,,교통사고,사고,<사고>::일반국도22호선::쌍촌역교차로::투썸플레이스광주쌍촌::2차로::주의운전::교통사고 ,126.868406,35.151691,1760003200,2025-08-21 9:47,Thursday,평일
2025-08-21 9:35,경찰청,특별광역시도,0.0,함월대로,상개삼거리 방향,공사,작업,"<공사>::함월6길::울산시온교회::카페베네울산성안점::주의운전::공사 - 산업로 두왕사거리에서 상개삼거리 방향  SK합성수지 앞 2개 차로 차단하고 공사 중, 위험하니 주의 바람.  ",129.314254,35.572725,1920049100,2025-08-21 9:46,Thursday,평일
2025-08-22 10:37,경찰청,지방도,1136.0,노형대로,서울사우나 방향,공사,작업,"<공사>::지방도1136호선::한라대학입구교차로::월산정수장입구::주의운전::공사 - 광평중길, 월광로 -서울사우나 방향, 전기공사로 부분 통제 중, 우회도로 권유.(편도 1차로 구간) ",126.468767,33.478571,4050008900,2025-08-22 10:46,Friday,평일
2025-08-22 11:12,한국도로공사,고속국도,35.0,중부고속도로,하남 방향,공사,작업,(3차로)곤지암요금소화물차로편차점검중,127.3205,37.3536,2340007711,-,Friday,평일
2025-08-22 14:27,한국도로공사,고속국도,1.0,경부고속도로,부산 방향,기타돌발,차량증가/정체,차량증가/정체,127.0846,37.1421,2230344200,-,Friday,평일
2025-08-22 15:05,한국도로공사,고속국도,10.0,남해고속도로,부산 방향,기상,강우,"빗길""주의""",127.782,34.9887,3940391700,-,Friday,평일
2025-08-22 16:00,한국도로공사,고속국도,12.0,광주대구고속도로,광주 방향,기상,강우,"빗길""주의""",128.0209,35.7025,3970046400,2025-08-22 16:23,Friday,평일
2025-08-22 5:38,경찰청,도시고속국도,61.0,동부간선도대로,성수JC 방향,교통사고,사고,<사고>::동부간선도로::하나로클럽마트::도봉지하차도::3차로::고장차량 동부간선로 도봉T중간→도봉T출구 성수JC 방향 ,127.054594,37.646704,1090047801,2025-08-22 6:08,Friday,평일
2025-08-22 7:12,한국도로공사,고속국도,451.0,중부내륙지선,대구 방향,교통사고,사고,(1차로)승용차관련사고처리중,128.4791,35.7523,1570559700,-,Friday,평일
2025-08-22 8:54,한국도로공사,고속국도,27.0,순천완주고속도로,완주 방향,기타돌발,고장,(갓길)1톤화물고장차처리중,127.1896,35.8323,3060123000,-,Friday,평일
2025-08-22 9:15,경찰청,일반국도,43.0,동구릉대로,,공사,작업,<공사>::일반국도43호선::대원E편한세상아파트::배탈고개3거리::3차로::주의운전::고가 시설 작업 ,127.135315,37.609017,2210005301,2025-08-22 9:45,Friday,평일
2025-08-22 9:38,경찰청,특별광역시도,0.0,봉선대로,,공사,작업,<공사>::봉선로::광주광역시남구청::백운교차로::1차로::주의운전::도로공사 ,126.902069,35.132777,1770037902,2025-08-22 18:00,Friday,평일
2025-08-23 10:53,한국도로공사,고속국도,35.0,중부고속도로,하남 방향,기타돌발,차량증가/정체,차량증가/정체,127.4917,36.8264,2790616400,-,Saturday,주말
2025-08-23 16:37,한국도로공사,고속국도,35.0,중부고속도로,하남 방향,기타돌발,장애물,(1차로)장애물(쇠붙이)처리중,127.2495,37.4668,2340607900,-,Saturday,주말
2025-08-23 9:12,경찰청,지방도,1132.0,동광대로,국립박물관교차로 방향,공사,작업,"<공사>::지방도1132호선::동광양교::문예회관앞교차로::주의운전::공사 - 동광로, 광양사거리 -국립박물관교차로 방향, 동부경찰서 100m 지난 지점 3차로, 크레인 동원한 작업 중, 수신호 있음, 미리 차로 변경 바람. ",126.536202,33.503911,4050026602,2025-08-23 9:24,Saturday,주말
2025-08-23 9:21,경찰청,일반국도,0.0,산업대로,,공사,작업,<공사>::산업로::대영ENG::반도석유::1차로::주의운전::하수도/배수로 작업 ,129.066213,35.094462,1330108101,2025-08-23 20:00,Saturday,주말
2025-08-24 13:11,경찰청,특별광역시도,0.0,성북대로,,공사,작업,<공사>::성북로::침산초등학교앞교차로::오봉오거리::1차로::주의운전::노변 유지보수 ,128.586406,35.890818,1540035800,2025-08-24 13:41,Sunday,주말
2025-08-24 14:36,한국도로공사,고속국도,45.0,중부내륙고속도로,창원 방향,기타돌발,차량증가/정체,차량증가/정체,127.6122,37.1966,2370601900,-,Sunday,주말
2025-08-24 14:36,한국도로공사,고속국도,15.0,서해안고속도로,서울 방향,기타돌발,장애물,(2차로)장애물처리중(각목),126.5711,36.4191,2870019331,-,Sunday,주말
2025-08-24 16:19,한국도로공사,고속국도,35.0,중부고속도로,하남 방향,기타돌발,고장,(갓길)승용차고장처리중,127.4957,36.8097,2790616400,-,Sunday,주말
2025-08-25 15:59,한국도로공사,고속국도,55.0,중앙고속도로,부산 방향,기타돌발,고장,(갓길)소형화물차고장처리중,128.6375,36.5365,3540015312,-,Monday,평일
2025-08-25 22:54,한국도로공사,고속국도,15.0,서해안고속도로,목포 방향,기타돌발,고장,(갓길)1톤화물고장차(타이어)처리중,126.8203,35.9893,3070036700,2025-08-25 23:48,Monday,평일
2025-08-26 20:19,한국도로공사,고속국도,1.0,경부고속도로,서울 방향,기타돌발,고장,(갓길)승용차고장처리중,127.1969,36.7667,3010154500,-,Tuesday,평일
2025-08-26 22:05,한국도로공사,고속국도,45.0,중부내륙고속도로,양평 방향,공사,작업,(1차로)시설물설치작업중,128.485,35.409,3910006400,-,Tuesday,평일
2025-08-26 5:40,한국도로공사,고속국도,100.0,수도권제1순환고속도로,판교-일산 방향,기타돌발,차량증가/정체,차량증가/정체,126.752,37.5265,1670002400,-,Tuesday,평일
2025-08-26 6:20,한국도로공사,고속국도,110.0,제2경인고속도로,인천 방향,기타돌발,차량증가/정체,차량증가/정체,126.7966,37.4286,2240017100,-,Tuesday,평일
2025-08-26 6:50,한국도로공사,고속국도,15.0,서해안고속도로,서울 방향,기타돌발,차량증가/정체,차량증가/정체,126.887,37.2606,2330060200,-,Tuesday,평일
2025-08-26 9:04,경찰청,특별광역시도,0.0,남외대로,남외푸르지오 방향,공사,작업,<공사>::남외로::체육의다리교차로::남외동516::주의운전::공사 - 남외로 종합운동장에서 남외푸르지오 방향 보도 공사 중.  ,129.345463,35.564125,1920036707,2025-08-26 9:08,Tuesday,평일
2025-08-27 10:00,한국도로공사,고속국도,65.0,부산울산선,부산 방향,공사,작업,(1차로)차선도색작업중,129.2563,35.4091,1961174000,-,Wednesday,평일
2025-08-27 13:52,경찰청,일반국도,0.0,달구벌대로,,공사,작업,<공사>::시지로3길 ::시지1교::경인한의원::1차로::주의운전::도로공사 ,128.696152,35.842125,1550004601,2025-08-27 15:22,Wednesday,평일
2025-08-27 14:17,경찰청,일반국도,31.0,무룡대로,정자 방향,공사,작업,<공사>::일반국도31호선::세양공구타운교차로::나눔로또판매점::주의운전::공사 - 무룡로 정자방향 무룡터널 못간1차로 차량동원한 공사중. ,129.364122,35.581024,1950002600,2025-08-27 14:20,Wednesday,평일
2025-08-27 8:01,경찰청,고속국도,50.0,영동고속도로,강릉 방향,교통사고,사고,<사고>::영동고속도로::부곡동산646::동군포IC::종점방향::::고장 부곡동산646 → 동군포IC 영동선 종점 ,126.9283,37.3282,2250003102,2025-08-27 8:31,Wednesday,평일
2025-08-27 9:14,경찰청,고속국도,1.0,경부고속도로,서울 방향,교통사고,사고,<사고>::경부고속도로::망향휴게소::북천안IC::종점방향::::고장 망향휴게소 → 북천안IC 경부선 종점 ,127.1797,36.8504,3020411000,2025-08-27 9:44,Wednesday,평일
2025-08-27 9:37,한국도로공사,고속국도,15.0,서해안고속도로,서울 방향,기타돌발,고장,"(4,5차로)고장차처리중",126.8605,37.344,2160016300,-,Wednesday,평일
2025-08-28 14:30,한국도로공사,고속국도,15.0,서해안고속도로,목포 방향,교통사고,사고,(갓길)승용차관련사고처리중,126.8773,37.1551,2330025301,-,Thursday,평일
2025-08-28 15:00,한국도로공사,고속국도,25.0,호남고속도로,논산 방향,기타돌발,고장,(갓길)승용차고장(기름부족)처리중,126.913,35.6539,3090027702,-,Thursday,평일
2025-08-28 15:24,경찰청,일반국도,0.0,산업대로,신당교차로 방향,공사,작업,"<공사>::일반국도7호선::근화여고네거리::용강네거리::주의운전::공사 - 경주 산업로, 근화여고사거리에서 신당교차로 방향 3,4차로 차단하고 인도블럭 교체 작업중. / 원활하나 주의. ",129.225657,35.872081,3520054100,2025-08-28 15:28,Thursday,평일
2025-08-28 18:19,경찰청,고속국도,45.0,중부내륙고속도로,창원 방향,교통사고,사고,<사고>::중부내륙고속도로::창녕낙동강교::칠서IC::기점방향::::고장 창녕낙동강교 → 칠서IC 중부내륙선 기점 ,128.4939,35.3467,3900766500,2025-08-28 18:49,Thursday,평일
2025-08-28 20:03,경찰청,고속국도,65.0,울산포항고속도로,울산 방향,교통사고,사고,<사고>::동해고속도로::양북1터널동측::양북1터널서측::기점방향::::고장 양북1터널동측 → 양북1터널서측 동해선(부산-포항) 기점 ,129.3728,35.7606,3520254600,2025-08-28 20:33,Thursday,평일
2025-08-28 8:16,경찰청,특별광역시도,0.0,동호대로,,교통사고,사고,<사고>::동호로::대구가톨릭대학교부설::동호지구D::1차로::주의운전::교통사고 ,128.718432,35.86524,1510062800,2025-08-28 8:46,Thursday,평일
2025-08-29 10:18,경찰청,시군도,0.0,수리산대로,,공사,작업,<공사>::수리산로::만안경찰서사거리::새길교회::1차로::주의운전::도로공사 ,126.929718,37.388271,2080012700,2025-08-29 10:48,Friday,평일
2025-08-29 11:01,경찰청,도시고속국도,70.0,강변북대로,일산 방향,공사,작업,<공사>::강변북로::강변그린아파트::서강대교북측::2차로::차선도색 강변북로 마포대교북단→서강대교북단 일산 방향 ,126.931712,37.542561,1130034300,2025-08-29 11:31,Friday,평일
2025-08-29 13:02,경찰청,특별광역시도,0.0,서강대로,일산 방향,교통사고,사고,"<사고>::서강로::봉원교북측::서강대교북측::주의운전::사고 - 서울시 강변북로 일산방향, 서강대교에서 양화대교구간 4차로에서 추돌사고가 일어났음. ",126.92897,37.54346,1130010300,2025-08-29 13:32,Friday,평일
2025-08-29 13:09,경찰청,고속국도,45.0,중부내륙고속도로,창원 방향,교통사고,사고,<사고>::중부내륙고속도로::여주JC남측::여주시음성군::기점방향::1차로::사고 여주JC남측 → 여주시음성군 중부내륙선 기점 ,127.6115,37.2056,2370602000,2025-08-29 13:39,Friday,평일
2025-08-29 13:36,경찰청,고속국도,12.0,광주대구고속도로,광주 방향,교통사고,사고,<사고>::광주대구고속도로::88낙동강교::고령JC::기점방향::::고장 88낙동강교 → 고령JC 광주대구선 기점 ,128.3783,35.7591,3670017700,2025-08-29 13:39,Friday,평일
2025-08-29 15:40,한국도로공사,고속국도,12.0,무안광주고속도로,무안 방향,교통사고,사고,(2차로)승용차관련추돌사고처리중,126.5877,35.0668,3400130000,-,Friday,평일
2025-08-29 15:58,경찰청,도시고속국도,70.0,강변북대로,,교통사고,사고,<사고>::강변북로::가양대교진입램프 ::가양대교남단::1차로::::교통사고  서울청 ,126.864067,37.574605,1130067500,2025-08-29 16:28,Friday,평일
2025-08-29 17:38,경찰청,고속국도,40.0,평택제천고속도로,평택 방향,교통사고,사고,<사고>::평택제천고속도로::안진터널::안성시진천군::기점방향::1차로::사고 안진터널 → 안성시진천군 평택제천선 기점 ,127.4056,36.9614,2790617200,2025-08-29 18:08,Friday,평일
2025-08-29 18:39,한국도로공사,고속국도,55.0,중앙고속도로,부산 방향,기상,강우,"빗길""주의""",127.8553,37.6784,2570003401,-,Friday,평일
2025-08-29 7:19,한국도로공사,고속국도,65.0,동해고속도로,속초 방향,기타돌발,장애물,(1차로)장애물처리중,128.8672,37.7031,2520012406,-,Friday,평일
2025-08-30 10:57,한국도로공사,고속국도,50.0,영동고속도로,인천 방향,교통사고,사고,(1차로)승용차관련사고처리중,127.9588,37.4032,2511022500,-,Saturday,주말
2025-08-30 15:06,경찰청,고속국도,100.0,서울외곽순환고속도로,서울 방향,교통사고,사고,<사고>::서울외곽순환고속도로::계양IC북측::노오지JC::기점방향::2차로::장애물 계양IC북측 → 노오지JC 수도권제1순환선 기점 ,126.7477,37.5496,1670004100,2025-08-30 15:36,Saturday,주말
2025-08-30 15:18,한국도로공사,고속국도,15.0,서해안고속도로,서울 방향,기타돌발,고장,(갓길)고장차처리중(승용),126.7925,36.0308,3070564700,-,Saturday,주말
2025-08-30 16:01,한국도로공사,고속국도,27.0,순천완주고속도로,완주 방향,기타돌발,고장,(갓길)승용차고장처리중,127.334,35.6172,3160032705,-,Saturday,주말
2025-08-30 16:21,한국도로공사,고속국도,251.0,호남지선,논산 방향,기타돌발,차량증가/정체,차량증가/정체,127.368,36.4064,1860007303,-,Saturday,주말
2025-08-30 9:19,한국도로공사,고속국도,60.0,서울양양고속도로,서울 방향,기타돌발,차량증가/정체,차량증가/정체,128.1572,37.7961,2570233600,-,Saturday,주말
2025-08-31 12:25,한국도로공사,고속국도,25.0,호남고속도로,논산 방향,기타돌발,고장,(갓길)고장차처리중(1톤화물),127.1048,36.0677,3080422100,-,Sunday,주말
2025-08-31 14:10,경찰청,도시고속국도,88.0,올림픽대로,김포 방향,교통사고,사고,<사고>::올림픽대로::가양IC::팔팔JC::1차로::추돌사고 올림픽대로 가양대교남단→방화대교남단 김포 방향 ,126.838511,37.577221,1150004600,2025-08-31 14:40,Sunday,주말
2025-08-31 14:23,한국도로공사,고속국도,10.0,남해고속도로,순천 방향,기타돌발,차량증가/정체,차량증가/정체,128.49,35.2777,3900007001,-,Sunday,주말
2025-09-01 13:00,경찰청,고속국도,15.0,서해안고속도로,무안 방향,교통사고,사고,<사고>::서해안고속도로::천수만교::대천휴게소::기점방향::::고장 천수만교 → 대천휴게소 서해안선 기점 ,126.5643,36.412,2870019331,2025-09-01 13:30,Monday,평일
2025-09-01 15:38,경찰청,고속국도,15.0,서해안고속도로,서울 방향,교통사고,사고,<사고>::서해안고속도로::고창군부안군::줄포IC남측::종점방향::::고장 고창군부안군 → 줄포IC남측 서해안선 종점 ,126.6978,35.5848,3190280600,2025-09-01 16:08,Monday,평일
2025-09-01 16:07,한국도로공사,고속국도,55.0,중앙고속도로,춘천 방향,기상,강우,"빗길""주의""",127.927,37.3271,2510007711,-,Monday,평일
2025-09-01 16:27,경찰청,도시고속국도,70.0,강변북대로,,교통사고,사고,<사고>::강변북로::서강대교::마포대교::4차로::::고장 차량  서울청,126.934134,37.541197,1130000304,2025-09-01 16:57,Monday,평일
2025-09-01 18:22,한국도로공사,고속국도,45.0,중부내륙고속도로,창원 방향,기상,강우,"빗길""주의""",128.2643,36.0647,3530467700,-,Monday,평일
2025-09-01 19:13,한국도로공사,고속국도,500.0,광주외곽순환고속도로,남광산 방향,기상,강우,"빗길""주의""",126.7478,35.1848,-,-,Monday,평일
2025-09-01 22:17,한국도로공사,고속국도,55.0,중앙고속도로,부산 방향,기타돌발,장애물,(1차로)장애물(철재류)처리중,128.001,37.2794,2510007831,-,Monday,평일
2025-09-01 3:31,한국도로공사,고속국도,15.0,서해안고속도로,목포 방향,기타돌발,고장,(2차로)화물차고장처리중,126.8979,37.4333,2130001401,-,Monday,평일
2025-09-01 5:44,한국도로공사,고속국도,120.0,경인고속도로,인천 방향,기타돌발,차량증가/정체,차량증가/정체,126.7769,37.5242,2420269300,-,Monday,평일
2025-09-01 7:27,한국도로공사,고속국도,35.0,중부고속도로,남이 방향,기타돌발,차량증가/정체,차량증가/정체,127.4691,36.7456,2840275900,-,Monday,평일
2025-09-01 9:13,경찰청,특별광역시도,0.0,세종대로,,공사,작업,<공사>::세종로::월암교::월하오거리::3차로::주의운전::고가 시설 작업 ,127.290838,36.572207,4130359700,2025-09-01 18:00,Monday,평일
2025-09-01 9:38,한국도로공사,고속국도,50.0,영동고속도로,강릉 방향,기상,강우,"빗길""주의""",127.5871,37.2327,2370012400,-,Monday,평일
2025-09-02 10:58,한국도로공사,고속국도,600.0,부산외곽선,기장 방향,기타돌발,고장,"(2차로,갓길)화물차고장처리중",128.9638,35.2736,3850929200,-,Tuesday,평일
2025-09-02 13:20,한국도로공사,고속국도,100.0,수도권제1순환고속도로,판교-구리 방향,공사,작업,(차로교대)영업소광장부차선도색작업중,127.0202,37.3928,2260010100,-,Tuesday,평일
2025-09-02 17:08,한국도로공사,고속국도,100.0,수도권제1순환고속도로,판교-일산 방향,기타돌발,차량증가/정체,차량증가/정체,127.1707,37.5669,1240003502,-,Tuesday,평일
2025-09-02 1:33,경찰청,고속국도,10.0,남해고속도로,부산 방향,기상,기상,<기상>::남해고속도로::광양터널::광양터널::종점방향::::강우 광양터널 → 광양터널 남해선(순천-부산) 종점 ,127.6548,34.9639,3280014121,2025-09-02 1:44,Tuesday,평일
2025-09-02 6:44,한국도로공사,고속국도,100.0,수도권제1순환고속도로,판교-구리 방향,기타돌발,차량증가/정체,차량증가/정체,127.1479,37.6063,2220751300,-,Tuesday,평일
2025-09-02 8:14,경찰청,특별광역시도,0.0,북비산대로,평리네거리 방향,교통사고,사고,"<사고>::북비산로::세븐일레븐대구대평중::대구축산농협평리지점::주의운전::사고 - <사고최초> 북비산로 북비산네거리에서 평리네거리방향 열린요양병원 못간 횡단보도 부근 2차로 승용차, 화물차 접촉사고. ",128.560743,35.879289,1520017400,2025-09-02 8:19,Tuesday,평일
2025-09-03 14:21,한국도로공사,고속국도,1.0,경부고속도로,부산 방향,기타돌발,장애물,"(1,2,3차로)장애물확인중",127.1819,36.9555,3020526900,-,Wednesday,평일
2025-09-03 14:23,경찰청,국가지원지방도,69.0,가락대로,,공사,작업,<공사>::가락대로::범방동3141::범방동3141::1차로::주의운전::유지보수 ,128.881141,35.15184,1410857206,2025-09-03 14:53,Wednesday,평일
2025-09-03 17:10,한국도로공사,고속국도,55.0,중앙고속도로,춘천 방향,기타돌발,고장,(갓길)대형화물차고장처리중,128.0876,37.2258,2511021600,-,Wednesday,평일
2025-09-03 19:42,경찰청,고속국도,15.0,서해안고속도로,무안 방향,교통사고,사고,<사고>::서해안고속도로::발안IC남측::평택시화성시::기점방향::::고장 발안IC남측 → 평택시화성시 서해안선 기점 ,126.8871,37.08,2334282000,2025-09-03 20:12,Wednesday,평일
2025-09-03 20:01,한국도로공사,고속국도,35.0,중부고속도로,남이 방향,공사,작업,(갓길)종배수관설치작업중,127.4443,36.7171,2840198000,-,Wednesday,평일
2025-09-03 20:18,경찰청,고속국도,1.0,경부고속도로,부산 방향,교통사고,사고,<사고>::경부고속도로::가양대교::대전터널::기점방향::::고장 가양대교 → 대전터널 경부선 기점 ,127.4581,36.3558,1870207600,2025-09-03 20:48,Wednesday,평일
2025-09-03 7:34,한국도로공사,고속국도,35.0,통영대전고속도로,통영 방향,공사,작업,(2차로)터널내소화기점검작업중,127.669,35.6709,3960031100,-,Wednesday,평일
2025-09-03 9:51,한국도로공사,고속국도,100.0,수도권제1순환고속도로,판교-구리 방향,기타돌발,고장,(갓길)고장차처리중,126.7484,37.5522,1670004100,-,Wednesday,평일
2025-09-04 10:40,한국도로공사,고속국도,55.0,중앙고속도로,춘천 방향,공사,작업,(갓길)삭초이동작업중,128.1274,37.1702,2730612200,-,Thursday,평일
2025-09-04 11:19,경찰청,고속국도,1.0,경부고속도로,서울 방향,공사,작업,<공사>::경부고속도로::도동JC::도동2육교::주의운전::공사 - 경부고속도로 서울방향 도동갈림목 부근 126.2km지점 갓길 작업차량 동원 가드레일 공사중. ,128.66249,35.912626,1510053100,2025-09-04 11:28,Thursday,평일
2025-09-04 13:04,한국도로공사,고속국도,60.0,서울양양고속도로,서울 방향,공사,작업,(갓길)구조물점검작업중,128.0121,37.7578,2570229100,-,Thursday,평일
2025-09-04 15:08,한국도로공사,고속국도,1.0,경부고속도로,부산 방향,기타돌발,고장,(갓길)화물차고장처리중,128.7198,35.8762,1510597300,-,Thursday,평일
2025-09-04 6:32,한국도로공사,고속국도,50.0,영동고속도로,강릉 방향,기타돌발,고장,(진출로갓길)고장차처리중,126.8607,37.3441,2160389500,-,Thursday,평일
2025-09-04 8:40,한국도로공사,고속국도,45.0,중부내륙고속도로,양평 방향,기타돌발,장애물,(진출로1차로)장애물조심,128.5035,35.3224,3900025300,-,Thursday,평일
2025-09-05 12:19,한국도로공사,고속국도,55.0,중앙고속도로,춘천 방향,기타돌발,고장,(갓길)중형화물차고장처리중,128.2892,36.9893,2820010402,-,Friday,평일
2025-09-05 16:10,한국도로공사,고속국도,100.0,수도권제1순환고속도로,판교-일산 방향,기타돌발,차량증가/정체,차량증가/정체,126.8698,37.3687,2240007800,-,Friday,평일
2025-09-05 17:14,경찰청,고속국도,55.0,중앙고속도로,부산 방향,교통사고,사고,<사고>::중앙고속도로::삼마치터널남측::횡성터널북측::기점방향::1차로::장애물 삼마치터널남측 → 횡성터널북측 중앙선 기점 ,127.9794,37.5564,2580029111,2025-09-05 17:44,Friday,평일
2025-09-05 17:32,경찰청,고속국도,15.0,서해안고속도로,서울 방향,교통사고,사고,"<사고>::서해안고속도로::고잔3교::서평택JC북측::주의운전::사고 - 서해안고속도로 서울방향, 서평택분기점 2차로에서 소형화물차관련 사고처리 중.  ",126.888744,37.054657,2140042900,2025-09-05 17:36,Friday,평일
2025-09-05 17:53,경찰청,고속국도,50.0,영동고속도로,서창 방향,교통사고,사고,<사고>::영동고속도로::대관령IC::대관령IC::기점방향::::고장 대관령IC → 대관령IC 영동선 기점 ,128.6768,37.6817,2600039300,2025-09-05 18:23,Friday,평일
2025-09-05 19:15,한국도로공사,고속국도,45.0,중부내륙고속도로,양평 방향,기타돌발,고장,(갓길)승용차고장처리중,127.7235,37.0707,2720965000,-,Friday,평일
2025-09-05 19:16,경찰청,고속국도,1.0,경부고속도로,,교통사고,사고,"<사고>::경부고속도로::잠원IC::반포IC::2,3차로::::교통사고  서울청",127.016434,37.508179,1210004703,2025-09-05 19:46,Friday,평일
2025-09-05 22:14,한국도로공사,고속국도,60.0,서울양양고속도로,서울 방향,기상,강우,"빗길""주의""",128.1371,37.7885,2570232300,-,Friday,평일
2025-09-05 7:18,한국도로공사,고속국도,100.0,수도권제1순환고속도로,판교-일산 방향,기타돌발,차량증가/정체,차량증가/정체,126.7646,37.4612,1650314500,-,Friday,평일
2025-09-05 7:49,한국도로공사,고속국도,100.0,수도권제1순환고속도로,판교-구리 방향,기타돌발,차량증가/정체,차량증가/정체,127.1907,37.5212,2270002301,-,Friday,평일
2025-09-06 10:06,경찰청,일반국도,47.0,일반국도47호선,,공사,작업,<공사>::일반국도47호선::장현IC교차로::장현IC교차로::1차로::주의운전::도로공사 ,127.183525,37.713036,2220753701,2025-09-06 10:36,Saturday,주말
2025-09-06 10:07,경찰청,특별광역시도,0.0,태평대로,,공사,작업,"<공사>::태평로::교동네거리::동인네거리::4,5차로::주의운전::유지보수 ",128.603842,35.872635,1500020800,2025-09-06 10:37,Saturday,주말
2025-09-06 16:57,경찰청,일반국도,32.0,현충원대로,,교통사고,사고,<사고>::일반국도32호선::유성천변교::구암교네거리::2차로::지체.정체 우려::교통사고 승용차간 추돌,127.331209,36.357981,1860004301,2025-09-06 17:27,Saturday,주말
2025-09-06 18:01,한국도로공사,고속국도,29.0,세종포천고속도로,포천 방향,교통사고,사고,"(1,2차로)단독사고처리중",127.2791,37.1483,-,-,Saturday,주말
2025-09-07 10:15,한국도로공사,고속국도,30.0,청주영덕선,영덕 방향,기타돌발,고장,(갓길)화물차고장처리중,128.8663,36.4365,3540349800,-,Sunday,주말
2025-09-07 13:43,한국도로공사,고속국도,1.0,경부고속도로,서울 방향,교통사고,사고,"(4차로,갓길)승용차관련사고처리완료",128.4527,35.9649,3690167500,2025-09-07 13:49,Sunday,주말
2025-09-08 10:08,한국도로공사,고속국도,29.0,세종포천고속도로,포천 방향,기타돌발,차량증가/정체,(1차로)중분대청소작업중,127.3026,37.0451,-,-,Monday,평일
2025-09-08 19:45,한국도로공사,고속국도,55.0,중앙고속도로,춘천 방향,기상,강우,"빗길""주의""",128.5341,36.0991,3690023500,-,Monday,평일
2025-09-08 23:22,한국도로공사,고속국도,600.0,부산외곽선,기장 방향,기타,보행자,(갓길)보행자조심,129.0056,35.2715,3850931600,-,Monday,평일
2025-09-08 6:55,한국도로공사,고속국도,27.0,순천완주고속도로,완주 방향,공사,작업,노면보수작업중,127.3137,35.6321,3160033200,-,Monday,평일
2025-09-08 7:10,경찰청,고속국도,10.0,남해고속도로,순천 방향,교통사고,사고,"<사고>::남해고속도로::동창원IC::동창원IC::주의운전::사고 - 남해고속도로, 순천 방향,	동창원나들목(133K)(진입로 2차로)화물차 관련 사고가 났으며, 처리 중임. ",128.694748,35.277853,4140161000,2025-09-08 7:17,Monday,평일
2025-09-08 7:54,경찰청,고속국도,65.0,울산포항고속도로,울산 방향,공사,작업,<공사>::동해고속도로::외동2교남측::외동휴게소::기점방향::::작업 외동2교남측 → 외동휴게소 동해선(부산-포항) 기점 ,129.2892,35.6822,3520249300,2025-09-08 8:24,Monday,평일
2025-09-08 8:29,경찰청,일반국도,36.0,가로수대로,대한적십자사 방향,교통사고,사고,"<사고>::일반국도36호선::휴암동4391::청주중앙교회앞::주의운전::사고 - 가로수로, 강상촌분기점에서 대한적십자사 방향, 중간 지점 3차로에 승용차 2대 추돌 사고가 났음, 사고 처리 중임.  ",127.4116,36.625389,2710005010,2025-09-08 8:32,Monday,평일
2025-09-08 8:32,한국도로공사,고속국도,600.0,부산외곽선,창원 방향,공사,작업,(갓길)표지판교체작업중,129.0806,35.2956,3880840600,-,Monday,평일
2025-09-09 10:17,한국도로공사,고속국도,1.0,경부고속도로,서울 방향,교통사고,사고,(진출로갓길)소형화물차단독사고처리중,128.5799,35.9089,1540009800,-,Tuesday,평일
2025-09-09 14:16,경찰청,도시고속국도,70.0,강변북대로,구리 방향,공사,작업,<공사>::강변북로::장미맨션::동작대교북측::4차로::시설물보수 강변북로 한강대교북단→동작대교북단 구리 방향 ,126.975104,37.516142,1020000101,2025-09-09 14:46,Tuesday,평일
2025-09-09 17:15,한국도로공사,고속국도,30.0,청주영덕선,영덕 방향,기타돌발,고장,(갓길)소형화물차고장처리중,127.4793,36.5459,2700371100,-,Tuesday,평일
2025-09-09 18:36,경찰청,고속국도,1.0,경부고속도로,,교통사고,사고,<사고>::경부고속도로::양재IC::서초IC::3차로::::고장 차량  서울청,127.031693,37.472379,1210002900,2025-09-09 19:06,Tuesday,평일
2025-09-09 22:25,한국도로공사,고속국도,50.0,영동고속도로,인천 방향,기타돌발,고장,(갓길)승용고장차처리중,127.8164,37.2921,2511021700,-,Tuesday,평일
2025-09-09 22:44,한국도로공사,고속국도,55.0,중앙고속도로,부산 방향,기타돌발,고장,(1차로)승용차고장처리중,128.5456,36.0097,3690696200,-,Tuesday,평일
2025-09-09 23:32,한국도로공사,고속국도,45.0,중부내륙고속도로,양평 방향,기타돌발,고장,(갓길)화물차고장처리중,128.4897,35.4171,3910007301,-,Tuesday,평일
2025-09-09 2:32,한국도로공사,고속국도,551.0,중앙선지선,양산 방향,기상,강우,"빗길""주의""",129.0375,35.3322,3880011200,-,Tuesday,평일
2025-09-09 7:56,경찰청,고속국도,15.0,서해안고속도로,무안 방향,교통사고,사고,<사고>::서해안고속도로::매송IC남측::비봉IC::기점방향::4차로::고장 매송IC남측 → 비봉IC 서해안선 기점 ,126.8831,37.2485,2330060200,2025-09-09 8:26,Tuesday,평일
2025-09-09 8:29,경찰청,시군도,0.0,삼흥대로,삼거리 방향,교통사고,사고,"<사고>::침촌마을1길::장성동16052::장성동16052::주의운전::사고 - 포항 호동로, 포항 정비 삼거리에서 동촌교 삼거리 방향 폴리텍대학 정문 앞 1차로 승용차 간 추돌사고 처리완료.  ",129.378642,36.081949,3510135900,2025-09-09 8:33,Tuesday,평일
2025-09-10 10:45,경찰청,지방도,649.0,고운대로,,교통사고,사고,<사고>::고운로::제일의원앞교차로::글로리아진스커피::진행방향 전체차로::주의운전::교통사고 ,126.451095,36.782221,2890137500,2025-09-10 11:15,Wednesday,평일
2025-09-10 12:28,경찰청,특별광역시도,0.0,박상진대로,호반베르디움 방향,공사,작업,"<공사>::박상진1로::송정동213::송정동134::주의운전::공사 - 박상진1로 북부소방서-호반베르디움방향 2,3차로차단,크레인차동원한 공사중.
 ",129.365056,35.605456,1950324000,2025-09-10 12:32,Wednesday,평일
2025-09-10 12:46,한국도로공사,고속국도,100.0,수도권제1순환고속도로,판교-일산 방향,공사,작업,(4차로)시설물점거검작업완료,127.0202,37.3928,2260010000,2025-09-10 12:58,Wednesday,평일
2025-09-10 14:02,경찰청,특별광역시도,0.0,동서대로,,공사,작업,<공사>::지방도716호선::GS25김제교동::교동3791::1차로::주의운전::도로공사 ,126.878136,35.795449,3110188700,2025-09-10 14:32,Wednesday,평일
2025-09-10 15:05,경찰청,고속국도,100.0,서울외곽순환고속도로,서울 방향,공사,작업,<공사>::서울외곽순환고속도로::시흥IC동측::시흥IC서측::기점방향::1차로::작업 시흥IC동측 → 시흥IC서측 수도권제1순환선 기점 ,126.7974,37.4557,2240031800,2025-09-10 15:35,Wednesday,평일
2025-09-10 15:51,경찰청,일반국도,0.0,중앙대로,,공사,작업,<공사>::중앙로::해미교차로::해미교차로::1차로::주의운전::가로수 벌목 ,126.543638,36.708432,2890285501,2025-09-10 16:21,Wednesday,평일
2025-09-10 16:08,경찰청,일반국도,31.0,무룡대로,정자 방향,공사,작업,"<공사>::일반국도31호선::무룡터널::상연암교::주의운전::공사 - 무룡로 상방교차로에서 정자 방향, 무룡터널 1km 못 간 1차로 장비 동원한 중앙분리대 보수 공사 중, 차로 변경 주의. ",129.390641,35.578005,1950084600,2025-09-10 16:38,Wednesday,평일
2025-09-10 7:04,한국도로공사,고속국도,100.0,수도권제1순환고속도로,판교-구리 방향,기타돌발,차량증가/정체,차량증가/정체,127.1479,37.6063,2220751300,-,Wednesday,평일
2025-09-10 7:55,한국도로공사,고속국도,25.0,호남고속도로,순천 방향,공사,작업,(1차로)표지판철거작업중,127.0537,35.8746,3060642700,2025-09-10 12:32,Wednesday,평일
2025-09-10 9:11,국도통합센터,일반국도,4.0,국도4호선,부안 방향,공사,시설물보수작업,,126.86954,36.26233,2940104400,2025-09-10 19:00,Wednesday,평일
2025-09-10 9:16,한국도로공사,고속국도,20.0,대구포항선,포항 방향,공사,작업,(2차로)도평터널소방설비점검작업중,128.6873,35.9365,1510046300,-,Wednesday,평일
2025-09-11 10:14,경찰청,고속국도,130.0,인천국제공항고속도로,서울 방향,공사,작업,"<공사>::인천국제공항고속도로::금산IC서측::금산IC동측::주의운전::공사 -  인천국제공항고속도로 서울방향, 영종대교를 500m 정도 못 간 지점 3,4차로 막고 공사 중. 뒤로 오는 차량들 정체.  ",126.527101,37.512396,1610006401,2025-09-11 10:44,Thursday,평일
2025-09-11 11:37,경찰청,고속국도,1.0,경부고속도로,부산 방향,교통사고,사고,<사고>::경부고속도로::대림육교::동구경산시::기점방향::::고장 대림육교 → 동구경산시 경부선 기점 ,128.7514,35.8712,1510596700,2025-09-11 12:07,Thursday,평일
2025-09-11 11:57,한국도로공사,고속국도,35.0,중부고속도로,하남 방향,공사,작업,(갓길)시설물설치작업중,127.4224,36.6559,2710656700,-,Thursday,평일
2025-09-11 14:37,한국도로공사,고속국도,30.0,청주영덕선,청주 방향,기타돌발,고장,(2차로)대형화물차고장처리중,127.5577,36.5119,2700363600,-,Thursday,평일
2025-09-11 14:47,경찰청,시군도,0.0,직지대로,봉정사거리 방향,교통사고,사고,"<사고>::흥덕로::다이아덴트청주공장::봉정사거리::주의운전::사고 - 직지대로, 솔밭공원사거리에서 봉정사거리 방향, 봉정사거리 100m 못 간 3,4차로에 승용차 2대 추돌 사고가 났음, 견인차, 경찰 도착해 사고 처리 중임.  ",127.452034,36.64343,2710123600,2025-09-11 14:59,Thursday,평일
2025-09-11 16:45,경찰청,고속국도,50.0,영동고속도로,강릉 방향,교통사고,사고,<사고>::영동고속도로::진부IC::대관령IC::종점방향::::사고 진부IC → 대관령IC 영동선 종점 ,128.6671,37.6859,2600034801,2025-09-11 17:15,Thursday,평일
2025-09-11 18:26,경찰청,특별광역시도,0.0,달서대로,신당네거리 방향,교통사고,사고,<사고>::달서대로::호림네거리::NH농협은행성서기업금R::주의운전::사고 - <사고최초>달서대로 호림네거리에서 신당네거리방향 삼성물류센터 앞 교차로 100m 지난 지점 1차로 승용차 추돌사고.  ,128.491951,35.843161,1560051000,2025-09-11 18:56,Thursday,평일
2025-09-11 19:02,한국도로공사,고속국도,30.0,당진대전선,당진 방향,공사,작업,(갓길)노면보수작업중,128.3237,36.375,1860639000,-,Thursday,평일
2025-09-11 21:12,한국도로공사,고속국도,600.0,부산외곽선,창원 방향,공사,작업,(1차로)시설물교체작업중,129.1003,35.2879,1400198300,-,Thursday,평일
2025-09-11 21:43,한국도로공사,고속국도,15.0,서해안고속도로,목포 방향,기타돌발,고장,(갓길)승용차고장처리중,126.8974,37.4325,2130001401,2025-09-12 0:41,Thursday,평일
2025-09-11 22:13,한국도로공사,고속국도,45.0,중부내륙고속도로,창원 방향,공사,작업,(2차로)터널등LED교체작업중,127.8917,36.8937,2800540300,-,Thursday,평일
2025-09-11 5:49,경찰청,고속국도,45.0,중부내륙고속도로,양평 방향,공사,작업,<공사>::중부내륙고속도로::상주터널::낙동Jct::종점방향::2차로::작업 상주터널 → 낙동Jct 중부내륙선 종점 ,128.2394,36.3752,3580008402,2025-09-11 6:19,Thursday,평일
2025-09-11 7:44,경찰청,고속국도,40.0,평택제천고속도로,제천 방향,교통사고,사고,<사고>::평택제천고속도로::평택터널동측::송탄IC서측::종점방향::3차로::장애물 평택터널동측 → 송탄IC서측 평택제천선 종점 ,127.0768,37.029,2140685800,2025-09-11 8:14,Thursday,평일
2025-09-11 9:12,경찰청,고속국도,35.0,중부고속도로,하남 방향,공사,작업,<공사>::중부고속도로::호법JC남측::호법JC북측::종점방향::2차로::작업 호법JC남측 → 호법JC북측 중부선 종점 ,127.4255,37.2407,2300019400,2025-09-11 9:42,Thursday,평일
2025-09-12 12:24,한국도로공사,고속국도,141.0,함양울산고속도로,밀양JC 방향,기상,강우,"빗길""주의""",128.5145,35.465,-,-,Friday,평일
2025-09-12 13:33,한국도로공사,고속국도,45.0,중부내륙고속도로,창원 방향,기상,강우,"빗길""주의""",128.4313,35.6813,1570887800,-,Friday,평일
2025-09-12 15:21,한국도로공사,고속국도,15.0,서해안고속도로,목포 방향,교통사고,사고,(1차로)승용차사고처리중,126.8036,36.943,3000039202,-,Friday,평일
2025-09-12 18:25,한국도로공사,고속국도,100.0,수도권제1순환고속도로,판교-일산 방향,기상,강우,"빗길""주의""",127.0946,37.4058,2060010800,-,Friday,평일
2025-09-12 23:37,한국도로공사,고속국도,10.0,남해고속도로,순천 방향,교통사고,사고,(광장부)승용차단독사고처리중,128.1213,35.1609,3810016200,2025-09-12 23:56,Friday,평일
2025-09-12 7:21,한국도로공사,고속국도,20.0,대구포항선,대구 방향,교통사고,사고,(3차로)화물차사고처리완료,129.0149,36.0544,3570438200,2025-09-12 8:08,Friday,평일
2025-09-12 7:34,한국도로공사,고속국도,1.0,경부고속도로,부산 방향,기타돌발,차량증가/정체,차량증가/정체,129.049,35.3707,3880407800,-,Friday,평일
2025-09-12 7:56,한국도로공사,고속국도,451.0,중부내륙지선,창원 방향,기타돌발,고장,(갓길)화물차고장처리중,128.5101,35.8192,1560303101,-,Friday,평일
2025-09-12 9:50,경찰청,특별광역시도,0.0,강변대로,양 방향,공사,작업,<공사>::강변로::강변고가교::풍덕교::주의운전::공사 - 순천 팔마로 역전에서 아랫장사거리 양방향 풍덕교 못 간 지점 2차로 공사 ,127.496438,34.945795,3260106600,2025-09-12 9:55,Friday,평일
2025-09-13 10:32,한국도로공사,고속국도,151.0,서천공주고속도로,공주 방향,교통사고,사고,(2차로)화물차사고처리중,126.7742,36.0745,2950033300,-,Saturday,주말
2025-09-13 10:43,경찰청,시군도,0.0,만안대로,,공사,작업,<공사>::만안로::카센터골목삼거리::안양역로터리::1차로::주의운전::지하 시설 작업 ,126.922234,37.401294,2080033600,2025-09-13 11:13,Saturday,주말
2025-09-13 12:56,경찰청,고속국도,20.0,익산포항고속도로,포항 방향,교통사고,사고,<사고>::새만금포항고속도로::화남터널동측::임고하이패스IC서측::종점방향::::고장 화남터널동측 → 임고하이패스IC서측 대구포항선 종점 ,128.9783,36.0542,3570438200,2025-09-13 13:26,Saturday,주말
2025-09-13 21:41,한국도로공사,고속국도,10.0,남해고속도로,순천 방향,기타돌발,고장,(갓길)승용차고장처리중,128.6789,35.2753,4140158800,-,Saturday,주말
2025-09-14 15:22,한국도로공사,고속국도,15.0,서해안고속도로,목포 방향,기타돌발,차량증가/정체,차량증가/정체,126.8837,37.1197,2330014500,-,Sunday,주말
2025-09-14 15:48,한국도로공사,고속국도,251.0,호남지선,논산 방향,기타돌발,차량증가/정체,차량증가/정체,127.3139,36.2991,1860332500,-,Sunday,주말
2025-09-14 23:14,한국도로공사,고속국도,1.0,경부고속도로,부산 방향,기타돌발,고장,(진출로갓길)고장차처리중,127.1003,37.3992,2060010300,-,Sunday,주말
2025-09-15 10:42,한국도로공사,고속국도,1.0,경부고속도로,서울 방향,공사,작업,(1차로)교통시설물설치작업중,129.1555,35.6249,1960037606,-,Monday,평일
2025-09-15 11:22,경찰청,일반국도,0.0,경춘대로,,공사,작업,<공사>::일반국도46호선::하감교::하천교차로::1차로::주의운전::유지보수 ,127.436415,37.757188,2390107600,2025-09-15 17:00,Monday,평일
2025-09-15 12:01,한국도로공사,고속국도,10.0,남해고속도로,부산 방향,기상,강우,"빗길""주의""",127.7717,34.9861,3280603700,-,Monday,평일
2025-09-15 14:47,한국도로공사,고속국도,10.0,남해고속도로,순천 방향,기타돌발,차량증가/정체,(갓길)화물차고장처리중,128.0965,35.1247,3810002500,-,Monday,평일
2025-09-15 14:50,경찰청,고속국도,65.0,울산포항고속도로,울산 방향,교통사고,사고,<사고>::동해고속도로::범서IC남측::두산교북측::기점방향::::고장 범서IC남측 → 두산교북측 동해선(부산-포항) 기점 ,129.2822,35.6145,1960251100,2025-09-15 15:20,Monday,평일
2025-09-15 18:00,한국도로공사,고속국도,1.0,경부고속도로,서울 방향,기타돌발,고장,(1차로)대형화물차고장처리중,127.4622,36.3527,1830184000,-,Monday,평일
2025-09-15 21:11,한국도로공사,고속국도,1.0,경부고속도로,서울 방향,공사,작업,"(1,2차로)신출이음장치철거작업중",128.9151,35.9026,3570480900,-,Monday,평일
2025-09-16 13:14,경찰청,시군도,0.0,자명대로,,공사,작업,<공사>::자명로::유강교차로::자명리7356::1차로::주의운전::하수도/배수로 작업 ,129.304092,36.017627,3500161201,2025-09-16 13:44,Tuesday,평일
2025-09-16 15:14,경찰청,고속국도,12.0,무안광주고속도로,광주 방향,교통사고,사고,<사고>::무안광주고속도로::연산1교::황룡강교::종점방향::1차로::사고 연산1교 → 황룡강교 무안광주선 종점 ,126.7404,35.1263,1790192900,2025-09-16 15:44,Tuesday,평일
2025-09-16 15:20,한국도로공사,고속국도,1.0,경부고속도로,서울 방향,공사,작업,(2차로)차선도색이동작업중,129.1904,35.7099,1960037634,-,Tuesday,평일
2025-09-16 15:27,한국도로공사,고속국도,15.0,서해안고속도로,목포 방향,기타돌발,고장,(갓길)승용차고장처리중,126.8696,36.9921,2140955500,-,Tuesday,평일
2025-09-16 18:15,경찰청,고속국도,10.0,남해고속도로,영암 방향,공사,작업,<공사>::남해고속도로::진교IC::하동IC::기점방향::2차로::작업 진교IC → 하동IC 남해선(순천-부산) 기점 ,127.8958,35.0406,3940006501,2025-09-16 18:45,Tuesday,평일
2025-09-16 19:41,경찰청,고속국도,15.0,서해안고속도로,서울 방향,교통사고,사고,<사고>::서해안고속도로::평택시화성시::발안IC남측::종점방향::::고장 평택시화성시 → 발안IC남측 서해안선 종점 ,126.8875,37.0934,2334281900,2025-09-16 20:11,Tuesday,평일
2025-09-16 20:59,한국도로공사,고속국도,1.0,경부고속도로,서울 방향,기타돌발,고장,(갓길)화물차고장처리중,128.0546,36.1408,3530273400,-,Tuesday,평일
2025-09-16 7:35,한국도로공사,고속국도,15.0,서해안고속도로,서울 방향,공사,작업,(갓길)이동청소작업중,126.8714,37.3961,2240013000,-,Tuesday,평일
2025-09-17 11:32,한국도로공사,고속국도,1.0,경부고속도로,서울 방향,교통사고,사고,(3차로)승용차관련사고처리중,127.4647,36.3509,1830184000,-,Wednesday,평일
2025-09-17 21:07,한국도로공사,고속국도,1.0,경부고속도로,부산 방향,공사,작업,"(4,5차로)노면포장작업중",127.1413,37.0269,2140956500,-,Wednesday,평일
2025-09-17 5:30,경찰청,고속국도,35.0,중부고속도로,청주 방향,기상,기상,<기상>::중부고속도로::이천휴게소::표교리산3810::기점방향::::강우 이천휴게소 → 표교리산3810 중부선 기점 ,127.407,37.2627,2300032802,2025-09-17 5:36,Wednesday,평일
2025-09-17 7:01,경찰청,고속국도,50.0,영동고속도로,서창 방향,기상,기상,<기상>::영동고속도로::용인IC동측::용인IC서측::기점방향::::강우 용인IC동측 → 용인IC서측 영동선 기점 ,127.2046,37.2588,2430218600,2025-09-17 7:09,Wednesday,평일
2025-09-17 7:26,경찰청,특별광역시도,0.0,상화대로,수목원삼거리 방향,교통사고,사고,"<사고>::상화로::진천남네거리::진천동80977::주의운전::사고 - <사고최초>상화로 진천남네거리에서 수목원삼거리방향 진천남네거리 100mm 지난 지점 주유소 앞 가장자리차로 화물차, 승용차 접촉사고.-경찰관 나와 사고처리중.   ",128.525552,35.80841,1560107701,2025-09-17 7:34,Wednesday,평일
2025-09-17 9:12,경찰청,시군도,0.0,동천대로,호계문화센터 방향,공사,작업,"<공사>::수동1길::창평동125635::호계동895::주의운전::공사 - 수동1길, 한양수자인 후문- 호계문화센터 방향 전기 공사, 건물 공사도 하고 있음, 대형크렌인 많아 혼잡. ",129.36226,35.62239,1950422300,2025-09-17 9:18,Wednesday,평일
2025-09-18 11:05,한국도로공사,고속국도,65.0,동해고속도로,부산 방향,공사,작업,"(2차로,갓길)화물차고장처리중",129.4046,35.8627,3500788400,-,Thursday,평일
2025-09-18 13:36,한국도로공사,고속국도,551.0,중앙선지선,김해 방향,공사,작업,(갓길)이동청소작업중,128.9169,35.2242,3850594900,-,Thursday,평일
2025-09-18 17:39,한국도로공사,고속국도,29.0,세종포천고속도로,구리 방향,기타돌발,차량증가/정체,차량증가/정체,127.1642,37.525,-,-,Thursday,평일
2025-09-18 7:54,한국도로공사,고속국도,35.0,통영대전고속도로,대전 방향,공사,작업,(2차로)포장메꿈작업중,127.6298,35.797,3150026701,-,Thursday,평일
2025-09-18 8:00,한국도로공사,고속국도,15.0,서해안고속도로,서울 방향,공사,작업,(갓길)교량점검작업중,126.5845,36.4945,2870031900,-,Thursday,평일
2025-09-18 8:19,경찰청,고속국도,10.0,남해고속도로,부산 방향,공사,작업,<공사>::남해고속도로::진주IC::문산IC::종점방향::4차로::작업 진주IC → 문산IC 남해선(순천-부산) 종점 ,128.1518,35.1705,3810020701,2025-09-18 8:49,Thursday,평일
2025-09-18 8:19,한국도로공사,고속국도,10.0,남해고속도로,순천 방향,공사,작업,"(1,2차로)터널점검작업중",128.1518,35.1705,3810020701,-,Thursday,평일
2025-09-18 8:42,한국도로공사,고속국도,65.0,부산울산선,부산 방향,공사,작업,(갓길)이동풀베기작업중,129.2711,35.4223,1960217001,-,Thursday,평일
2025-09-18 8:42,한국도로공사,고속국도,1.0,경부고속도로,서울 방향,공사,작업,(갓길)통신시설물설치작업중,129.1011,35.2866,1400011103,-,Thursday,평일
2025-09-18 9:14,한국도로공사,고속국도,151.0,서천공주고속도로,공주 방향,공사,작업,(1차로)이동노면청소작업중,127.0632,36.4826,2860173000,-,Thursday,평일
2025-09-19 10:56,한국도로공사,고속국도,55.0,중앙고속도로,춘천 방향,교통사고,사고,(갓길)승용차관련사고처리중,128.9842,35.2438,3851176200,2025-09-19 11:28,Friday,평일
2025-09-19 12:02,한국도로공사,고속국도,110.0,제2경인고속도로,인천 방향,기상,강우,"빗길""주의""",126.6322,37.4463,1630000600,-,Friday,평일
2025-09-19 14:06,한국도로공사,고속국도,1.0,경부고속도로,부산 방향,교통사고,사고,(2차로)승용차관련사고처리중,129.0577,35.3968,3880025203,-,Friday,평일
2025-09-19 14:30,경찰청,고속국도,151.0,서천공주고속도로,서천 방향,교통사고,사고,<사고>::서천공주고속도로::지곡리4474::부여군청양군::기점방향::::고장 지곡리4474 → 부여군청양군 서천공주선 기점 ,126.9023,36.3445,2960230200,2025-09-19 15:00,Friday,평일
2025-09-19 14:46,경찰청,고속국도,55.0,중앙고속도로,부산 방향,교통사고,사고,<사고>::중앙고속도로::원주시제천시::제천IC::기점방향::::고장 원주시제천시 → 제천IC 중앙선 기점 ,128.1368,37.1456,2730612200,2025-09-19 15:16,Friday,평일
2025-09-19 19:21,한국도로공사,고속국도,12.0,광주대구고속도로,광주 방향,기타돌발,고장,(갓길)승용차고장처리중,127.7797,35.5401,3960018401,-,Friday,평일
2025-09-19 19:28,한국도로공사,고속국도,45.0,중부내륙고속도로,창원 방향,교통사고,사고,(1차로)승용차관련사고처리중,128.4385,35.6616,1570887800,-,Friday,평일
2025-09-19 22:22,경찰청,고속국도,45.0,중부내륙고속도로,창원 방향,교통사고,사고,<사고>::중부내륙고속도로::마원2교::문경새재IC::기점방향::::고장 마원2교 → 문경새재IC 중부내륙선 기점 ,128.0944,36.7246,3590028031,2025-09-19 22:52,Friday,평일
2025-09-19 8:08,한국도로공사,고속국도,10.0,남해고속도로,영암 방향,공사,작업,(2차로)시설물보수이동작업중,127.3523,34.8252,3330197400,2025-09-19 16:16,Friday,평일
2025-09-20 0:01,경찰청,고속국도,30.0,당진영덕고속도로,영덕 방향,기상,기상,<기상>::당진영덕고속도로::상주JC::동상주IC::종점방향::::강우 상주JC → 동상주IC 청주영덕선 종점 ,128.2826,36.3752,3580207001,2025-09-20 0:31,Saturday,주말
2025-09-20 11:27,한국도로공사,고속국도,551.0,중앙선지선,김해 방향,기타돌발,고장,(갓길)승용차고장처리중,128.987,35.2825,3850597300,-,Saturday,주말
2025-09-20 14:09,한국도로공사,고속국도,100.0,수도권제1순환고속도로,판교-일산 방향,공사,작업,(차로교대)긴급노면보수이동작업중,126.8046,37.6359,2180010000,-,Saturday,주말
2025-09-20 15:18,한국도로공사,고속국도,55.0,중앙고속도로,부산 방향,기상,강우,"빗길""주의""",127.8444,37.7034,2570015702,-,Saturday,주말
2025-09-20 3:41,경찰청,고속국도,15.0,서해안고속도로,무안 방향,교통사고,사고,<사고>::서해안고속도로::홍성IC::홍성IC::기점방향::::고장 홍성IC → 홍성IC 서해안선 기점 ,126.5605,36.5913,2970015000,2025-09-20 4:11,Saturday,주말
2025-09-20 5:03,한국도로공사,고속국도,50.0,영동고속도로,인천 방향,기타돌발,장애물,"(2차로,갓길)장애물(수목전도)처리중",127.6999,37.2537,2370603600,-,Saturday,주말
2025-09-20 6:26,한국도로공사,고속국도,50.0,영동고속도로,인천 방향,기타돌발,차량증가/정체,차량증가/정체,127.1505,37.2894,2440174100,-,Saturday,주말
2025-09-20 7:06,한국도로공사,고속국도,55.0,중앙고속도로,춘천 방향,기타돌발,고장,(2차로)화물차고장처리중,128.2282,37.0484,2820018301,-,Saturday,주말
2025-09-20 7:45,한국도로공사,고속국도,1.0,경부고속도로,서울 방향,기타돌발,차량증가/정체,차량증가/정체,127.407,36.6069,2710586100,-,Saturday,주말
2025-09-20 9:26,경찰청,고속국도,100.0,서울외곽순환고속도로,,교통사고,사고,<사고>::서울외곽순환고속도로::내곡동2545::일산IC::2차로::0km(방향)::주의운전::고장 차량 ,126.798213,37.636597,2180332000,2025-09-20 9:56,Saturday,주말
2025-09-20 9:36,한국도로공사,고속국도,15.0,서해안고속도로,목포 방향,교통사고,사고,(진출로1차로)단독사고처리중,126.5715,36.3361,2870019412,-,Saturday,주말
2025-09-20 9:44,한국도로공사,고속국도,100.0,수도권제1순환고속도로,판교-구리 방향,기타돌발,차량증가/정체,차량증가/정체,127.1567,37.5906,2210002801,-,Saturday,주말
2025-09-21 11:17,한국도로공사,고속국도,15.0,서해안고속도로,목포 방향,기타돌발,차량증가/정체,차량증가/정체,126.8864,37.0845,2334281900,-,Sunday,주말
2025-09-21 12:07,한국도로공사,고속국도,1.0,경부고속도로,서울 방향,기타돌발,고장,(갓길)승용차고장처리중,127.348,36.7148,2710684200,-,Sunday,주말
2025-09-21 12:28,경찰청,국가지원지방도,31.0,해운대로,올림픽교차로 방향,교통사고,사고,"<사고>::해운대로::우동10812::올림픽교차로::주의운전::사고 - 해운대로 승당삼거리 에서 올림픽교차로방향, 승당삼거리 지난 지점 가장자리 차로에 승용차 2대 추돌 사고, 뒤로 지체. ",129.141126,35.166557,1380033502,2025-09-21 12:31,Sunday,주말
2025-09-21 12:48,한국도로공사,고속국도,15.0,서해안고속도로,목포 방향,기타돌발,차량증가/정체,차량증가/정체,126.8929,37.2683,2330060300,-,Sunday,주말
2025-09-21 13:23,한국도로공사,고속국도,35.0,중부고속도로,남이 방향,기타돌발,차량증가/정체,차량증가/정체,127.4412,37.1363,2310800100,-,Sunday,주말
2025-09-21 15:52,한국도로공사,고속국도,50.0,영동고속도로,강릉 방향,기타,보행자,(갓길)보행자확인중,126.7672,37.3749,2240008602,-,Sunday,주말
2025-09-21 15:54,경찰청,시군도,0.0,서촌대로,송추 방향,교통사고,사고,"<사고>::서촌로20번길::송내고등학교::송내동712::주의운전::사고 - <사고> 수도권제1순환고속도로 송추방향, 송내나들목 4차로에서 승용차관련 사고처리 중. ",126.747213,37.487628,2420210400,2025-09-21 15:58,Sunday,주말
2025-09-21 16:10,한국도로공사,고속국도,25.0,호남고속도로,순천 방향,교통사고,사고,(갓길)승용차관련사고처리중,127.1001,35.955,3080414400,-,Sunday,주말
2025-09-22 10:47,한국도로공사,고속국도,60.0,서울양양고속도로,양양 방향,교통사고,사고,(1차로)승용차관련사고처리중,127.59,37.7255,2570631200,-,Monday,평일
2025-09-22 12:37,한국도로공사,고속국도,104.0,남해고속도로제2지선,서부산 방향,공사,작업,"(2,3차로)긴급포장메꿈작업중",128.9715,35.1526,1440000300,-,Monday,평일
2025-09-22 13:16,한국도로공사,고속국도,15.0,서해안고속도로,목포 방향,기타돌발,차량증가/정체,차량증가/정체,126.8951,37.4246,2130000700,-,Monday,평일
2025-09-22 13:29,한국도로공사,고속국도,50.0,영동고속도로,강릉 방향,공사,작업,(갓길)풀베기이동작업중,127.0468,37.3017,2030004700,-,Monday,평일
2025-09-22 18:30,한국도로공사,고속국도,300.0,대전남부선,서대전 방향,기타돌발,차량증가/정체,차량증가/정체,127.3161,36.2941,1860336000,-,Monday,평일
2025-09-22 18:54,경찰청,고속국도,15.0,서해안고속도로,무안 방향,교통사고,사고,<사고>::서해안고속도로::발안IC남측::평택시화성시::기점방향::::고장 발안IC남측 → 평택시화성시 서해안선 기점 ,126.8895,37.0639,2334282000,2025-09-22 19:24,Monday,평일
2025-09-22 5:24,한국도로공사,고속국도,110.0,제2경인고속도로,성남 방향,기타돌발,고장,(갓길)승용차고장처리중,126.89,37.4246,2130001100,-,Monday,평일
2025-09-22 7:32,경찰청,일반국도,22.0,상무대로,,공사,작업,<공사>::일반국도22호선::공항입구교차로::공항역4번출구::4차로::주의운전::도로공사 ,126.811265,35.14415,1790226500,2025-09-22 18:02,Monday,평일
2025-09-23 13:11,경찰청,일반국도,31.0,명륜대로,태화교 방향,교통사고,사고,"<사고>::명륜로::태화로터리::태화교::주의운전::사고 - 태화로터리 내부, 태화교 방향 3~4차로 트레일러차, 승용차 접촉사고, 혼잡. ",129.308192,35.549036,1930006500,2025-09-23 13:17,Tuesday,평일
2025-09-23 13:36,경찰청,고속국도,1.0,경부고속도로,부산 방향,공사,작업,<공사>::경부고속도로::전읍교남측::언양휴게소::기점방향::::작업 전읍교남측 → 언양휴게소 경부선 기점 ,129.1446,35.6064,1960037606,2025-09-23 14:06,Tuesday,평일
2025-09-23 14:11,경찰청,특별광역시도,0.0,달서대로,,공사,작업,<공사>::달서대로::유천초등학교::유천교네거리::1차로::주의운전::지하 시설 작업 ,128.514621,35.811565,1560302004,2025-09-23 14:41,Tuesday,평일
2025-09-23 15:27,한국도로공사,고속국도,100.0,수도권제1순환고속도로,판교-일산 방향,기타돌발,차량증가/정체,불암산요금소(35K)-불암산터널(38K)3km정체,127.1331,37.6396,2210010100,-,Tuesday,평일
2025-09-23 16:11,한국도로공사,고속국도,100.0,수도권제1순환고속도로,판교-구리 방향,기타돌발,차량증가/정체,통일로(61K)-노고1터널(54K)7km정체,126.8805,37.6745,2180388401,-,Tuesday,평일
2025-09-23 17:45,한국도로공사,고속국도,1.0,경부고속도로,서울 방향,기타돌발,고장,(갓길)승용차고장처리중,128.4105,36.0425,3690148100,-,Tuesday,평일
2025-09-23 20:03,한국도로공사,고속국도,35.0,중부고속도로,남이 방향,공사,작업,(1차로)중분대시선유도도장작업중,127.5073,36.798,2790616300,-,Tuesday,평일
2025-09-23 7:11,한국도로공사,고속국도,100.0,수도권제1순환고속도로,판교-구리 방향,기타돌발,차량증가/정체,차량증가/정체,127.1479,37.6063,2220751300,-,Tuesday,평일
2025-09-23 9:03,경찰청,시군도,0.0,산단대로,,공사,작업,<공사>::상단로::유주테크::원시역::1차로::주의운전::도로공사 ,126.786491,37.301454,2170023900,2025-09-23 9:33,Tuesday,평일
2025-09-23 9:21,경찰청,시군도,0.0,정조대로,,공사,작업,<공사>::일반국도42호선::중동사거리::교동사거리::3차로::주의운전::가로수 벌목 ,127.016393,37.273023,2020002300,2025-09-23 9:51,Tuesday,평일
2025-09-23 9:46,한국도로공사,고속국도,45.0,중부내륙고속도로,양평 방향,공사,작업,(갓길)승용차고장처리중,128.1561,36.613,3590599300,-,Tuesday,평일
2025-09-23 9:54,경찰청,고속국도,100.0,서울외곽순환고속도로,서울 방향,공사,작업,<공사>::서울외곽순환고속도로::시흥IC동측::시흥IC서측::기점방향::3차로::작업 시흥IC동측 → 시흥IC서측 수도권제1순환선 기점 ,126.7974,37.4557,2240031800,2025-09-23 10:24,Tuesday,평일
2025-09-24 10:52,경찰청,고속국도,7000.0,대구외곽순환고속도로,상매 방향,공사,작업,<공사>::대구외곽순환고속도로::칠곡JC::이언천교(서측)::주의운전::공사 - 대구외곽순환고속도로 상매방향 칠곡갈림목 2km 못간 지점 갓길 작업중. ,128.491559,35.90752,3690709301,2025-09-24 11:22,Wednesday,평일
2025-09-24 13:18,경찰청,고속국도,15.0,서해안고속도로,서울 방향,공사,작업,<공사>::서해안고속도로::춘장대IC::보령시서천군::종점방향::1차로::작업 춘장대IC → 보령시서천군 서해안선 종점 ,126.6008,36.1691,2950193000,2025-09-24 13:48,Wednesday,평일
2025-09-24 14:02,한국도로공사,고속국도,110.0,제2경인고속도로,성남 방향,기타돌발,차량증가/정체,차량증가/정체,126.912,37.4255,2080108700,-,Wednesday,평일
2025-09-24 15:41,한국도로공사,고속국도,1.0,경부고속도로,서울 방향,기타돌발,고장,(갓길)화물차고장처리완료,128.4002,36.0642,3690148100,2025-09-24 16:03,Wednesday,평일
2025-09-24 15:52,경찰청,고속국도,35.0,통영대전고속도로,통영 방향,교통사고,사고,<사고>::통영대전고속도로::서상IC::함양터널::기점방향::::고장 서상IC → 함양터널 통영대전선 기점 ,127.7533,35.6186,3960025901,2025-09-24 16:22,Wednesday,평일
2025-09-24 16:36,한국도로공사,고속국도,12.0,광주대구고속도로,대구 방향,기상,강우,"빗길""주의""",127.1338,35.3637,3170250100,-,Wednesday,평일
2025-09-24 9:23,경찰청,도시고속국도,112.0,수석호평도시고속도로,,공사,작업,<공사>::수석호평도시고속화도로::백봉터널::백봉터널::1차로::주의운전::도로공사 ,127.22928,37.622488,2220254700,2025-09-24 9:53,Wednesday,평일
2025-09-24 9:33,경찰청,특별광역시도,0.0,달서대로,,공사,작업,<공사>::달서대로1길::유천초등학교::유천동54238::4차로::주의운전::고가 시설 작업 ,128.511894,35.812946,1560372000,2025-09-24 13:03,Wednesday,평일
2025-09-24 9:40,한국도로공사,고속국도,60.0,서울양양고속도로,서울 방향,기타돌발,장애물,(3차로)장애물처리중,127.2292,37.5958,2220221600,-,Wednesday,평일
2025-09-25 13:07,한국도로공사,고속국도,45.0,중부내륙고속도로,양평 방향,기타돌발,장애물,(1차로)장애물(타이어)처리중,128.235,36.4005,3580008304,-,Thursday,평일
2025-09-25 15:01,한국도로공사,고속국도,1.0,경부고속도로,서울 방향,공사,작업,"(진,출입로)차선도색작업중",127.1037,37.2822,2440120000,-,Thursday,평일
2025-09-25 16:14,경찰청,시군도,0.0,별내대로,,공사,작업,<공사>::해망로::내항사거리::해망로224::3차로::주의운전::고가 시설 작업 ,126.713607,35.989696,3070220500,2025-09-25 16:44,Thursday,평일
2025-09-26 11:09,한국도로공사,고속국도,130.0,인천공항선,서울 방향,공사,작업,(1차로)중분대가드레일교체,126.4857,37.4715,1610003000,-,Friday,평일
2025-09-26 13:20,경찰청,고속국도,110.0,제2경인고속도로,신천IC 방향,교통사고,사고,<사고>::제2경인고속도로::안현JC서측::신천IC동측::5차로::10.1km(신천IC방향)::주의운전::차량고장 ,126.811268,37.434613,2240017200,2025-09-26 13:50,Friday,평일
2025-09-26 19:13,경찰청,지방도,1030.0,남해안대로,상점교차로 방향,교통사고,사고,"<사고>::남해안대로::상복교차로::남지교차로::주의운전::사고 - (동일)지방도1030호선 불모산터널에서 상점교차로방향 상점교차로 지점 2차로, 안전지대  이동 후 승용차 관련 사고 처리 중, 뒤로 정체. ",128.672714,35.193742,4150030600,2025-09-26 19:16,Friday,평일
2025-09-26 8:18,한국도로공사,고속국도,15.0,서해안고속도로,목포 방향,공사,작업,(2차로)구조물안전진단작업중,126.5602,36.5921,2970014900,-,Friday,평일
2025-09-26 9:31,한국도로공사,고속국도,30.0,당진대전선,당진 방향,공사,작업,(차로교대)노면보수이동작업중,126.972,36.5675,2860170600,-,Friday,평일
2025-09-26 9:39,한국도로공사,고속국도,15.0,서해안고속도로,서울 방향,공사,작업,(진입로1차로)차선도색작업중,126.8878,37.0755,2334282000,-,Friday,평일
2025-09-27 10:58,경찰청,도시고속국도,61.0,동부간선도대로,,교통사고,사고,<사고>::동부간선도로::성동교::장안철교::3차로::::고장 차량  서울청,127.051921,37.55157,1030002002,2025-09-27 11:28,Saturday,주말
2025-09-27 11:17,한국도로공사,고속국도,15.0,서해안고속도로,목포 방향,교통사고,사고,(1차로)승용차관련사고처리중,126.8875,37.0934,2334281900,-,Saturday,주말
2025-09-27 12:19,경찰청,고속국도,100.0,서울외곽순환고속도로,서울 방향,교통사고,사고,<사고>::서울외곽순환고속도로::의왕청계휴게소::성남시분당구의왕시::종점방향::1차로::사고 의왕청계휴게소 → 성남시분당구의왕시 수도권제1순환선 종점 ,127.0314,37.3935,2260139900,2025-09-27 12:23,Saturday,주말
2025-09-27 13:21,한국도로공사,고속국도,50.0,영동고속도로,인천 방향,기타돌발,차량증가/정체,차량증가/정체,126.9071,37.3226,2250001300,-,Saturday,주말
2025-09-27 15:41,국도통합센터,일반국도,34.0,국도34호선,영덕 방향,기타돌발,지정체,,126.89057,36.87321,2884191501,2025-09-27 18:46,Saturday,주말
2025-09-27 16:03,한국도로공사,고속국도,50.0,영동고속도로,인천 방향,기타,이륜차,(갓길)오토바이처리중,126.8064,37.3506,2170017100,-,Saturday,주말
2025-09-27 16:23,한국도로공사,고속국도,35.0,중부고속도로,남이 방향,기타돌발,고장,(갓길)고장차처리중,127.2272,37.5078,2270000902,-,Saturday,주말
2025-09-27 17:14,경찰청,고속국도,151.0,서천공주고속도로,공주 방향,교통사고,사고,<사고>::서천공주고속도로::용봉2교::보흥1교::종점방향::::고장 용봉2교 → 보흥1교 서천공주선 종점 ,127.0627,36.4605,2861050700,2025-09-27 17:44,Saturday,주말
2025-09-27 8:10,경찰청,고속국도,40.0,평택제천고속도로,제천 방향,교통사고,사고,<사고>::평택제천고속도로::금왕꽃동네IC::봉곡교::종점방향::::고장 금왕꽃동네IC → 봉곡교 평택제천선 종점 ,127.5639,36.9563,2810053300,2025-09-27 8:40,Saturday,주말
2025-09-27 9:13,경찰청,시군도,0.0,고읍대로,,공사,작업,<공사>::고읍로::고읍지구대::EV충전소양주시광사동N::1차로::주의운전::하수도/배수로 작업 ,127.083356,37.794396,2350161700,2025-09-27 9:43,Saturday,주말
2025-09-28 0:42,한국도로공사,고속국도,1.0,경부고속도로,부산 방향,기상,강우,"빗길""주의""",128.0013,36.2031,3530271400,-,Sunday,주말
2025-09-28 10:57,경찰청,도시고속국도,88.0,올림픽대로,김포 방향,기상,기상,<기상>::김포한강로::개화IC::개화IC::1차로::물고임 올림픽대로 방화대교남단→행주대교남단 김포 방향 ,126.803757,37.592382,1150006600,2025-09-28 11:27,Sunday,주말
2025-09-28 11:28,경찰청,고속국도,1.0,경부고속도로,서울 방향,교통사고,사고,"<사고>::경부고속도로::기흥동탄IC::기흥동탄IC::주의운전::사고 - 경부고속도로 서울방향, 기흥동탄나들목 진출로에서 사고처리 중.  ",127.097309,37.216892,2334288800,2025-09-28 11:32,Sunday,주말
2025-09-28 12:18,경찰청,고속국도,50.0,영동고속도로,강릉 방향,교통사고,사고,<사고>::영동고속도로::동수원IC동측::수원시영통구용인시기::종점방향::2차로::사고 동수원IC동측 → 수원시영통구용인시기 영동선 종점 ,127.0514,37.2991,2030327600,2025-09-28 12:48,Sunday,주말
2025-09-28 18:00,한국도로공사,고속국도,35.0,중부고속도로,남이 방향,기타돌발,고장,(갓길)승용차고장처리중,127.4255,37.2407,2300019400,-,Sunday,주말
2025-09-28 18:57,경찰청,고속국도,35.0,통영대전고속도로,대전 방향,교통사고,사고,<사고>::통영대전고속도로::금산IC::인삼랜드휴게소::종점방향::::고장 금산IC → 인삼랜드휴게소 통영대전선 종점 ,127.4989,36.1522,2920013502,2025-09-28 19:27,Sunday,주말
2025-09-28 9:28,한국도로공사,고속국도,12.0,광주대구고속도로,광주 방향,기상,강우,"빗길""주의""",127.7494,35.5329,3960015200,-,Sunday,주말
2025-09-29 12:04,경찰청,고속국도,120.0,경인고속도로,서울 방향,공사,작업,<공사>::경인고속도로::서운JC동측::부천IC서측::종점방향::1차로::작업 서운JC동측 → 부천IC서측 경인선 종점 ,126.7543,37.5241,2420062200,2025-09-29 12:09,Monday,평일
2025-09-29 17:38,경찰청,고속국도,30.0,당진영덕고속도로,영덕 방향,교통사고,사고,<사고>::당진영덕고속도로::정안천교::정안천교::종점방향::::고장 정안천교 → 정안천교 당진대전선 종점 ,127.1294,36.4951,2860170102,2025-09-29 18:08,Monday,평일
2025-09-29 19:01,경찰청,고속국도,1.0,경부고속도로,서울 방향,공사,작업,<공사>::경부고속도로::건천IC::경주터널남측::종점방향::3차로::작업 건천IC → 경주터널남측 경부선 종점 ,129.0708,35.8652,3520811800,2025-09-29 19:31,Monday,평일
2025-09-29 7:03,경찰청,고속국도,45.0,중부내륙고속도로,여주 방향,공사,작업,<공사>::중부내륙고속도로::낙동Jct::낙동Jct::주의운전::공사 - 중부내륙고속도로 여주방향 낙동갈림목부근(137.5K)-낙동갈림목(138.3K)(2차로)표지판철거작업중[2025-09-29 06:29- ] ,128.239129,36.366094,3580008403,2025-09-29 7:07,Monday,평일
2025-09-29 7:50,경찰청,시군도,0.0,동해안대로,,공사,작업,<공사>::동해안로::제철동행정복지센터::동촌동7011::1차로::주의운전::도로공사 ,129.393709,35.994711,3500010000,2025-09-29 8:20,Monday,평일
2025-09-29 8:06,경찰청,고속국도,65.0,울산포항고속도로,포항 방향,교통사고,사고,<사고>::동해고속도로::해운대TG::기장일광IC남측::종점방향::::사고 해운대TG → 기장일광IC남측 부산울산선 종점 ,129.2023,35.2458,1450064900,2025-09-29 8:36,Monday,평일
2025-09-29 8:38,경찰청,고속국도,30.0,당진영덕고속도로,영덕 방향,공사,작업,<공사>::당진영덕고속도로::차동고개로262::녹천리2866::종점방향::2차로::작업 차동고개로262 → 녹천리2866 당진대전선 종점 ,126.9379,36.58,2860169200,2025-09-29 9:08,Monday,평일
2025-09-30 13:16,한국도로공사,고속국도,15.0,서해안고속도로,서울 방향,공사,작업,(갓길)이동청소작업중,126.8714,37.3961,2240013000,-,Tuesday,평일
2025-09-30 13:33,한국도로공사,고속국도,10.0,남해고속도로,순천 방향,기타돌발,고장,(갓길)대형화물차고장처리중,128.9122,35.2246,3850594200,-,Tuesday,평일
2025-09-30 15:40,한국도로공사,고속국도,100.0,수도권제1순환고속도로,판교-일산 방향,교통사고,사고,(2차로)사고처리완료,126.7519,37.5328,1670002900,2025-09-30 15:46,Tuesday,평일
2025-09-30 20:25,한국도로공사,고속국도,50.0,영동고속도로,강릉 방향,공사,작업,"(1,2차로)노면포장작업중",127.4995,37.245,2300699200,-,Tuesday,평일
2025-09-30 22:56,한국도로공사,고속국도,50.0,영동고속도로,인천 방향,기타돌발,고장,(갓길)승용차고장처리중,126.7443,37.3945,2240011300,-,Tuesday,평일
2025-09-30 5:50,한국도로공사,고속국도,100.0,수도권제1순환고속도로,판교-일산 방향,기타돌발,차량증가/정체,차량증가/정체,126.752,37.5265,1670002400,-,Tuesday,평일
2025-09-30 6:25,한국도로공사,고속국도,100.0,수도권제1순환고속도로,판교-구리 방향,기타돌발,차량증가/정체,차량증가/정체,126.7974,37.4557,2240031800,-,Tuesday,평일
2025-09-30 7:53,경찰청,고속국도,551.0,중앙고속도로지선,김해 방향,교통사고,사고,<사고>::중앙고속도로지선::물금IC::물금IC::기점방향::::고장 물금IC → 물금IC 중앙선지선 기점 ,129.0115,35.3055,3880003200,2025-09-30 8:23,Tuesday,평일
2025-09-30 9:11,한국도로공사,고속국도,25.0,호남고속도로,논산 방향,기타,보행자,(갓길)보행자처리중,126.7969,35.4739,3090167800,-,Tuesday,평일
2025-09-30 9:15,경찰청,지방도,1132.0,일주동대로,성산 방향,교통사고,사고,"<사고>::일주동로::김녕입구::만장굴입구교차로::주의운전::사고 - 일주동로, 함덕 -성산 방향, 만장굴 500m 못간 지점 1차로, 승용차 간 추돌사고, 경찰 수습 중, 주의운전 바람.  ",126.771753,33.55059,4050608700,2025-09-30 9:21,Tuesday,평일
2025-09-30 9:57,한국도로공사,고속국도,60.0,서울양양고속도로,서울 방향,공사,작업,(1차로)중분대보수작업중,127.8862,37.7554,2570056102,-,Tuesday,평일
2025-10-01 10:09,경찰청,고속국도,7000.0,대구외곽순환고속도로,부산 방향,공사,작업,"<공사>::대구외곽순환고속도로::칠곡JC::이언천교(서측)::주의운전::공사 - 경부고속도로 부산방향 칠곡갈림목 부근 145KM 지점 3,4차로 막고 차선 긋는 작업중. -뒤로 지체, 서행. ",128.491559,35.90752,3690709301,2025-10-01 10:20,Wednesday,평일
2025-10-01 10:49,경찰청,고속국도,104.0,남해고속도로제2지선,부산 방향,교통사고,사고,<사고>::남해고속도로제2지선::서낙동강교동측::서부산IC::종점방향::4차로::장애물 서낙동강교동측 → 서부산IC 남해2지선 종점 ,128.9328,35.1592,1410009500,2025-10-01 11:19,Wednesday,평일
2025-10-01 11:00,경찰청,일반국도,26.0,번영대로,옥교사거리 방향,교통사고,사고,"<사고>::번영로::울산교사거리::번영교남교차로::주의운전::사고 - 번영로, KBS사거리 에서 옥교사거리 방향 번영교위5차로 승용차2대추돌사고 처리중.  ",129.32327,35.550404,1920186300,2025-10-01 11:30,Wednesday,평일
2025-10-01 11:05,경찰청,고속국도,65.0,동해고속도로,부산 방향,공사,작업,<공사>::동해고속도로::강릉JC::위촌1교::기점방향::2차로::작업 강릉JC → 위촌1교 동해선(삼척-속초) 기점 ,128.8364,37.7671,2520026500,2025-10-01 11:35,Wednesday,평일
2025-10-01 11:06,경찰청,고속국도,10.0,남해고속도로,영암 방향,교통사고,사고,<사고>::남해고속도로::진례IC::청천교::기점방향::::고장 진례IC → 청천교 남해선(순천-부산) 기점 ,128.7551,35.2616,3850037900,2025-10-01 11:36,Wednesday,평일
2025-10-01 11:25,한국도로공사,고속국도,35.0,통영대전고속도로,통영 방향,기타돌발,고장,(갓길)승용고장차처리중,127.4628,36.2935,1830183700,-,Wednesday,평일
2025-10-01 11:31,경찰청,고속국도,20.0,익산포항고속도로,포항 방향,교통사고,사고,<사고>::새만금포항고속도로::전주분기점::소양IC::종점방향::::고장 전주분기점 → 소양IC 익산장수선 종점 ,127.1917,35.8788,3120050803,2025-10-01 12:01,Wednesday,평일
2025-10-01 13:27,한국도로공사,고속국도,15.0,서해안고속도로,서울 방향,공사,작업,(갓길)시설물설치작업중,126.5643,35.3101,3410130800,-,Wednesday,평일
2025-10-01 14:29,한국도로공사,고속국도,100.0,수도권제1순환고속도로,판교-구리 방향,공사,작업,(4차로)차선도색작업중,127.1234,37.4258,2050004000,-,Wednesday,평일
2025-10-01 16:04,한국도로공사,고속국도,50.0,영동고속도로,강릉 방향,기타돌발,차량증가/정체,차량증가/정체,127.2995,37.2418,2430202800,-,Wednesday,평일
2025-10-01 18:13,한국도로공사,고속국도,50.0,영동고속도로,인천 방향,교통사고,사고,(진출로하이패스차로)사고처리중,126.9608,37.3238,2000003901,-,Wednesday,평일
2025-10-01 21:45,경찰청,고속국도,60.0,서울양양고속도로,서울 방향,공사,작업,<공사>::서울양양고속도로::청평IC남측::천안터널::기점방향::::작업 청평IC남측 → 천안터널 서울양양선 기점 ,127.4858,37.6536,2390305500,2025-10-01 22:15,Wednesday,평일
2025-10-01 7:44,경찰청,시군도,0.0,원당대로,,공사,작업,<공사>::원당대로::버스정류장::유현사거리::주의운전::공사 - 원당대로 아라역사거리에서 유현사거리구간 유현사거리 부근이 공사관계로 차로가 줄어 있으니 주의요망.	 ,126.720789,37.595301,1680530101,2025-10-01 7:47,Wednesday,평일
2025-10-01 7:54,경찰청,고속국도,25.0,호남고속도로,논산 방향,공사,작업,<공사>::호남고속도로::내장산졸음쉼터::내장산IC::종점방향::::작업 내장산졸음쉼터 → 내장산IC 호남선 종점 ,126.8013,35.5074,3090605900,2025-10-01 8:24,Wednesday,평일
2025-10-01 9:08,경찰청,특별광역시도,0.0,함월대로,외솔둥근갈림길 방향,공사,작업,"<공사>::함월1길::모은사::모은사::주의운전::공사 - 북부순환도로  삼일교 양방향 1차로 차단하고 교량 공사 중, 외솔둥근갈림길 방향 정체.  ",129.313009,35.572389,1920049400,2025-10-01 9:12,Wednesday,평일
2025-10-01 9:49,한국도로공사,고속국도,1.0,경부고속도로,부산 방향,기타돌발,고장,(갓길)대형화물차고장처리중,127.337,36.7189,2710684100,-,Wednesday,평일
2025-10-02 13:47,경찰청,특별광역시도,0.0,동대구대로,,공사,작업,<공사>::동대구로::어린이세상삼거리::범어동690::1차로::주의운전::하수도/배수로 작업 ,128.625172,35.849793,1550035601,2025-10-02 14:17,Thursday,평일
2025-10-02 1:28,한국도로공사,고속국도,40.0,평택제천고속도로,제천 방향,기타돌발,고장,"(1,2차로,갓길)고장차처리중",127.2494,36.9737,2310236300,-,Thursday,평일
2025-10-02 23:20,한국도로공사,고속국도,35.0,통영대전고속도로,통영 방향,기상,강우,"빗길""주의""",127.6716,35.6681,3960031100,-,Thursday,평일
2025-10-02 5:50,한국도로공사,고속국도,120.0,경인고속도로,인천 방향,기타돌발,차량증가/정체,차량증가/정체,126.7993,37.5216,2420269300,-,Thursday,평일
2025-10-02 8:27,한국도로공사,고속국도,1.0,경부고속도로,서울 방향,기타돌발,고장,(갓길)화물차고장처리중,128.2219,36.1593,3530025704,-,Thursday,평일
2025-10-02 9:00,경찰청,시군도,0.0,동탄청계대로,,공사,작업,<공사>::동탄천계로::오산동9671528::주택전시관앞::1차로::주의운전::도로공사 ,127.091756,37.194936,2333455900,2025-10-02 18:00,Thursday,평일
2025-10-03 15:24,경찰청,고속국도,1.0,경부고속도로,서울 방향,교통사고,사고,"<사고>::경부고속도로::남구미IC교남측::남구미IC교북측::주의운전::사고 - <사고최초>경부고속도로 서울방향 남구미(167.3K)(진출로2차로,갓길)승용차단독사고처리중[2025-10-03 15:13- ] ",128.368548,36.069906,3550139100,2025-10-03 15:27,Friday,공휴일
2025-10-03 7:01,한국도로공사,고속국도,35.0,중부고속도로,하남 방향,기타돌발,차량증가/정체,차량증가/정체,127.4201,36.6489,2710002601,-,Friday,공휴일
2025-10-04 10:19,경찰청,고속국도,104.0,남해고속도로제2지선,부산 방향,교통사고,사고,"<사고>::남해고속도로제2지선::서낙동강교동측::서부산IC::주의운전::사고 - 남해고속도로 제2지선, 부산 방향, 가락나들목 지난 지점 1차로에 승용차 2대 추돌사고가 났음. ",128.907627,35.163296,1410009500,2025-10-04 10:24,Saturday,주말
2025-10-04 16:00,경찰청,특별광역시도,0.0,청계천대로,,기타,행사,<행사>::청계천로::광교사거리::광교사거리::1차로::[집회] 장소: SK서린빌딩앞(인도)/ 행진: SK서린빌딩앞(인도)→광교→종로1가→안국동교차로→광화문삼거리→세종대로사거리→청계남로→SK서린빌딩(1개차로)::집회  서울청,126.980316,37.569248,1000003400,2025-10-04 18:00,Saturday,주말
2025-10-04 19:52,한국도로공사,고속국도,12.0,광주대구고속도로,광주 방향,기상,강우,"빗길""주의""",128.0313,35.7054,3970315900,-,Saturday,주말
2025-10-05 10:00,한국도로공사,고속국도,10.0,남해고속도로,부산 방향,기타돌발,차량증가/정체,차량증가/정체,128.542,35.2887,3900015001,-,Sunday,주말
2025-10-05 14:07,경찰청,고속국도,15.0,서해안고속도로,서울 방향,교통사고,사고,<사고>::서해안고속도로::함평IC북측::함평휴게소::종점방향::::고장 함평IC북측 → 함평휴게소 서해안선 종점 ,126.4811,35.1226,3400021501,2025-10-05 14:37,Sunday,주말
2025-10-05 15:47,한국도로공사,고속국도,45.0,중부내륙고속도로,창원 방향,기상,강우,"빗길""주의""",128.2659,36.1644,3530046303,-,Sunday,주말
2025-10-05 16:43,한국도로공사,고속국도,55.0,중앙고속도로,부산 방향,기상,강우,"빗길""주의""",128.5512,35.9719,3690695800,-,Sunday,주말
2025-10-05 23:59,경찰청,고속국도,45.0,중부내륙고속도로,창원 방향,기상,기상,<기상>::중부내륙고속도로::내고교::선산감천교::기점방향::::강우 내고교 → 선산감천교 중부내륙선 기점 ,128.2619,36.2376,3550695000,2025-10-06 0:29,Sunday,주말
2025-10-06 10:48,한국도로공사,고속국도,35.0,통영대전고속도로,통영 방향,기타돌발,차량증가/정체,차량증가/정체,127.4744,36.2526,1830187900,-,Monday,공휴일
2025-10-06 11:32,한국도로공사,고속국도,50.0,영동고속도로,강릉 방향,기타돌발,차량증가/정체,차량증가/정체,128.1091,37.4727,2580005301,-,Monday,공휴일
2025-10-06 13:05,한국도로공사,고속국도,20.0,대구포항선,포항 방향,기타돌발,차량증가/정체,차량증가/정체,128.8676,36.002,3570012401,-,Monday,공휴일
2025-10-06 13:17,경찰청,일반국도,1.0,성산대로,,교통사고,사고,<사고>::성산대교::남단::북단::3차로::::교통사고  서울청,126.891816,37.552969,1130052300,2025-10-06 13:47,Monday,공휴일
2025-10-06 13:18,경찰청,특별광역시도,0.0,무네미대로,송추 방향,교통사고,사고,"<사고>::무네미로::장수IC남측::근로복지공단인천병원::주의운전::사고 - 수도권제1순환고속도로 송추방향, 장수나들목 1차로에서 승용차관련 사고처리 하고 있어, 시흥나들목에서 장수나들목까지 5Km구간 정체. ",126.754739,37.46652,1663184600,2025-10-06 13:27,Monday,공휴일
2025-10-06 14:08,한국도로공사,고속국도,35.0,통영대전고속도로,대전 방향,기타돌발,차량증가/정체,차량증가/정체,128.3476,35.0094,3920210305,-,Monday,공휴일
2025-10-06 16:13,경찰청,일반국도,0.0,경춘대로,,공사,작업,<공사>::경춘로::마석우리27110::마석우리261::1차로::주의운전::유지보수 ,127.308374,37.651286,2220726000,2025-10-06 16:43,Monday,공휴일
2025-10-06 18:52,경찰청,고속국도,45.0,중부내륙고속도로,창원 방향,교통사고,사고,<사고>::중부내륙고속도로::충주분기점::북충주IC::기점방향::::고장 충주분기점 → 북충주IC 중부내륙선 기점 ,127.73,37.0499,2720964600,2025-10-06 19:22,Monday,공휴일
2025-10-06 18:56,경찰청,고속국도,400.0,수도권제2순환고속도로,서울 방향,교통사고,사고,"<사고>::수도권제2순환고속도로::화도JC::화도JC::주의운전::사고 - 서울양양고속도로 서울방향, 화도분기점 부근 1차로에서 승용차관련 사고처리 중. ",127.318139,37.630683,2220779800,2025-10-06 19:26,Monday,공휴일
2025-10-06 21:54,한국도로공사,고속국도,500.0,광주외곽순환고속도로,남장성 방향,기상,강우,"빗길""주의""",126.7982,35.257,-,-,Monday,공휴일
2025-10-06 23:14,한국도로공사,고속국도,50.0,영동고속도로,강릉 방향,교통사고,사고,(3차로)화물차관련시고처리중,126.9037,37.3222,2250001400,-,Monday,공휴일
2025-10-06 5:17,한국도로공사,고속국도,100.0,수도권제1순환고속도로,판교-일산 방향,기상,강우,"빗길""주의""",127.0946,37.4058,2060010800,-,Monday,공휴일
2025-10-06 8:46,경찰청,고속국도,65.0,동해고속도로,부산 방향,교통사고,사고,<사고>::동해고속도로::남양양IC::북강릉IC::기점방향::::고장 남양양IC → 북강릉IC 동해선(삼척-속초) 기점 ,128.7991,37.8856,2520035401,2025-10-06 9:16,Monday,공휴일
2025-10-06 9:18,경찰청,특별광역시도,0.0,화랑대로,중앙시장사거리 방향,교통사고,사고,"<사고>::화랑로::KT삼거리::신한은행네거리::주의운전::사고 - 경주 화랑로, 역전삼거리에서 중앙시장사거리 방향 신한은행사거리 직전 1차로에 승용차간 추돌사고. 처리전으로 운전자 차로에 나와 있음. 비 내리고 있으니 각별한 주의가 필요함.  ",129.212063,35.844634,3520157000,2025-10-06 9:30,Monday,공휴일
2025-10-06 9:24,한국도로공사,고속국도,1.0,경부고속도로,부산 방향,기상,강우,"빗길""주의""",127.1509,37.003,2140956100,-,Monday,공휴일
2025-10-06 9:59,한국도로공사,고속국도,1.0,경부고속도로,부산 방향,기타돌발,차량증가/정체,차량증가/정체,127.4272,36.4712,2830025500,-,Monday,공휴일
2025-10-07 11:57,한국도로공사,고속국도,45.0,중부내륙고속도로,양평 방향,기타돌발,차량증가/정체,차량증가/정체,128.2407,36.3931,3580008304,-,Tuesday,공휴일
2025-10-07 14:40,한국도로공사,고속국도,1.0,경부고속도로,부산 방향,기타돌발,차량증가/정체,차량증가/정체,127.188,36.948,3020526900,-,Tuesday,공휴일
2025-10-07 15:08,한국도로공사,고속국도,30.0,청주영덕선,청주 방향,기타돌발,차량증가/정체,청송휴게소진입로정체,129.0098,36.4566,3630182000,-,Tuesday,공휴일
2025-10-07 23:29,경찰청,고속국도,1.0,경부고속도로,부산 방향,교통사고,사고,<사고>::경부고속도로::아모레퍼시픽삼거리::기흥휴게소::기점방향::1차로::사고 아모레퍼시픽삼거리 → 기흥휴게소 경부선 기점 ,127.1039,37.2552,2440109000,2025-10-07 23:59,Tuesday,공휴일
2025-10-07 4:20,경찰청,고속국도,12.0,광주대구고속도로,광주 방향,교통사고,사고,<사고>::광주대구고속도로::동남원IC서측::요천교동측::기점방향::::고장 동남원IC서측 → 요천교동측 광주대구선 기점 ,127.4677,35.4715,3100057400,2025-10-07 4:25,Tuesday,공휴일
2025-10-08 10:48,한국도로공사,고속국도,29.0,세종포천고속도로,포천 방향,기타돌발,차량증가/정체,차량증가/정체,127.1572,37.5599,-,-,Wednesday,공휴일
2025-10-08 11:41,한국도로공사,고속국도,35.0,중부고속도로,남이 방향,기타돌발,차량증가/정체,차량증가/정체,127.439,37.1451,2310800100,-,Wednesday,공휴일
2025-10-08 20:23,한국도로공사,고속국도,35.0,중부고속도로,남이 방향,기타돌발,차량증가/정체,차량증가/정체,127.4767,36.7522,2840281000,-,Wednesday,공휴일
2025-10-09 16:29,경찰청,고속국도,45.0,중부내륙고속도로,양평 방향,교통사고,사고,<사고>::중부내륙고속도로::문주3교::중원대교::종점방향::::고장 문주3교 → 중원대교 중부내륙선 종점 ,127.8574,36.9354,2720963700,2025-10-09 16:59,Thursday,공휴일
2025-10-09 17:48,한국도로공사,고속국도,251.0,호남지선,논산 방향,기타돌발,차량증가/정체,차량증가/정체,127.3158,36.2949,1860631500,-,Thursday,공휴일
2025-10-09 23:49,한국도로공사,고속국도,60.0,서울양양고속도로,양양 방향,기상,강우,"빗길""주의""",127.3685,37.6341,2400477300,-,Thursday,공휴일
2025-10-10 16:12,경찰청,지방도,309.0,과천의왕간고속도로,송추 방향,교통사고,사고,"<사고>::과천의왕간고속도로::학의JC남측::학의JC북측::주의운전::사고 - 수도권제1순환고속도로 송추방향, 학의분기점 진출로 2차로에서 사고처리 중.  ",127.001522,37.387253,2260008400,2025-10-10 16:14,Friday,평일
2025-10-10 16:28,경찰청,일반국도,42.0,중부대로,,공사,작업,<공사>::일반국도42호선::수원남부경찰서앞교차::KT동수원지사::4차로::주의운전::도로공사 ,127.051884,37.273495,2030002700,2025-10-10 16:58,Friday,평일
2025-10-10 17:42,경찰청,일반국도,1.0,성산대로,,교통사고,사고,<사고>::성산대교::남::북::1차로::::교통사고  서울청,126.890325,37.550584,1180118300,2025-10-10 18:12,Friday,평일
2025-10-10 17:43,경찰청,고속국도,120.0,경인고속도로,서울 방향,교통사고,사고,"<사고>::경인고속도로::부천IC동측::부천시양천구::갓길::차량고장:::: 경인고속도로 부천IC → 신월IC 서울방향, [차량고장] 경인고속도로 (서울방향) 부천IC → 신월IC  갓길 통제 ,  차량고장",126.8083,37.5215,2420269300,2025-10-10 18:13,Friday,평일
2025-10-10 8:14,경찰청,고속국도,1.0,경부고속도로,,교통사고,사고,<사고>::경부고속도로::서초IC::반포IC::5차로::::고장 차량  서울청,127.024977,37.486607,1210004200,2025-10-10 8:44,Friday,평일
2025-10-12 15:40,한국도로공사,고속국도,35.0,통영대전고속도로,통영 방향,기상,강우,"빗길""주의""",127.6703,35.6695,3960031100,-,Sunday,주말
2025-10-12 17:20,경찰청,도시고속국도,61.0,동부간선도대로,의정부 방향,교통사고,사고,<사고>::동부간선도로::뚝섬유수지체육공원::성수동1가6741::4차로::고장차량 동부간선로 성수JC→성동JC 의정부 방향 ,127.03988,37.550917,1030002001,2025-10-12 17:50,Sunday,주말
2025-10-12 18:24,한국도로공사,고속국도,35.0,통영대전고속도로,통영 방향,기상,강우,"빗길""주의""",127.4573,36.2878,1830182400,-,Sunday,주말
2025-10-12 7:04,한국도로공사,고속국도,1.0,경부고속도로,부산 방향,기상,강우,"빗길""주의""",128.098,36.1336,3530025804,-,Sunday,주말
2025-10-13 12:35,한국도로공사,고속국도,451.0,중부내륙지선,대구 방향,기상,강우,"빗길""주의""",128.5251,35.8927,-,-,Monday,평일
2025-10-13 17:33,한국도로공사,고속국도,12.0,광주대구고속도로,광주 방향,기상,강우,"빗길""주의""",127.7494,35.5329,3960015200,-,Monday,평일
2025-10-13 21:15,한국도로공사,고속국도,65.0,부산울산선,울산 방향,기상,강우,"빗길""주의""",129.2496,35.5539,1960246800,-,Monday,평일
2025-10-13 7:27,한국도로공사,고속국도,1.0,경부고속도로,부산 방향,기타돌발,차량증가/정체,(진출로),127.1892,36.8942,3020411000,2025-10-13 9:04,Monday,평일
2025-10-13 8:39,경찰청,고속국도,10.0,남해고속도로,부산 방향,공사,작업,<공사>::남해고속도로::대저JC::제2낙동대교서측::종점방향::::작업 대저JC → 제2낙동대교서측 남해선(순천-부산) 종점 ,128.9807,35.2189,1410017200,2025-10-13 9:09,Monday,평일
2025-10-13 9:58,한국도로공사,고속국도,1.0,경부고속도로,부산 방향,기타돌발,고장,(2차로)고장차처리중,127.1033,37.3543,2060358300,-,Monday,평일
2025-10-14 12:26,한국도로공사,고속국도,1.0,경부고속도로,서울 방향,교통사고,사고,"(1차로,갓길)승용차사고처리중",128.3621,36.1013,3550129200,-,Tuesday,평일
2025-10-14 15:38,경찰청,고속국도,45.0,중부내륙고속도로,창원 방향,교통사고,사고,<사고>::중부내륙고속도로::연풍터널::연풍터널::기점방향::1차로::고장 연풍터널 → 연풍터널 중부내륙선 기점 ,127.9788,36.7977,2800034705,2025-10-14 16:08,Tuesday,평일
2025-10-14 5:29,경찰청,고속국도,12.0,광주대구고속도로,광주 방향,교통사고,사고,<사고>::광주대구고속도로::고령JC::고령JC::기점방향::::고장 고령JC → 고령JC 광주대구선 기점 ,128.3698,35.757,3670018000,2025-10-14 5:59,Tuesday,평일
2025-10-14 7:35,한국도로공사,고속국도,1.0,경부고속도로,부산 방향,기타돌발,차량증가/정체,차량증가/정체,128.5079,35.8949,1540430200,-,Tuesday,평일
2025-10-14 8:01,경찰청,지방도,397.0,안양대로,,공사,작업,<공사>::안양로::석수전화국사거리::안양대교사거리::1차로::주의운전::도로공사 ,126.909872,37.412678,2080048400,2025-10-14 8:31,Tuesday,평일
2025-10-14 8:11,한국도로공사,고속국도,1.0,경부고속도로,부산 방향,기타돌발,고장,(5차로)고장차처리중,127.0947,37.203,2333346500,-,Tuesday,평일
2025-10-14 8:21,한국도로공사,고속국도,141.0,함양울산고속도로,울주JC 방향,기타돌발,고장,(갓길)대형화물차고장처리중,129.0065,35.5269,1961185501,-,Tuesday,평일
2025-10-14 9:34,한국도로공사,고속국도,65.0,동해고속도로,삼척 방향,기타돌발,고장,(갓길)고장차처리중,128.5859,38.0817,2670184003,-,Tuesday,평일
2025-10-15 10:58,한국도로공사,고속국도,27.0,순천완주고속도로,순천 방향,교통사고,사고,(갓길)승용차관련추돌사고처리중,127.3718,35.3208,3100053101,-,Wednesday,평일
2025-10-15 12:53,한국도로공사,고속국도,25.0,호남고속도로,순천 방향,기상,강우,"빗길""주의""",126.808,35.4397,3420162100,-,Wednesday,평일
2025-10-15 13:59,한국도로공사,고속국도,102.0,남해고속도로제1지선,함안 방향,기타돌발,고장,(갓길)승용차고장처리중,128.485,35.2703,3900765100,-,Wednesday,평일
2025-10-15 14:32,경찰청,고속국도,35.0,통영대전고속도로,대전 방향,공사,작업,<공사>::통영대전고속도로::진주시사천시::진주JC::종점방향::::작업 진주시사천시 → 진주JC 통영대전선 종점 ,128.1345,35.123,3810403700,2025-10-15 15:02,Wednesday,평일
2025-10-15 19:04,경찰청,일반국도,45.0,팽성대로,,교통사고,사고,<사고>::일반국도45호선::추팔공업단지사거리::추팔리20413::1차로::주의운전::고장 차량 ,127.071535,36.967555,2140003027,2025-10-15 20:30,Wednesday,평일
2025-10-15 21:58,한국도로공사,고속국도,50.0,영동고속도로,인천 방향,교통사고,사고,화물차사고처리중전면차단중,126.8902,37.3258,2250273200,-,Wednesday,평일
2025-10-15 6:28,경찰청,시군도,0.0,형산강북대로,,공사,작업,<공사>::형산강북로::형산강북로261::상도동572::1차로::주의운전::도로공사 ,129.348802,36.004275,3500773800,2025-10-15 6:58,Wednesday,평일
2025-10-15 9:56,경찰청,특별광역시도,0.0,국채보상대로,공평네거리 방향,공사,작업,<공사>::국채보상로::공평네거리::노보텔앰배서더대구::주의운전::공사 - 국채보상로 종각네거리에서 공평네거리방향 공평네거리 50m 못 간 지점 가장자리차로 작업중. ,128.599736,35.870224,1500037801,2025-10-15 9:59,Wednesday,평일
2025-10-16 14:44,한국도로공사,고속국도,45.0,중부내륙고속도로,양평 방향,기타돌발,고장,(갓길)대형화물차고장처리중,127.896,36.8806,2800540400,-,Thursday,평일
2025-10-16 18:21,한국도로공사,고속국도,100.0,수도권제1순환고속도로,판교-일산 방향,교통사고,사고,(1차로)승용차관련사고처리중,127.1888,37.5343,2270007200,-,Thursday,평일
2025-10-16 1:18,한국도로공사,고속국도,12.0,무안광주고속도로,무안 방향,기상,강우,"빗길""주의""",126.5932,35.067,3400130000,-,Thursday,평일
2025-10-16 23:46,한국도로공사,고속국도,45.0,중부내륙고속도로,양평 방향,기타돌발,고장,(갓길)대형화물차고장처리중,127.7213,37.0832,2720965000,-,Thursday,평일
2025-10-16 4:08,한국도로공사,고속국도,1.0,경부고속도로,부산 방향,기상,강우,"빗길""주의""",129.0932,35.2466,1400006000,-,Thursday,평일
2025-10-16 7:42,한국도로공사,고속국도,50.0,영동고속도로,인천 방향,기타돌발,차량증가/정체,차량증가/정체,127.0838,37.2922,2440188200,-,Thursday,평일
2025-10-16 9:13,경찰청,고속국도,120.0,경인고속도로,서울 방향,교통사고,사고,<사고>::경인고속도로::부평IC동측::인천TG::종점방향::2차로::장애물 부평IC동측 → 인천TG 경인선 종점 ,126.7203,37.5238,1660003702,2025-10-16 9:43,Thursday,평일
2025-10-16 9:54,한국도로공사,고속국도,10.0,남해고속도로,부산 방향,기타돌발,차량증가/정체,차량증가/정체,128.6268,35.279,4140159000,-,Thursday,평일
2025-10-17 10:39,한국도로공사,고속국도,1.0,경부고속도로,부산 방향,기타돌발,장애물,"(1,3차로)장애물(타이어)조심",129.1416,35.6005,1960037504,-,Friday,평일
2025-10-17 13:50,경찰청,시군도,0.0,광덕대로,,공사,작업,<공사>::광덕로::하이마트사거리::한양빌딩사거리::1차로::주의운전::유지보수 ,126.83109,37.316116,2170034100,2025-10-17 14:20,Friday,평일
2025-10-17 7:13,한국도로공사,고속국도,50.0,영동고속도로,강릉 방향,기타돌발,장애물,"(1,2차로)장애물처리중",127.3929,37.24,2300021301,-,Friday,평일
2025-10-17 7:29,한국도로공사,고속국도,30.0,당진대전선,대전 방향,기타돌발,고장,(갓길)고장차처리중,127.2645,36.4425,4130093700,-,Friday,평일
2025-10-17 7:53,경찰청,일반국도,0.0,달구벌대로,,교통사고,사고,<사고>::신천서쪽자전거길::수성교::수성교교차로::3차로::주의운전::고장 차량 ,128.609065,35.861241,1550009500,2025-10-17 8:23,Friday,평일
2025-10-17 9:03,경찰청,고속국도,1.0,경부고속도로,서울 방향,공사,작업,<공사>::경부고속도로::양산JC::양산IC::종점방향::2차로::작업 양산JC → 양산IC 경부선 종점 ,129.049,35.3707,3880407800,2025-10-17 9:33,Friday,평일
2025-10-17 9:41,한국도로공사,고속국도,10.0,남해고속도로,부산 방향,기타돌발,차량증가/정체,차량증가/정체,128.6068,35.2862,4140170600,-,Friday,평일
2025-10-18 11:13,한국도로공사,고속국도,1.0,경부고속도로,부산 방향,공사,작업,(차로교대)차로교대노면보수작업중,127.4872,36.3456,1830191900,-,Saturday,주말
2025-10-18 12:03,한국도로공사,고속국도,1.0,경부고속도로,서울 방향,기타돌발,차량증가/정체,차량증가/정체,127.4289,36.5068,2830037200,-,Saturday,주말
2025-10-18 9:16,경찰청,일반국도,0.0,중앙대로,,교통사고,사고,<사고>::중앙대로::김태호과자점::구서교남측::1차로::주의운전::고장 차량 ,129.0911,35.251669,1400296501,2025-10-18 9:46,Saturday,주말
2025-10-19 11:45,경찰청,도시고속국도,88.0,올림픽대로,,교통사고,사고,<사고>::올림픽대로::암사대교::강동대교::1차로::주의운전::교통사고  서울청,127.140651,37.566796,1240055003,2025-10-19 12:15,Sunday,주말
2025-10-19 19:02,한국도로공사,고속국도,1.0,경부고속도로,서울 방향,기타돌발,고장,(갓길)승용차고장처리중,129.0908,35.8379,3520031102,-,Sunday,주말
2025-10-19 9:30,경찰청,특별광역시도,0.0,오류대로,,기타,행사,<행사>::오류로8길::버들유치원::오류동역2번출구::1차로::[집회] 장소: 평강제일교회 앞::집회  서울청,126.843918,37.492435,1160036900,2025-10-19 10:30,Sunday,주말
2025-10-20 10:23,경찰청,고속국도,1.0,경부고속도로,서울 방향,교통사고,사고,<사고>::경부고속도로::목천IC::천안JC::종점방향::::고장 목천IC → 천안JC 경부선 종점 ,127.2036,36.7663,3010154400,2025-10-20 10:53,Monday,평일
2025-10-20 13:14,경찰청,시군도,0.0,김포한강대로,,교통사고,사고,<사고>::김포한강6로::발산교차로::운곡사거리::3차로::사고처리중::교통사고 ,126.663397,37.656137,2320305700,2025-10-20 15:00,Monday,평일
2025-10-20 14:28,한국도로공사,고속국도,15.0,서해안고속도로,서울 방향,공사,작업,"(3,4차로)차선도색작업중",126.8969,37.2767,2330061500,-,Monday,평일
2025-10-20 21:21,한국도로공사,고속국도,100.0,수도권제1순환고속도로,판교-구리 방향,공사,작업,"송추(51K)-사패산터널(45K)(1,2차로)시설물보수작업중",126.9763,37.7144,2350530200,2025-10-21 5:18,Monday,평일
2025-10-20 22:11,한국도로공사,고속국도,100.0,수도권제1순환고속도로,판교-일산 방향,교통사고,사고,(5차로)중형화물차관련사고처리중,126.7526,37.5632,1670004000,-,Monday,평일
2025-10-20 7:55,한국도로공사,고속국도,251.0,호남지선,논산 방향,기타돌발,차량증가/정체,차량증가/정체,127.3312,36.3656,1860006400,-,Monday,평일
2025-10-20 8:02,한국도로공사,고속국도,551.0,중앙선지선,김해 방향,공사,작업,(갓길)시설물사고복구작업중,129.0402,35.3349,3880011100,-,Monday,평일
2025-10-20 8:12,경찰청,고속국도,50.0,영동고속도로,강릉 방향,공사,작업,<공사>::영동고속도로::진부IC::대관령IC::종점방향::2차로::작업 진부IC → 대관령IC 영동선 종점 ,128.5991,37.6665,2600034801,2025-10-20 8:42,Monday,평일
2025-10-20 8:14,한국도로공사,고속국도,45.0,중부내륙고속도로,양평 방향,기타돌발,고장,(갓길)소형화물차고장처리중,128.3585,35.7851,3670533600,-,Monday,평일
2025-10-20 8:22,한국도로공사,고속국도,600.0,부산외곽선,기장 방향,공사,작업,(갓길)비탈면보수작업중,128.9108,35.3007,3850928800,-,Monday,평일
2025-10-20 8:36,경찰청,고속국도,104.0,남해고속도로제2지선,부산 방향,공사,작업,<공사>::남해고속도로제2지선::서부산IC::서부산IC::종점방향::::작업 서부산IC → 서부산IC 남해2지선 종점 ,128.9468,35.1568,1410008500,2025-10-20 9:06,Monday,평일
2025-10-20 8:55,경찰청,시군도,0.0,동탄원천대로,,공사,작업,<공사>::관터1길::먼내삼거리::아이들세상어린이집::1차로::주의운전::가로수 벌목 ,127.05487,37.270443,2030039000,2025-10-20 9:25,Monday,평일
2025-10-20 9:21,한국도로공사,고속국도,65.0,동해고속도로,삼척 방향,교통사고,사고,(1차로)승용차단독사고처리중,129.0925,37.504,2530019600,-,Monday,평일
2025-10-20 9:27,한국도로공사,고속국도,60.0,서울양양고속도로,양양 방향,공사,작업,(2차로)이동차선도색작업중,127.9602,37.7586,2570054902,-,Monday,평일
2025-10-20 9:47,경찰청,고속국도,141.0,함양울산고속도로,울산 방향,공사,작업,<공사>::함양울산고속도로::청량터널::울주JC::종점방향::::작업 청량터널 → 울주JC 함양울산선 종점 ,129.2559,35.5014,1961196401,2025-10-20 10:17,Monday,평일
2025-10-21 12:17,한국도로공사,고속국도,55.0,중앙고속도로,춘천 방향,기타돌발,고장,(갓길)승용차고장처리중,128.3597,36.9183,2820003301,-,Tuesday,평일
2025-10-21 12:49,한국도로공사,고속국도,1.0,경부고속도로,부산 방향,공사,작업,(1차로이동)중분대청소작업중,129.1863,35.8059,3521194400,-,Tuesday,평일
2025-10-21 13:55,경찰청,고속국도,35.0,통영대전고속도로,통영 방향,공사,작업,<공사>::통영대전고속도로::서상IC::함양터널::기점방향::1차로::작업 서상IC → 함양터널 통영대전선 기점 ,127.677,35.6623,3960025901,2025-10-21 14:25,Tuesday,평일
2025-10-21 14:08,경찰청,고속국도,40.0,평택제천고속도로,제천 방향,공사,작업,<공사>::평택제천고속도로::대소분기점::금왕꽃동네IC::종점방향::1차로::작업 대소분기점 → 금왕꽃동네IC 평택제천선 종점 ,127.5507,36.9547,2810054400,2025-10-21 14:12,Tuesday,평일
2025-10-21 14:33,한국도로공사,고속국도,16.0,울산고속도로,울산 방향,기타돌발,고장,(1차로)화물차고장처리중,129.2279,35.5699,1960027801,-,Tuesday,평일
2025-10-21 14:53,경찰청,고속국도,30.0,당진영덕고속도로,당진 방향,교통사고,사고,<사고>::당진영덕고속도로::입침큰말길3031::예산수덕사IC::기점방향::::고장 입침큰말길3031 → 예산수덕사IC 당진대전선 기점 ,126.8011,36.6612,2980033100,2025-10-21 15:23,Tuesday,평일
2025-10-21 16:36,경찰청,도시고속국도,61.0,동부간선도대로,성수JC 방향,교통사고,사고,<사고>::동부간선도로::미륭미성삼호3차아파::성북구노원구::2차로::추돌사고 동부간선로 월계1교→월릉JC 성수JC 방향 ,127.070462,37.616297,1100000501,2025-10-21 17:06,Tuesday,평일
2025-10-21 20:22,한국도로공사,고속국도,45.0,중부내륙고속도로,창원 방향,공사,작업,(2차로)아스팔트포장작업중,128.1963,36.4891,3580030931,-,Tuesday,평일
2025-10-21 7:56,한국도로공사,고속국도,100.0,수도권제1순환고속도로,판교-일산 방향,기타돌발,차량증가/정체,차량증가/정체,126.8601,37.3728,2240014601,-,Tuesday,평일
2025-10-21 7:58,경찰청,고속국도,50.0,영동고속도로,서창 방향,공사,작업,<공사>::영동고속도로::대관령IC::진부IC::기점방향::2차로::작업 대관령IC → 진부IC 영동선 기점 ,128.5637,37.6528,2600034701,2025-10-21 8:28,Tuesday,평일
2025-10-21 9:47,한국도로공사,고속국도,45.0,중부내륙고속도로,양평 방향,공사,작업,(2차로)차선도색작업중,127.8495,37.0003,2720034502,-,Tuesday,평일
2025-10-22 0:57,한국도로공사,고속국도,10.0,남해고속도로,영암 방향,기타돌발,역주행,역주행발생처리중,126.5286,34.7572,3380052700,-,Wednesday,평일
2025-10-22 10:09,경찰청,시군도,0.0,광교호수공원대로,,공사,작업,<공사>::광교호수공원로::신나는어린이집::유원지삼거리::1차로::주의운전::도로공사 ,127.058502,37.271581,2030061800,2025-10-22 10:39,Wednesday,평일
2025-10-22 17:28,한국도로공사,고속국도,1.0,경부고속도로,서울 방향,기타돌발,차량증가/정체,차량증가/정체,127.4333,36.372,1870203300,-,Wednesday,평일
2025-10-22 21:50,한국도로공사,고속국도,45.0,중부내륙고속도로,양평 방향,기타돌발,고장,(갓길)고장차처리중,127.4651,37.4833,2400218102,-,Wednesday,평일
2025-10-22 5:46,한국도로공사,고속국도,100.0,수도권제1순환고속도로,판교-일산 방향,기타돌발,차량증가/정체,차량증가/정체,126.7488,37.5531,1670004000,-,Wednesday,평일
2025-10-22 6:58,한국도로공사,고속국도,15.0,서해안고속도로,서울 방향,공사,작업,(갓길)노면포장작업중,126.697,35.5929,3190280700,-,Wednesday,평일
2025-10-22 8:10,한국도로공사,고속국도,151.0,서천공주고속도로,공주 방향,공사,작업,(2차로)열화보수작업중,126.9953,36.4023,2960230500,-,Wednesday,평일
2025-10-22 8:48,경찰청,고속국도,30.0,당진영덕고속도로,영덕 방향,공사,작업,<공사>::당진영덕고속도로::유구IC::유구IC::종점방향::::작업 유구IC → 유구IC 당진대전선 종점 ,126.972,36.5675,2860170600,2025-10-22 9:18,Wednesday,평일
2025-10-22 9:35,한국도로공사,고속국도,10.0,남해고속도로,영암 방향,공사,작업,(2차로)ITS통신설비설치작업중,127.0524,34.7974,3330057600,-,Wednesday,평일
2025-10-22 9:36,경찰청,고속국도,55.0,중앙고속도로,춘천 방향,공사,작업,<공사>::중앙고속도로::안동JC::남안동IC::종점방향::2차로::작업 안동JC → 남안동IC 중앙선 종점 ,128.6205,36.4683,3540957300,2025-10-22 10:06,Wednesday,평일
2025-10-23 0:11,경찰청,일반국도,0.0,달구벌대로,,공사,작업,<공사>::달구벌대로::만촌네거리::남부빌딩::1차로::주의운전::지하 시설 작업 ,128.643809,35.859042,1550008200,2025-10-23 0:41,Thursday,평일
2025-10-23 10:50,경찰청,도시고속국도,70.0,강변북대로,,교통사고,사고,<사고>::강변북로::청담대교::영동대교::4차로::::교통사고  서울청,127.064141,37.5323,1040000201,2025-10-23 11:20,Thursday,평일
2025-10-23 11:03,한국도로공사,고속국도,100.0,수도권제1순환고속도로,판교-일산 방향,공사,작업,(8차로)화물하이패스차로시설물보수작업중,126.8052,37.4493,2240029501,-,Thursday,평일
2025-10-23 12:45,경찰청,고속국도,50.0,영동고속도로,강릉 방향,기상,기상,<기상>::영동고속도로::대관령5터널북측::강릉대관령휴게소::종점방향::::강우 대관령5터널북측 → 강릉대관령휴게소 영동선 종점 ,128.7784,37.7242,2520014002,2025-10-23 13:15,Thursday,평일
2025-10-23 13:48,경찰청,고속국도,1.0,경부고속도로,부산 방향,교통사고,사고,<사고>::경부고속도로::죽암교::죽전교::기점방향::4차로::장애물 죽암교 → 죽전교 경부선 기점 ,127.4311,36.5201,2830037200,2025-10-23 13:51,Thursday,평일
2025-10-23 15:37,한국도로공사,고속국도,50.0,영동고속도로,강릉 방향,기타돌발,차량증가/정체,차량증가/정체,127.3529,37.2507,2300022400,-,Thursday,평일
2025-10-23 15:43,경찰청,도시고속국도,70.0,강변북대로,구리 방향,교통사고,사고,<사고>::강변북로::동작대교북측::반포대교북측::2차로::추돌사고 강변북로 동작대교북단→반포대교북단 구리 방향 ,126.988078,37.516613,1020000401,2025-10-23 16:13,Thursday,평일
2025-10-23 15:44,한국도로공사,고속국도,50.0,영동고속도로,강릉 방향,기상,안개,"안개""주의""",128.7965,37.7549,2520013901,-,Thursday,평일
2025-10-23 21:35,한국도로공사,고속국도,65.0,동해고속도로,속초 방향,교통사고,사고,(1차로)승용차사고처리중,128.8095,37.8676,2520035401,-,Thursday,평일
2025-10-23 6:01,한국도로공사,고속국도,15.0,서해안고속도로,서울 방향,기타돌발,차량증가/정체,차량증가/정체,126.8605,37.344,2160016300,-,Thursday,평일
2025-10-23 6:44,한국도로공사,고속국도,40.0,평택제천고속도로,제천 방향,기타돌발,고장,(갓길)화물차고장처리중,127.1552,37.036,2310029201,-,Thursday,평일
2025-10-23 7:58,한국도로공사,고속국도,10.0,남해고속도로,부산 방향,공사,작업,(갓길)시설물설치작업종료,127.809,34.999,3940391700,2025-10-23 8:47,Thursday,평일
2025-10-23 8:22,경찰청,고속국도,60.0,서울양양고속도로,서울 방향,공사,작업,<공사>::서울양양고속도로::가평군양평군::서종IC동측::기점방향::2차로::작업 가평군양평군 → 서종IC동측 서울양양선 기점 ,127.3946,37.6341,2400477600,2025-10-23 8:52,Thursday,평일
2025-10-23 8:30,한국도로공사,고속국도,55.0,중앙고속도로,춘천 방향,공사,작업,(2차로)터널구조물보수작업중,127.7968,37.7245,2570631300,2025-10-23 16:50,Thursday,평일
2025-10-24 14:35,한국도로공사,고속국도,251.0,호남지선,대전 방향,기타돌발,고장,(갓길)소형화물차고장처리중,127.1559,36.1477,2900004232,2025-10-24 15:42,Friday,평일
2025-10-24 20:20,경찰청,고속국도,45.0,중부내륙고속도로,양평 방향,교통사고,사고,<사고>::중부내륙고속도로::감곡IC::감곡IC::종점방향::1차로::사고 감곡IC → 감곡IC 중부내륙선 종점 ,127.6554,37.1364,2810042100,2025-10-24 20:50,Friday,평일
2025-10-24 7:33,한국도로공사,고속국도,35.0,통영대전고속도로,대전 방향,공사,작업,(2차로)가드레일설치작업중,127.8588,35.4318,3950032701,-,Friday,평일
2025-10-25 13:08,한국도로공사,고속국도,15.0,서해안고속도로,목포 방향,교통사고,사고,(1차로)승용차관련사고처리중,126.9005,37.2853,2334291800,-,Saturday,주말
2025-10-25 14:13,한국도로공사,고속국도,10.0,남해고속도로,순천 방향,교통사고,사고,(1차로)승용차관련사고처리완료,128.55,35.2914,3900014901,2025-10-25 14:16,Saturday,주말
2025-10-25 15:30,한국도로공사,고속국도,15.0,서해안고속도로,서울 방향,교통사고,사고,(3차로)승용차관련사고처리중,126.8733,37.1791,2330025401,-,Saturday,주말
2025-10-25 21:45,한국도로공사,고속국도,65.0,동해고속도로,부산 방향,교통사고,사고,"(2차로,갓길)승용차단독사고처리중",129.3917,35.8982,3500279000,-,Saturday,주말
2025-10-25 4:21,경찰청,고속국도,30.0,당진영덕고속도로,영덕 방향,교통사고,사고,<사고>::당진영덕고속도로::공주IC::공주IC::종점방향::::고장 공주IC → 공주IC 당진대전선 종점 ,127.1191,36.4898,2860174800,2025-10-25 4:51,Saturday,주말
2025-10-25 8:03,한국도로공사,고속국도,40.0,평택제천고속도로,평택 방향,기타돌발,차량증가/정체,차량증가/정체,127.31,36.9756,2310237600,-,Saturday,주말
2025-10-26 15:04,한국도로공사,고속국도,30.0,청주영덕선,영덕 방향,기상,강우,"빗길""주의""",127.5065,36.5303,2700370500,2025-10-26 17:15,Sunday,주말
2025-10-26 15:26,경찰청,고속국도,10.0,남해고속도로,부산 방향,기상,기상,<기상>::남해고속도로::서영암IC::서영암IC::종점방향::::강우 서영암IC → 서영암IC 남해선(영암-순천) 종점 ,126.5286,34.7572,3380052700,2025-10-26 15:56,Sunday,주말
2025-10-26 8:12,경찰청,국가지원지방도,31.0,해운대로,,교통사고,사고,<사고>::해운대로::올림픽교차로::우동10812::1차로::주의운전::교통사고 ,129.139316,35.168414,1380033601,2025-10-26 8:42,Sunday,주말
2025-10-26 9:37,경찰청,고속국도,1.0,경부고속도로,서울 방향,교통사고,사고,<사고>::경부고속도로::양재IC::서초IC::5차로::추돌사고 경부고속도로 양재IC→서초IC 서울 방향 ,127.03232,37.471721,1210002900,2025-10-26 10:07,Sunday,주말
2025-10-27 10:43,한국도로공사,고속국도,50.0,영동고속도로,강릉 방향,공사,작업,(2차로)차선도색작업중,128.2711,37.5219,2580547300,-,Monday,평일
2025-10-27 13:37,한국도로공사,고속국도,55.0,중앙고속도로,춘천 방향,공사,작업,(2차로)이동차선도색작업중,127.927,37.3271,2510007711,-,Monday,평일
2025-10-27 20:52,경찰청,고속국도,110.0,제2경인고속도로,인천 방향,공사,작업,<공사>::제2경인고속도로::남동IC서측::미추홀구연수구::기점방향::1차로::작업 남동IC서측 → 미추홀구연수구 제2경인선 기점 ,126.7021,37.4335,1640320400,2025-10-27 21:22,Monday,평일
2025-10-27 21:10,한국도로공사,고속국도,50.0,영동고속도로,강릉 방향,공사,작업,(진출로2차로)노면보수작업중,126.9908,37.3186,2007022500,-,Monday,평일
2025-10-27 21:21,한국도로공사,고속국도,29.0,세종포천고속도로,포천 방향,기타돌발,고장,(3차로)화물차고장처리중,127.1813,37.4565,-,-,Monday,평일
2025-10-27 21:30,경찰청,고속국도,120.0,경인고속도로,인천 방향,교통사고,사고,<사고>::경인고속도로::부천IC서측::서운JC동측::기점방향::::사고 부천IC서측 → 서운JC동측 경인선 기점 ,126.7429,37.524,2420062100,2025-10-27 22:00,Monday,평일
2025-10-27 21:33,한국도로공사,고속국도,100.0,수도권제1순환고속도로,판교-구리 방향,공사,작업,"(1,2차로)시설물(가로등)점검작업중",126.8161,37.4378,2240021300,-,Monday,평일
2025-10-27 8:30,경찰청,고속국도,10.0,남해고속도로,영암 방향,공사,작업,<공사>::남해고속도로::진교IC::하동IC::기점방향::2차로::작업 진교IC → 하동IC 남해선(순천-부산) 기점 ,127.8711,35.031,3940006501,2025-10-27 9:00,Monday,평일
2025-10-27 9:54,한국도로공사,고속국도,35.0,통영대전고속도로,대전 방향,재난,강풍,"강풍""주의""",127.4528,36.2803,1830181100,-,Monday,평일
2025-10-28 11:03,경찰청,시군도,0.0,공원대로,,공사,작업,<공사>::공원로::공원터널::중원청소년수련관사거::2차로::주의운전::유지보수 ,127.15362,37.431166,2050015300,2025-10-28 18:00,Tuesday,평일
2025-10-28 11:36,경찰청,고속국도,20.0,익산포항고속도로,익산 방향,교통사고,사고,<사고>::새만금포항고속도로::영천시경산시::와촌터널::기점방향::1차로::장애물 영천시경산시 → 와촌터널 대구포항선 기점 ,128.8195,35.962,3600749700,2025-10-28 12:06,Tuesday,평일
2025-10-28 13:09,한국도로공사,고속국도,15.0,서해안고속도로,목포 방향,기타돌발,차량증가/정체,차량증가/정체,126.8979,37.4333,2130001401,-,Tuesday,평일
2025-10-28 13:32,한국도로공사,고속국도,15.0,서해안고속도로,서울 방향,공사,작업,(1차로)휘도측정이동작업중,126.5655,36.7852,2890006801,-,Tuesday,평일
2025-10-28 14:39,경찰청,도시고속국도,70.0,강변북대로,,교통사고,사고,"<사고>::강변북로::한남대교::반포대교::2,3차로::::교통사고  서울청",126.997715,37.520893,1020000902,2025-10-28 15:09,Tuesday,평일
2025-10-28 16:39,한국도로공사,고속국도,10.0,남해고속도로,순천 방향,기타돌발,차량증가/정체,차량증가/정체,128.9697,35.2193,1410018100,-,Tuesday,평일
2025-10-28 17:28,경찰청,고속국도,1.0,경부고속도로,부산 방향,교통사고,사고,<사고>::경부고속도로::천안JC::천안JC::기점방향::::고장 천안JC → 천안JC 경부선 기점 ,127.179,36.7718,3010163400,2025-10-28 17:58,Tuesday,평일
2025-10-28 18:27,경찰청,고속국도,35.0,중부고속도로,하남 방향,교통사고,사고,<사고>::중부고속도로::증평IC::진천IC::종점방향::2차로::사고 증평IC → 진천IC 중부선 종점 ,127.5074,36.7962,2790616300,2025-10-28 18:57,Tuesday,평일
2025-10-28 20:58,한국도로공사,고속국도,100.0,수도권제1순환고속도로,판교-일산 방향,공사,작업,"의정부(43.1K)-사패산터널(49K)(3,4차로)노면보수작업중",127.1205,37.6545,2220045700,-,Tuesday,평일
2025-10-28 21:14,경찰청,고속국도,50.0,영동고속도로,강릉 방향,공사,작업,<공사>::영동고속도로::용인IC서측::용인IC동측::종점방향::4차로::작업 용인IC서측 → 용인IC동측 영동선 종점 ,127.2046,37.2588,2430218700,2025-10-28 21:44,Tuesday,평일
2025-10-28 8:04,한국도로공사,고속국도,25.0,호남고속도로,순천 방향,공사,작업,(갓길)교량하부보수작업중,126.999,35.7711,3110009900,-,Tuesday,평일
2025-10-28 8:27,한국도로공사,고속국도,253.0,고창담양고속도로,고창 방향,공사,작업,(2차로)터널내시설물보수작업중,126.8028,35.3313,3420028600,-,Tuesday,평일
2025-10-28 9:16,경찰청,고속국도,55.0,중앙고속도로,춘천 방향,공사,작업,<공사>::중앙고속도로::남원주IC::만종육교::종점방향::2차로::작업 남원주IC → 만종육교 중앙선 종점 ,127.907,37.3565,2510032001,2025-10-28 9:46,Tuesday,평일
2025-10-29 10:53,경찰청,도시고속국도,61.0,동부간선도대로,의정부 방향,공사,작업,<공사>::동부간선도로::노원지하차도북측::상계지하차도남측::1차로::시설물보수 동부간선로 창동교→상계교 의정부 방향 ,127.052451,37.66122,1100004201,2025-10-29 11:23,Wednesday,평일
2025-10-29 11:52,경찰청,고속국도,10.0,남해고속도로,부산 방향,교통사고,사고,<사고>::남해고속도로::조성1터널::조성2터널::종점방향::::고장 조성1터널 → 조성2터널 남해선(영암-순천) 종점 ,127.2381,34.8285,3330051600,2025-10-29 12:22,Wednesday,평일
2025-10-29 14:30,경찰청,고속국도,12.0,광주대구고속도로,광주 방향,교통사고,사고,<사고>::광주대구고속도로::살피재터널서측::거창IC북측::기점방향::2차로::장애물 살피재터널서측 → 거창IC북측 광주대구선 기점 ,127.942,35.6851,3970011601,2025-10-29 15:00,Wednesday,평일
2025-10-29 16:15,경찰청,고속국도,1.0,경부고속도로,서울 방향,교통사고,사고,<사고>::경부고속도로::서화천교서측::증약터널동측::종점방향::::고장 서화천교서측 → 증약터널동측 경부선 종점 ,127.5375,36.3303,2760275600,2025-10-29 16:45,Wednesday,평일
2025-10-29 6:41,한국도로공사,고속국도,100.0,수도권제1순환고속도로,판교-구리 방향,기타돌발,차량증가/정체,차량증가/정체,127.1807,37.5172,2270002301,-,Wednesday,평일
2025-10-29 7:24,한국도로공사,고속국도,55.0,중앙고속도로,부산 방향,공사,작업,(2차로)교면재포장작업중,128.1445,37.1309,2730018703,-,Wednesday,평일
2025-10-29 8:02,경찰청,특별광역시도,0.0,동천대로,,공사,작업,<공사>::동천로::아이미소어린이집::원광산업::1차로::주의운전::도로공사 ,126.978524,35.929741,3080191300,2025-10-29 8:32,Wednesday,평일
2025-10-29 8:26,경찰청,고속국도,12.0,광주대구고속도로,대구 방향,공사,작업,<공사>::광주대구고속도로::남원시순창군::옥택천2교서측::종점방향::1차로::작업 남원시순창군 → 옥택천2교서측 광주대구선 종점 ,127.2277,35.3834,3100529200,2025-10-29 8:56,Wednesday,평일
2025-10-29 8:27,한국도로공사,고속국도,20.0,익산장수선,장수 방향,공사,작업,(갓길)긴급패칭작업중,127.5801,35.7158,3150039000,-,Wednesday,평일
2025-10-30 14:14,경찰청,고속국도,100.0,서울외곽순환고속도로,서울 방향,공사,작업,<공사>::서울외곽순환고속도로::계양IC남측::서운JC북측::종점방향::6차로::작업 계양IC남측 → 서운JC북측 수도권제1순환선 종점 ,126.7512,37.5355,1670002900,2025-10-30 14:44,Thursday,평일
2025-10-30 17:07,경찰청,고속국도,25.0,호남고속도로,순천 방향,교통사고,사고,<사고>::호남고속도로::광산IC::광산IC::기점방향::2차로::사고 광산IC → 광산IC 호남선 기점 ,126.8274,35.2197,1790018400,2025-10-30 17:14,Thursday,평일
2025-10-30 21:11,한국도로공사,고속국도,45.0,중부내륙고속도로,양평 방향,공사,작업,(1차로)터널제트팬점검및방재시설점검작업중,127.844,37.0164,2720034502,-,Thursday,평일
2025-10-30 8:18,한국도로공사,고속국도,15.0,서해안고속도로,목포 방향,기타돌발,장애물,(1차로)동물사체처리중,126.4833,35.173,3400130200,-,Thursday,평일
2025-10-30 8:20,경찰청,고속국도,30.0,당진영덕고속도로,당진 방향,공사,작업,<공사>::당진영덕고속도로::당진영덕고속도로310::영덕터널동측::기점방향::2차로::작업 당진영덕고속도로310 → 영덕터널동측 청주영덕선 기점 ,129.3443,36.3804,3650221000,2025-10-30 8:50,Thursday,평일
2025-10-31 10:29,경찰청,고속국도,35.0,중부고속도로,하남 방향,교통사고,사고,<사고>::중부고속도로::오창JC동측::중부선교량::종점방향::1차로::사고 오창JC동측 → 중부선교량 중부선 종점 ,127.4707,36.7469,2840275900,2025-10-31 10:59,Friday,평일
2025-10-31 11:13,한국도로공사,고속국도,25.0,호남고속도로,논산 방향,공사,작업,(1차로)시설물보수작업중,127.011,35.784,3110349700,-,Friday,평일
2025-10-31 13:37,국도통합센터,일반국도,1.0,국도1호선,목포 방향,교통사고,추돌사고,,126.842479,35.199798,1790015901,2025-10-31 14:11,Friday,평일
2025-10-31 13:46,한국도로공사,고속국도,35.0,중부고속도로,하남 방향,기타돌발,차량증가/정체,차량증가/정체,127.4917,36.8264,2790616400,-,Friday,평일
2025-10-31 16:16,경찰청,고속국도,25.0,호남고속도로,순천 방향,교통사고,사고,<사고>::호남고속도로::논산JC::여산휴게소::기점방향::::고장 논산JC → 여산휴게소 호남선 기점 ,127.1021,36.0745,3080422100,2025-10-31 16:46,Friday,평일
2025-10-31 18:50,한국도로공사,고속국도,55.0,중앙고속도로,부산 방향,교통사고,사고,(2차로)승용차추돌사고처리중,128.9827,35.2618,3850037211,-,Friday,평일
2025-10-31 7:51,경찰청,고속국도,50.0,영동고속도로,강릉 방향,공사,작업,<공사>::영동고속도로::평창IC::평창휴게소::종점방향::2차로::작업 평창IC → 평창휴게소 영동선 종점 ,128.4102,37.5853,2600024002,2025-10-31 8:21,Friday,평일
